Label,Data1,Altitude,Velocity,Vertical Velocity,PT Pressure,PS Pressure,PT Temperature,PS Temperature,Sensor Status,END,
="2025-09-30 오전 10:03:12",="29",="4.92713",="12.43246",="-0.004588531",="10136554",="10137174",="23.93271",="23.94553",="0",PacketEnd
="2025-09-30 오전 10:03:12",="32",="4.927085",="12.43246",="-0.004762899",="10136554",="10137174",="23.93274",="23.94561",="0",PacketEnd
="2025-09-30 오전 10:03:12",="35",="4.927042",="12.43246",="-0.004917883",="10136554",="10137174",="23.93281",="23.94564",="0",PacketEnd
="2025-09-30 오전 10:03:12",="38",="4.927004",="12.42532",="-0.005004071",="10136555",="10137174",="23.93284",="23.9457",="0",PacketEnd
="2025-09-30 오전 10:03:12",="41",="4.92697",="12.42532",="-0.004994254",="10136555",="10137174",="23.9329",="23.94573",="0",PacketEnd
="2025-09-30 오전 10:03:12",="44",="4.926938",="12.42532",="-0.004907947",="10136555",="10137174",="23.93293",="23.94579",="0",PacketEnd
="2025-09-30 오전 10:03:12",="47",="4.926907",="12.42532",="-0.004764513",="10136555",="10137174",="23.93303",="23.94583",="0",PacketEnd
="2025-09-30 오전 10:03:12",="50",="4.926871",="12.42532",="-0.004618347",="10136555",="10137174",="23.93307",="23.94591",="0",PacketEnd
="2025-09-30 오전 10:03:12",="53",="4.926833",="12.42532",="-0.004510779",="10136555",="10137174",="23.93316",="23.94595",="0",PacketEnd
="2025-09-30 오전 10:03:12",="56",="4.926793",="12.43246",="-0.004460603",="10136555",="10137175",="23.9332",="23.94602",="0",PacketEnd
="2025-09-30 오전 10:03:12",="59",="4.926753",="12.43246",="-0.00447554",="10136555",="10137175",="23.93326",="23.94606",="0",PacketEnd
="2025-09-30 오전 10:03:12",="62",="4.926714",="12.43246",="-0.004517113",="10136555",="10137175",="23.9333",="23.94612",="0",PacketEnd
="2025-09-30 오전 10:03:12",="65",="4.926677",="12.43246",="-0.004553936",="10136555",="10137175",="23.93338",="23.94616",="0",PacketEnd
="2025-09-30 오전 10:03:13",="68",="4.926644",="12.43246",="-0.004554112",="10136555",="10137175",="23.93342",="23.9462",="0",PacketEnd
="2025-09-30 오전 10:03:13",="71",="4.926613",="12.43246",="-0.004502182",="10136555",="10137175",="23.9335",="23.94623",="0",PacketEnd
="2025-09-30 오전 10:03:13",="74",="4.926584",="12.43246",="-0.004403615",="10136555",="10137175",="23.93354",="23.94629",="0",PacketEnd
="2025-09-30 오전 10:03:13",="77",="4.926556",="12.43246",="-0.004270314",="10136555",="10137175",="23.93365",="23.94632",="0",PacketEnd
="2025-09-30 오전 10:03:13",="80",="4.926523",="12.42532",="-0.004148615",="10136555",="10137174",="23.9337",="23.9464",="0",PacketEnd
="2025-09-30 오전 10:03:13",="83",="4.926487",="12.42532",="-0.004067091",="10136555",="10137174",="23.93379",="23.94644",="0",PacketEnd
="2025-09-30 오전 10:03:13",="86",="4.926449",="12.43246",="-0.00404625",="10136555",="10137175",="23.93384",="23.94651",="0",PacketEnd
="2025-09-30 오전 10:03:13",="89",="4.92641",="12.43246",="-0.004088559",="10136555",="10137175",="23.93392",="23.94654",="0",PacketEnd
="2025-09-30 오전 10:03:13",="92",="4.926373",="12.43246",="-0.004157807",="10136555",="10137175",="23.93397",="23.9466",="0",PacketEnd
="2025-09-30 오전 10:03:13",="95",="4.926338",="12.43246",="-0.004221507",="10136555",="10137175",="23.93406",="23.94664",="0",PacketEnd
="2025-09-30 오전 10:03:13",="98",="4.926306",="12.43246",="-0.004246091",="10136555",="10137175",="23.9341",="23.94669",="0",PacketEnd
="2025-09-30 오전 10:03:13",="101",="4.926275",="12.43246",="-0.004223084",="10136555",="10137175",="23.93418",="23.94672",="0",PacketEnd
="2025-09-30 오전 10:03:13",="104",="4.926244",="12.43246",="-0.004166329",="10136555",="10137175",="23.93422",="23.94678",="0",PacketEnd
="2025-09-30 오전 10:03:13",="107",="4.926212",="12.43246",="-0.004093406",="10136555",="10137175",="23.93431",="23.94682",="0",PacketEnd
="2025-09-30 오전 10:03:13",="110",="4.926176",="12.43246",="-0.004048861",="10136555",="10137175",="23.93436",="23.94691",="0",PacketEnd
="2025-09-30 오전 10:03:13",="113",="4.926136",="12.43246",="-0.004055979",="10136555",="10137175",="23.93444",="23.94695",="0",PacketEnd
="2025-09-30 오전 10:03:13",="116",="4.926094",="12.43246",="-0.004120319",="10136555",="10137175",="23.93447",="23.94703",="0",PacketEnd
="2025-09-30 오전 10:03:13",="119",="4.926052",="12.43246",="-0.004235826",="10136555",="10137175",="23.93455",="23.94706",="0",PacketEnd
="2025-09-30 오전 10:03:13",="122",="4.926013",="12.43246",="-0.004357839",="10136555",="10137175",="23.93459",="23.94712",="0",PacketEnd
="2025-09-30 오전 10:03:13",="125",="4.925976",="12.43246",="-0.004448728",="10136555",="10137175",="23.93465",="23.94715",="0",PacketEnd
="2025-09-30 오전 10:03:13",="128",="4.925944",="12.43246",="-0.004477796",="10136555",="10137175",="23.93468",="23.9472",="0",PacketEnd
="2025-09-30 오전 10:03:13",="131",="4.925913",="12.43246",="-0.004434984",="10136555",="10137175",="23.93474",="23.94723",="0",PacketEnd
="2025-09-30 오전 10:03:13",="134",="4.925883",="12.43246",="-0.004347501",="10136555",="10137175",="23.93476",="23.94729",="0",PacketEnd
="2025-09-30 오전 10:03:13",="137",="4.925852",="12.43246",="-0.004236965",="10136555",="10137175",="23.93484",="23.94734",="0",PacketEnd
="2025-09-30 오전 10:03:13",="140",="4.925815",="12.43246",="-0.004155873",="10136555",="10137175",="23.93488",="23.94742",="0",PacketEnd
="2025-09-30 오전 10:03:13",="143",="4.925776",="12.43246",="-0.004134339",="10136555",="10137175",="23.93495",="23.94747",="0",PacketEnd
="2025-09-30 오전 10:03:13",="146",="4.925732",="12.43246",="-0.004183894",="10136555",="10137175",="23.93497",="23.94755",="0",PacketEnd
="2025-09-30 오전 10:03:13",="149",="4.925688",="12.43246",="-0.004304041",="10136555",="10137175",="23.93503",="23.94758",="0",PacketEnd
="2025-09-30 오전 10:03:13",="152",="4.925647",="12.43246",="-0.004442303",="10136555",="10137175",="23.93506",="23.94765",="0",PacketEnd
="2025-09-30 오전 10:03:13",="155",="4.925609",="12.43246",="-0.004556172",="10136555",="10137175",="23.93511",="23.94768",="0",PacketEnd
="2025-09-30 오전 10:03:13",="158",="4.925578",="12.43246",="-0.00459374",="10136555",="10137175",="23.93514",="23.94772",="0",PacketEnd
="2025-09-30 오전 10:03:13",="161",="4.925549",="12.43246",="-0.004539257",="10136555",="10137175",="23.93519",="23.94775",="0",PacketEnd
="2025-09-30 오전 10:03:13",="164",="4.92552",="12.43246",="-0.004420593",="10136555",="10137175",="23.93522",="23.94781",="0",PacketEnd
="2025-09-30 오전 10:03:13",="167",="4.925491",="12.43246",="-0.004264911",="10136555",="10137175",="23.9353",="23.94784",="0",PacketEnd
="2025-09-30 오전 10:03:14",="170",="4.925457",="12.4396",="-0.004132656",="10136555",="10137176",="23.93534",="23.94792",="0",PacketEnd
="2025-09-30 오전 10:03:14",="173",="4.925421",="12.4396",="-0.004058931",="10136555",="10137176",="23.93542",="23.94796",="0",PacketEnd
="2025-09-30 오전 10:03:14",="176",="4.925382",="12.4396",="-0.004050713",="10136555",="10137176",="23.93545",="23.94804",="0",PacketEnd
="2025-09-30 오전 10:03:14",="179",="4.925342",="12.42532",="-0.004111434",="10136556",="10137176",="23.93552",="23.94807",="0",PacketEnd
="2025-09-30 오전 10:03:14",="182",="4.925303",="12.41817",="-0.004200915",="10136557",="10137176",="23.93556",="23.94814",="0",PacketEnd
="2025-09-30 오전 10:03:14",="185",="4.925267",="12.41102",="-0.004284563",="10136558",="10137176",="23.93563",="23.94816",="0",PacketEnd
="2025-09-30 오전 10:03:14",="188",="4.925237",="12.41102",="-0.004321376",="10136558",="10137176",="23.93567",="23.9482",="0",PacketEnd
="2025-09-30 오전 10:03:14",="191",="4.92521",="12.3967",="-0.004278976",="10136559",="10137176",="23.93574",="23.94822",="0",PacketEnd
="2025-09-30 오전 10:03:14",="194",="4.925185",="12.38953",="-0.004168912",="10136560",="10137176",="23.93578",="23.94827",="0",PacketEnd
="2025-09-30 오전 10:03:14",="197",="4.92516",="12.38953",="-0.004006457",="10136560",="10137176",="23.93587",="23.94831",="0",PacketEnd
="2025-09-30 오전 10:03:14",="200",="4.925132",="12.38953",="-0.003840284",="10136560",="10137176",="23.93592",="23.94837",="0",PacketEnd
="2025-09-30 오전 10:03:14",="203",="4.925101",="12.38953",="-0.003721873",="10136560",="10137176",="23.93601",="23.9484",="0",PacketEnd
="2025-09-30 오전 10:03:14",="206",="4.925068",="12.38953",="-0.003662082",="10136560",="10137176",="23.93605",="23.94847",="0",PacketEnd
="2025-09-30 오전 10:03:14",="209",="4.925034",="12.38953",="-0.003667418",="10136560",="10137176",="23.93612",="23.9485",="0",PacketEnd
="2025-09-30 오전 10:03:14",="212",="4.925003",="12.38953",="-0.003707601",="10136560",="10137176",="23.93616",="23.94855",="0",PacketEnd
="2025-09-30 오전 10:03:14",="215",="4.924973",="12.38953",="-0.003737899",="10136560",="10137176",="23.93622",="23.94857",="0",PacketEnd
="2025-09-30 오전 10:03:14",="218",="4.924945",="12.38953",="-0.003740084",="10136560",="10137176",="23.93625",="23.94861",="0",PacketEnd
="2025-09-30 오전 10:03:14",="221",="4.924921",="12.38953",="-0.003691667",="10136560",="10137176",="23.93631",="23.94864",="0",PacketEnd
="2025-09-30 오전 10:03:14",="224",="4.924894",="12.38953",="-0.003611886",="10136560",="10137176",="23.93634",="23.9487",="0",PacketEnd
="2025-09-30 오전 10:03:14",="227",="4.924865",="12.38953",="-0.003535889",="10136560",="10137176",="23.93642",="23.94875",="0",PacketEnd
="2025-09-30 오전 10:03:14",="230",="4.924829",="12.38953",="-0.003509884",="10136560",="10137176",="23.93646",="23.94883",="0",PacketEnd
="2025-09-30 오전 10:03:14",="233",="4.924788",="12.38953",="-0.003569553",="10136560",="10137176",="23.93654",="23.94888",="0",PacketEnd
="2025-09-30 오전 10:03:14",="236",="4.924744",="12.38953",="-0.003717403",="10136560",="10137176",="23.93657",="23.94897",="0",PacketEnd
="2025-09-30 오전 10:03:14",="239",="4.924697",="12.3967",="-0.003938868",="10136559",="10137176",="23.93664",="23.94901",="0",PacketEnd
="2025-09-30 오전 10:03:14",="242",="4.924653",="12.41102",="-0.004181934",="10136558",="10137176",="23.93667",="23.94909",="0",PacketEnd
="2025-09-30 오전 10:03:14",="245",="4.92461",="12.41817",="-0.004404332",="10136557",="10137176",="23.93673",="23.94912",="0",PacketEnd
="2025-09-30 오전 10:03:14",="248",="4.92457",="12.41817",="-0.004570889",="10136557",="10137176",="23.93676",="23.94918",="0",PacketEnd
="2025-09-30 오전 10:03:14",="251",="4.924532",="12.42532",="-0.004659735",="10136556",="10137176",="23.93681",="23.94922",="0",PacketEnd
="2025-09-30 오전 10:03:14",="254",="4.924495",="12.4396",="-0.004684409",="10136555",="10137176",="23.93684",="23.9493",="0",PacketEnd
="2025-09-30 오전 10:03:14",="1",="4.924454",="12.4396",="-0.004680407",="10136555",="10137176",="23.93691",="23.94936",="0",PacketEnd
="2025-09-30 오전 10:03:14",="4",="4.924409",="12.4396",="-0.004692334",="10136555",="10137176",="23.93694",="23.94946",="0",PacketEnd
="2025-09-30 오전 10:03:14",="7",="4.92436",="12.4396",="-0.004760813",="10136555",="10137176",="23.93701",="23.94951",="0",PacketEnd
="2025-09-30 오전 10:03:14",="10",="4.924307",="12.42532",="-0.004898542",="10136556",="10137176",="23.93704",="23.94961",="0",PacketEnd
="2025-09-30 오전 10:03:15",="13",="4.924255",="12.41817",="-0.005085134",="10136557",="10137176",="23.93709",="23.94966",="0",PacketEnd
="2025-09-30 오전 10:03:15",="16",="4.924205",="12.41817",="-0.005279098",="10136557",="10137176",="23.93712",="23.94973",="0",PacketEnd
="2025-09-30 오전 10:03:15",="19",="4.92416",="12.3967",="-0.005428845",="10136559",="10137176",="23.93717",="23.94976",="0",PacketEnd
="2025-09-30 오전 10:03:15",="22",="4.924121",="12.3967",="-0.005487167",="10136559",="10137176",="23.9372",="23.94981",="0",PacketEnd
="2025-09-30 오전 10:03:15",="25",="4.924088",="12.38236",="-0.005433721",="10136561",="10137176",="23.93726",="23.94985",="0",PacketEnd
="2025-09-30 오전 10:03:15",="28",="4.924054",="12.37519",="-0.005290701",="10136562",="10137176",="23.93728",="23.94992",="0",PacketEnd
="2025-09-30 오전 10:03:15",="31",="4.924899",="12.37519",="-0.002461479",="10136563",="10137177",="23.93736",="23.94997",="0",PacketEnd
="2025-09-30 오전 10:03:15",="34",="4.926179",="12.36801",="0.007410559",="10136564",="10137177",="23.9374",="23.95006",="0",PacketEnd
="2025-09-30 오전 10:03:15",="37",="4.927456",="12.36082",="0.02292143",="10136565",="10137177",="23.93748",="23.9501",="0",PacketEnd
="2025-09-30 오전 10:03:15",="40",="4.928729",="12.36082",="0.04296565",="10136565",="10137177",="23.93752",="23.9502",="0",PacketEnd
="2025-09-30 오전 10:03:15",="43",="4.92912",="12.36082",="0.06138292",="10136565",="10137177",="23.93758",="23.95025",="0",PacketEnd
="2025-09-30 오전 10:03:15",="46",="4.929075",="12.36801",="0.0686615",="10136565",="10137178",="23.93761",="23.95031",="0",PacketEnd
="2025-09-30 오전 10:03:15",="49",="4.929031",="12.36801",="0.06697243",="10136565",="10137178",="23.93768",="23.95035",="0",PacketEnd
="2025-09-30 오전 10:03:15",="52",="4.928995",="12.36801",="0.05808006",="10136565",="10137178",="23.93771",="23.95039",="0",PacketEnd
="2025-09-30 오전 10:03:15",="55",="4.928964",="12.36801",="0.04605011",="10136565",="10137178",="23.93778",="23.95042",="0",PacketEnd
="2025-09-30 오전 10:03:15",="58",="4.928933",="12.36801",="0.03641165",="10136565",="10137178",="23.93781",="23.95048",="0",PacketEnd
="2025-09-30 오전 10:03:15",="61",="4.928899",="12.36801",="0.02868201",="10136565",="10137178",="23.93789",="23.95054",="0",PacketEnd
="2025-09-30 오전 10:03:15",="64",="4.928861",="12.36082",="0.02244044",="10136566",="10137178",="23.93793",="23.95062",="0",PacketEnd
="2025-09-30 오전 10:03:15",="67",="4.928819",="12.36082",="0.01734449",="10136566",="10137178",="23.93801",="23.95067",="0",PacketEnd
="2025-09-30 오전 10:03:15",="70",="4.928774",="12.36801",="0.01314808",="10136566",="10137179",="23.93804",="23.95075",="0",PacketEnd
="2025-09-30 오전 10:03:15",="73",="4.928729",="12.36801",="0.009676692",="10136566",="10137179",="23.9381",="23.95079",="0",PacketEnd
="2025-09-30 오전 10:03:15",="76",="4.928689",="12.36801",="0.006841428",="10136566",="10137179",="23.93813",="23.95084",="0",PacketEnd
="2025-09-30 오전 10:03:15",="79",="4.928654",="12.36801",="0.004572271",="10136566",="10137179",="23.93819",="23.95087",="0",PacketEnd
="2025-09-30 오전 10:03:15",="82",="4.928624",="12.36801",="0.002806012",="10136566",="10137179",="23.93822",="23.95092",="0",PacketEnd
="2025-09-30 오전 10:03:15",="85",="4.928595",="12.35363",="0.001472131",="10136567",="10137179",="23.93828",="23.95095",="0",PacketEnd
="2025-09-30 오전 10:03:15",="88",="4.928559",="12.35363",="0.0004428371",="10136567",="10137179",="23.9383",="23.95106",="0",PacketEnd
="2025-09-30 오전 10:03:15",="91",="4.928518",="12.35363",="-0.0004024982",="10136567",="10137179",="23.93839",="23.95111",="0",PacketEnd
="2025-09-30 오전 10:03:15",="94",="4.928469",="12.36082",="-0.001173039",="10136567",="10137180",="23.93843",="23.95121",="0",PacketEnd
="2025-09-30 오전 10:03:15",="97",="4.928416",="12.36082",="-0.001928123",="10136567",="10137180",="23.93851",="23.95127",="0",PacketEnd
="2025-09-30 오전 10:03:15",="100",="4.928361",="12.36082",="-0.002663951",="10136567",="10137180",="23.93854",="23.95137",="0",PacketEnd
="2025-09-30 오전 10:03:15",="103",="4.928305",="12.36082",="-0.003355301",="10136567",="10137180",="23.9386",="23.95143",="0",PacketEnd
="2025-09-30 오전 10:03:15",="106",="4.928251",="12.36082",="-0.00395919",="10136567",="10137180",="23.93863",="23.95152",="0",PacketEnd
="2025-09-30 오전 10:03:15",="109",="4.928201",="12.36082",="-0.004443193",="10136567",="10137180",="23.9387",="23.95155",="0",PacketEnd
="2025-09-30 오전 10:03:16",="112",="4.928155",="12.36082",="-0.004792459",="10136567",="10137180",="23.93873",="23.95163",="0",PacketEnd
="2025-09-30 오전 10:03:16",="115",="4.928111",="12.36082",="-0.005011844",="10136567",="10137180",="23.93879",="23.95168",="0",PacketEnd
="2025-09-30 오전 10:03:16",="118",="4.928063",="12.36082",="-0.005139766",="10136567",="10137180",="23.93882",="23.9518",="0",PacketEnd
="2025-09-30 오전 10:03:16",="121",="4.92801",="12.36082",="-0.005240623",="10136567",="10137180",="23.93891",="23.95186",="0",PacketEnd
="2025-09-30 오전 10:03:16",="124",="4.927951",="12.35363",="-0.005382083",="10136567",="10137179",="23.93896",="23.95197",="0",PacketEnd
="2025-09-30 오전 10:03:16",="127",="4.92789",="12.35363",="-0.005584439",="10136567",="10137179",="23.93904",="23.95203",="0",PacketEnd
="2025-09-30 오전 10:03:16",="130",="4.927828",="12.35363",="-0.00583893",="10136567",="10137179",="23.93907",="23.95215",="0",PacketEnd
="2025-09-30 오전 10:03:16",="133",="4.927768",="12.35363",="-0.006104027",="10136567",="10137179",="23.93914",="23.9522",="0",PacketEnd
="2025-09-30 오전 10:03:16",="136",="4.927713",="12.35363",="-0.006313976",="10136567",="10137179",="23.93918",="23.95226",="0",PacketEnd
="2025-09-30 오전 10:03:16",="139",="4.927667",="12.35363",="-0.006421595",="10136567",="10137179",="23.93926",="23.95229",="0",PacketEnd
="2025-09-30 오전 10:03:16",="142",="4.927629",="12.35363",="-0.006383092",="10136567",="10137179",="23.93929",="23.95235",="0",PacketEnd
="2025-09-30 오전 10:03:16",="145",="4.927598",="12.35363",="-0.006191439",="10136567",="10137179",="23.93936",="23.95238",="0",PacketEnd
="2025-09-30 오전 10:03:16",="148",="4.927565",="12.35363",="-0.005894902",="10136567",="10137179",="23.93939",="23.95246",="0",PacketEnd
="2025-09-30 오전 10:03:16",="151",="4.927528",="12.35363",="-0.005574175",="10136567",="10137179",="23.93947",="23.9525",="0",PacketEnd
="2025-09-30 오전 10:03:16",="154",="4.927489",="12.35363",="-0.005307508",="10136567",="10137179",="23.9395",="23.95258",="0",PacketEnd
="2025-09-30 오전 10:03:16",="157",="4.927447",="12.35363",="-0.00513625",="10136567",="10137179",="23.93958",="23.95262",="0",PacketEnd
="2025-09-30 오전 10:03:16",="160",="4.927404",="12.35363",="-0.005058515",="10136567",="10137179",="23.93961",="23.9527",="0",PacketEnd
="2025-09-30 오전 10:03:16",="163",="4.927362",="12.34644",="-0.005037105",="10136568",="10137179",="23.93967",="23.95273",="0",PacketEnd
="2025-09-30 오전 10:03:16",="166",="4.927325",="12.33924",="-0.005020052",="10136569",="10137179",="23.93971",="23.95278",="0",PacketEnd
="2025-09-30 오전 10:03:16",="169",="4.927294",="12.33924",="-0.004960835",="10136569",="10137179",="23.93978",="23.9528",="0",PacketEnd
="2025-09-30 오전 10:03:16",="172",="4.927269",="12.33924",="-0.004820381",="10136569",="10137179",="23.9398",="23.95283",="0",PacketEnd
="2025-09-30 오전 10:03:16",="175",="4.927248",="12.33924",="-0.004594492",="10136569",="10137179",="23.93985",="23.95285",="0",PacketEnd
="2025-09-30 오전 10:03:16",="178",="4.927226",="12.33924",="-0.004310164",="10136569",="10137179",="23.93988",="23.95291",="0",PacketEnd
="2025-09-30 오전 10:03:16",="181",="4.927202",="12.33924",="-0.004024507",="10136569",="10137179",="23.93995",="23.95294",="0",PacketEnd
="2025-09-30 오전 10:03:16",="184",="4.927173",="12.33924",="-0.003797081",="10136569",="10137179",="23.93999",="23.953",="0",PacketEnd
="2025-09-30 오전 10:03:16",="187",="4.927143",="12.33924",="-0.003655483",="10136569",="10137179",="23.94006",="23.95303",="0",PacketEnd
="2025-09-30 오전 10:03:16",="190",="4.927112",="12.33924",="-0.003595554",="10136569",="10137179",="23.94009",="23.95309",="0",PacketEnd
="2025-09-30 오전 10:03:16",="193",="4.927083",="12.33924",="-0.003584903",="10136569",="10137179",="23.94016",="23.95311",="0",PacketEnd
="2025-09-30 오전 10:03:16",="196",="4.927056",="12.33924",="-0.003578439",="10136569",="10137179",="23.94019",="23.95314",="0",PacketEnd
="2025-09-30 오전 10:03:16",="199",="4.927033",="12.33924",="-0.003538133",="10136569",="10137179",="23.94026",="23.95315",="0",PacketEnd
="2025-09-30 오전 10:03:16",="202",="4.927015",="12.33924",="-0.003442266",="10136569",="10137179",="23.94029",="23.95318",="0",PacketEnd
="2025-09-30 오전 10:03:16",="205",="4.926999",="12.33924",="-0.003286287",="10136569",="10137179",="23.94035",="23.95319",="0",PacketEnd
="2025-09-30 오전 10:03:16",="208",="4.926982",="12.34644",="-0.003094892",="10136569",="10137180",="23.94038",="23.95325",="0",PacketEnd
="2025-09-30 오전 10:03:17",="211",="4.926962",="12.34644",="-0.002911494",="10136569",="10137180",="23.94046",="23.95327",="0",PacketEnd
="2025-09-30 오전 10:03:17",="214",="4.926938",="12.34644",="-0.002784029",="10136569",="10137180",="23.9405",="23.95333",="0",PacketEnd
="2025-09-30 오전 10:03:17",="217",="4.92691",="12.34644",="-0.002738782",="10136569",="10137180",="23.94057",="23.95335",="0",PacketEnd
="2025-09-30 오전 10:03:17",="220",="4.926882",="12.34644",="-0.002770398",="10136569",="10137180",="23.9406",="23.95341",="0",PacketEnd
="2025-09-30 오전 10:03:17",="223",="4.926854",="12.34644",="-0.002848633",="10136569",="10137180",="23.94065",="23.95344",="0",PacketEnd
="2025-09-30 오전 10:03:17",="226",="4.926826",="12.34644",="-0.002939521",="10136569",="10137180",="23.94068",="23.95347",="0",PacketEnd
="2025-09-30 오전 10:03:17",="229",="4.926802",="12.34644",="-0.003005237",="10136569",="10137180",="23.94074",="23.95349",="0",PacketEnd
="2025-09-30 오전 10:03:17",="232",="4.926782",="12.34644",="-0.003018888",="10136569",="10137180",="23.94077",="23.95352",="0",PacketEnd
="2025-09-30 오전 10:03:17",="235",="4.926765",="12.34644",="-0.002973891",="10136569",="10137180",="23.94082",="23.95354",="0",PacketEnd
="2025-09-30 오전 10:03:17",="238",="4.926743",="12.34644",="-0.002889062",="10136569",="10137180",="23.94085",="23.95361",="0",PacketEnd
="2025-09-30 오전 10:03:17",="241",="4.926717",="12.34644",="-0.002818412",="10136569",="10137180",="23.94093",="23.95364",="0",PacketEnd
="2025-09-30 오전 10:03:17",="244",="4.926685",="12.34644",="-0.002813135",="10136569",="10137180",="23.94097",="23.95371",="0",PacketEnd
="2025-09-30 오전 10:03:17",="247",="4.926649",="12.34644",="-0.002902522",="10136569",="10137180",="23.94104",="23.95375",="0",PacketEnd
="2025-09-30 오전 10:03:17",="250",="4.926612",="12.34644",="-0.003071813",="10136569",="10137180",="23.94107",="23.95382",="0",PacketEnd
="2025-09-30 오전 10:03:17",="253",="4.926576",="12.34644",="-0.00327483",="10136569",="10137180",="23.94114",="23.95385",="0",PacketEnd
="2025-09-30 오전 10:03:17",="0",="4.926542",="12.35363",="-0.003469252",="10136568",="10137180",="23.94117",="23.9539",="0",PacketEnd
="2025-09-30 오전 10:03:17",="3",="4.926511",="12.35363",="-0.003610326",="10136568",="10137180",="23.94124",="23.95392",="0",PacketEnd
="2025-09-30 오전 10:03:17",="6",="4.926485",="12.35363",="-0.003674778",="10136568",="10137180",="23.94128",="23.95396",="0",PacketEnd
="2025-09-30 오전 10:03:17",="9",="4.92646",="12.35363",="-0.003662087",="10136568",="10137180",="23.94135",="23.95399",="0",PacketEnd
="2025-09-30 오전 10:03:17",="12",="4.92643",="12.35363",="-0.0036071",="10136568",="10137180",="23.94138",="23.95409",="0",PacketEnd
="2025-09-30 오전 10:03:17",="15",="4.926393",="12.35363",="-0.003579136",="10136568",="10137180",="23.94148",="23.95414",="0",PacketEnd
="2025-09-30 오전 10:03:17",="18",="4.926348",="12.35363",="-0.003637806",="10136568",="10137180",="23.94153",="23.95424",="0",PacketEnd
="2025-09-30 오전 10:03:17",="21",="4.926298",="12.35363",="-0.003823504",="10136568",="10137180",="23.94162",="23.95428",="0",PacketEnd
="2025-09-30 오전 10:03:17",="24",="4.926246",="12.35363",="-0.004109821",="10136568",="10137180",="23.94166",="23.95438",="0",PacketEnd
="2025-09-30 오전 10:03:17",="27",="4.926195",="12.34644",="-0.004433732",="10136569",="10137180",="23.94173",="23.95443",="0",PacketEnd
="2025-09-30 오전 10:03:17",="30",="4.926146",="12.34644",="-0.004743977",="10136569",="10137180",="23.94177",="23.9545",="0",PacketEnd
="2025-09-30 오전 10:03:17",="33",="4.926102",="12.34644",="-0.004975746",="10136569",="10137180",="23.94184",="23.95453",="0",PacketEnd
="2025-09-30 오전 10:03:17",="36",="4.926063",="12.34644",="-0.005100741",="10136569",="10137180",="23.94188",="23.95459",="0",PacketEnd
="2025-09-30 오전 10:03:17",="39",="4.926028",="12.34644",="-0.005116781",="10136569",="10137180",="23.94194",="23.95463",="0",PacketEnd
="2025-09-30 오전 10:03:17",="42",="4.925991",="12.34644",="-0.005044746",="10136569",="10137180",="23.94197",="23.95473",="0",PacketEnd
="2025-09-30 오전 10:03:17",="45",="4.925949",="12.34644",="-0.004958212",="10136569",="10137180",="23.94205",="23.95478",="0",PacketEnd
="2025-09-30 오전 10:03:17",="48",="4.925901",="12.34644",="-0.004917436",="10136569",="10137180",="23.9421",="23.95488",="0",PacketEnd
="2025-09-30 오전 10:03:17",="51",="4.925849",="12.34644",="-0.004968015",="10136569",="10137180",="23.94218",="23.95493",="0",PacketEnd
="2025-09-30 오전 10:03:18",="54",="4.925797",="12.34644",="-0.005105068",="10136569",="10137180",="23.94221",="23.95503",="0",PacketEnd
="2025-09-30 오전 10:03:18",="57",="4.925745",="12.34644",="-0.005281158",="10136569",="10137180",="23.94229",="23.95508",="0",PacketEnd
="2025-09-30 오전 10:03:18",="60",="4.925697",="12.36082",="-0.005448205",="10136569",="10137181",="23.94232",="23.95513",="0",PacketEnd
="2025-09-30 오전 10:03:18",="63",="4.925656",="12.36082",="-0.0055385",="10136569",="10137181",="23.94239",="23.95515",="0",PacketEnd
="2025-09-30 오전 10:03:18",="66",="4.925624",="12.36801",="-0.005512541",="10136569",="10137182",="23.94242",="23.95519",="0",PacketEnd
="2025-09-30 오전 10:03:18",="69",="4.925598",="12.36082",="-0.005354146",="10136570",="10137183",="23.94249",="23.95522",="0",PacketEnd
="2025-09-30 오전 10:03:18",="72",="4.926891",="12.37519",="7.719443E-05",="10136570",="10137184",="23.94252",="23.9553",="0",PacketEnd
="2025-09-30 오전 10:03:18",="75",="4.92818",="12.38236",="0.01211755",="10136570",="10137185",="23.9426",="23.95534",="0",PacketEnd
="2025-09-30 오전 10:03:18",="78",="4.929463",="12.38953",="0.02942479",="10136570",="10137186",="23.94264",="23.95542",="0",PacketEnd
="2025-09-30 오전 10:03:18",="81",="4.930743",="12.38953",="0.050926",="10136570",="10137186",="23.94273",="23.95546",="0",PacketEnd
="2025-09-30 오전 10:03:18",="84",="4.930701",="12.38953",="0.06546808",="10136570",="10137186",="23.94276",="23.95554",="0",PacketEnd
="2025-09-30 오전 10:03:18",="87",="4.930659",="12.38953",="0.06958983",="10136570",="10137186",="23.94282",="23.95558",="0",PacketEnd
="2025-09-30 오전 10:03:18",="90",="4.93062",="12.3967",="0.06532373",="10136570",="10137187",="23.94285",="23.95563",="0",PacketEnd
="2025-09-30 오전 10:03:18",="93",="4.930586",="12.3967",="0.05432937",="10136570",="10137187",="23.94291",="23.95565",="0",PacketEnd
="2025-09-30 오전 10:03:18",="96",="4.930556",="12.41102",="0.04309222",="10136570",="10137188",="23.94294",="23.9557",="0",PacketEnd
="2025-09-30 오전 10:03:18",="99",="4.93053",="12.41817",="0.03408654",="10136570",="10137189",="23.943",="23.95573",="0",PacketEnd
="2025-09-30 오전 10:03:18",="102",="4.930941",="12.42532",="0.02777731",="10136570",="10137190",="23.94303",="23.9558",="0",PacketEnd
="2025-09-30 오전 10:03:18",="105",="4.93223",="12.42532",="0.02948782",="10136570",="10137190",="23.9431",="23.95584",="0",PacketEnd
="2025-09-30 오전 10:03:18",="108",="4.933513",="12.43246",="0.03841504",="10136570",="10137191",="23.94314",="23.95592",="0",PacketEnd
="2025-09-30 오전 10:03:18",="111",="4.934793",="12.43246",="0.05313829",="10136570",="10137191",="23.94321",="23.95596",="0",PacketEnd
="2025-09-30 오전 10:03:18",="114",="4.935633",="12.43246",="0.0707416",="10136570",="10137191",="23.94324",="23.95604",="0",PacketEnd
="2025-09-30 오전 10:03:18",="117",="4.935591",="12.43246",="0.07891484",="10136570",="10137191",="23.9433",="23.95608",="0",PacketEnd
="2025-09-30 오전 10:03:18",="120",="4.935553",="12.42532",="0.07793253",="10136570",="10137190",="23.94333",="23.95613",="0",PacketEnd
="2025-09-30 오전 10:03:18",="123",="4.934639",="12.41817",="0.06695104",="10136570",="10137189",="23.94339",="23.95614",="0",PacketEnd
="2025-09-30 오전 10:03:18",="126",="4.933292",="12.41102",="0.04389419",="10136570",="10137188",="23.94342",="23.95618",="0",PacketEnd
="2025-09-30 오전 10:03:18",="129",="4.931949",="12.41102",="0.01699396",="10136570",="10137188",="23.94348",="23.95621",="0",PacketEnd
="2025-09-30 오전 10:03:18",="132",="4.930603",="12.3967",="-0.01224703",="10136570",="10137187",="23.94351",="23.95629",="0",PacketEnd
="2025-09-30 오전 10:03:18",="135",="4.930131",="12.3967",="-0.03815628",="10136570",="10137187",="23.9436",="23.95633",="0",PacketEnd
="2025-09-30 오전 10:03:18",="138",="4.930093",="12.38953",="-0.05158099",="10136570",="10137186",="23.94364",="23.95641",="0",PacketEnd
="2025-09-30 오전 10:03:18",="141",="4.930051",="12.38953",="-0.05496945",="10136570",="10137186",="23.94373",="23.95645",="0",PacketEnd
="2025-09-30 오전 10:03:18",="144",="4.93001",="12.38953",="-0.05024363",="10136570",="10137186",="23.94376",="23.95653",="0",PacketEnd
="2025-09-30 오전 10:03:18",="147",="4.929968",="12.38953",="-0.04156206",="10136570",="10137186",="23.94383",="23.95657",="0",PacketEnd
="2025-09-30 오전 10:03:18",="150",="4.92993",="12.3967",="-0.03456147",="10136570",="10137187",="23.94386",="23.95662",="0",PacketEnd
="2025-09-30 오전 10:03:18",="153",="4.929895",="12.41102",="-0.02886887",="10136570",="10137188",="23.94393",="23.95664",="0",PacketEnd
="2025-09-30 오전 10:03:19",="156",="4.929865",="12.41817",="-0.02420193",="10136570",="10137189",="23.94396",="23.95668",="0",PacketEnd
="2025-09-30 오전 10:03:19",="159",="4.92984",="12.41817",="-0.02034155",="10136570",="10137189",="23.94402",="23.9567",="0",PacketEnd
="2025-09-30 오전 10:03:19",="162",="4.930693",="12.42532",="-0.01449562",="10136570",="10137190",="23.94405",="23.9568",="0",PacketEnd
="2025-09-30 오전 10:03:19",="165",="4.93198",="12.43246",="-0.002175115",="10136570",="10137191",="23.94413",="23.95685",="0",PacketEnd
="2025-09-30 오전 10:03:19",="168",="4.933259",="12.44674",="0.01531598",="10136570",="10137192",="23.94417",="23.95694",="0",PacketEnd
="2025-09-30 오전 10:03:19",="171",="4.934533",="12.44674",="0.03693122",="10136570",="10137192",="23.94425",="23.95698",="0",PacketEnd
="2025-09-30 오전 10:03:19",="174",="4.934922",="12.44674",="0.05655945",="10136570",="10137192",="23.94427",="23.95708",="0",PacketEnd
="2025-09-30 오전 10:03:19",="177",="4.934873",="12.45387",="0.06476621",="10136570",="10137193",="23.94433",="23.95713",="0",PacketEnd
="2025-09-30 오전 10:03:19",="180",="4.934825",="12.45387",="0.0637827",="10136570",="10137193",="23.94435",="23.95719",="0",PacketEnd
="2025-09-30 오전 10:03:19",="183",="4.934783",="12.4396",="0.0554246",="10136572",="10137193",="23.9444",="23.95722",="0",PacketEnd
="2025-09-30 오전 10:03:19",="186",="4.934748",="12.4396",="0.04380703",="10136572",="10137193",="23.94443",="23.95727",="0",PacketEnd
="2025-09-30 오전 10:03:19",="189",="4.934717",="12.4396",="0.03450923",="10136572",="10137193",="23.94447",="23.9573",="0",PacketEnd
="2025-09-30 오전 10:03:19",="192",="4.934684",="12.4396",="0.02708256",="10136572",="10137193",="23.9445",="23.95739",="0",PacketEnd
="2025-09-30 오전 10:03:19",="195",="4.934647",="12.4396",="0.02111983",="10136572",="10137193",="23.94456",="23.95744",="0",PacketEnd
="2025-09-30 오전 10:03:19",="198",="4.934604",="12.4396",="0.01627541",="10136572",="10137193",="23.9446",="23.95753",="0",PacketEnd
="2025-09-30 오전 10:03:19",="201",="4.934557",="12.4396",="0.01227791",="10136572",="10137193",="23.94466",="23.95757",="0",PacketEnd
="2025-09-30 오전 10:03:19",="204",="4.93451",="12.4396",="0.008956155",="10136572",="10137193",="23.94468",="23.95766",="0",PacketEnd
="2025-09-30 오전 10:03:19",="207",="4.934462",="12.4396",="0.006199365",="10136572",="10137193",="23.94474",="23.95771",="0",PacketEnd
="2025-09-30 오전 10:03:19",="210",="4.934416",="12.4396",="0.003936538",="10136572",="10137193",="23.94477",="23.95777",="0",PacketEnd
="2025-09-30 오전 10:03:19",="213",="4.934376",="12.4396",="0.00212879",="10136572",="10137193",="23.94483",="23.95779",="0",PacketEnd
="2025-09-30 오전 10:03:19",="216",="4.934343",="12.4396",="0.0007355076",="10136572",="10137193",="23.94487",="23.95783",="0",PacketEnd
="2025-09-30 오전 10:03:19",="219",="4.934317",="12.4396",="-0.0002759222",="10136572",="10137193",="23.94495",="23.95785",="0",PacketEnd
="2025-09-30 오전 10:03:19",="222",="4.934293",="12.4396",="-0.0009612769",="10136572",="10137193",="23.94498",="23.95792",="0",PacketEnd
="2025-09-30 오전 10:03:19",="225",="4.934267",="12.42532",="-0.001425361",="10136574",="10137194",="23.94508",="23.95795",="0",PacketEnd
="2025-09-30 오전 10:03:19",="228",="4.934235",="12.42532",="-0.001769832",="10136574",="10137194",="23.94512",="23.95802",="0",PacketEnd
="2025-09-30 오전 10:03:19",="231",="4.9342",="12.41102",="-0.002084127",="10136576",="10137194",="23.94521",="23.95805",="0",PacketEnd
="2025-09-30 오전 10:03:19",="234",="4.934165",="12.41102",="-0.00240117",="10136576",="10137194",="23.94525",="23.95812",="0",PacketEnd
="2025-09-30 오전 10:03:19",="237",="4.93413",="12.41102",="-0.002709375",="10136576",="10137194",="23.94532",="23.95815",="0",PacketEnd
="2025-09-30 오전 10:03:19",="240",="4.934097",="12.41102",="-0.002983612",="10136576",="10137194",="23.94535",="23.9582",="0",PacketEnd
="2025-09-30 오전 10:03:19",="243",="4.934067",="12.41102",="-0.003190089",="10136576",="10137194",="23.94543",="23.95822",="0",PacketEnd
="2025-09-30 오전 10:03:19",="246",="4.934043",="12.41102",="-0.003303932",="10136576",="10137194",="23.94546",="23.95825",="0",PacketEnd
="2025-09-30 오전 10:03:19",="249",="4.934022",="12.41102",="-0.003317266",="10136576",="10137194",="23.94553",="23.95827",="0",PacketEnd
="2025-09-30 오전 10:03:19",="252",="4.933999",="12.41102",="-0.003260289",="10136576",="10137194",="23.94557",="23.95835",="0",PacketEnd
="2025-09-30 오전 10:03:20",="255",="4.93397",="12.41102",="-0.003188607",="10136576",="10137194",="23.94567",="23.95838",="0",PacketEnd
="2025-09-30 오전 10:03:20",="2",="4.933936",="12.41102",="-0.003170779",="10136576",="10137194",="23.94571",="23.95846",="0",PacketEnd
="2025-09-30 오전 10:03:20",="5",="4.933897",="12.41102",="-0.003250075",="10136576",="10137194",="23.94581",="23.9585",="0",PacketEnd
="2025-09-30 오전 10:03:20",="8",="4.933857",="12.41102",="-0.003413028",="10136576",="10137194",="23.94584",="23.95857",="0",PacketEnd
="2025-09-30 오전 10:03:20",="11",="4.933817",="12.41102",="-0.003618333",="10136576",="10137194",="23.94591",="23.95861",="0",PacketEnd
="2025-09-30 오전 10:03:20",="14",="4.93378",="12.42532",="-0.003818189",="10136576",="10137195",="23.94594",="23.95866",="0",PacketEnd
="2025-09-30 오전 10:03:20",="17",="4.933747",="12.42532",="-0.003962552",="10136576",="10137195",="23.946",="23.95868",="0",PacketEnd
="2025-09-30 오전 10:03:20",="20",="4.933718",="12.42532",="-0.004025431",="10136576",="10137195",="23.94603",="23.95873",="0",PacketEnd
="2025-09-30 오전 10:03:20",="23",="4.933691",="12.42532",="-0.004006782",="10136576",="10137195",="23.94609",="23.95876",="0",PacketEnd
="2025-09-30 오전 10:03:20",="26",="4.93366",="12.42532",="-0.003935911",="10136576",="10137195",="23.94612",="23.95885",="0",PacketEnd
="2025-09-30 오전 10:03:20",="29",="4.933624",="12.42532",="-0.003877786",="10136576",="10137195",="23.9462",="23.9589",="0",PacketEnd
="2025-09-30 오전 10:03:20",="32",="4.934021",="12.43246",="-0.002993211",="10136576",="10137196",="23.94624",="23.95899",="0",PacketEnd
="2025-09-30 오전 10:03:20",="35",="4.935294",="12.4396",="0.004401842",="10136576",="10137197",="23.94632",="23.95904",="0",PacketEnd
="2025-09-30 오전 10:03:20",="38",="4.936567",="12.46099",="0.01784822",="10136576",="10137199",="23.94635",="23.95913",="0",PacketEnd
="2025-09-30 오전 10:03:20",="41",="4.93784",="12.45387",="0.0362215",="10136577",="10137200",="23.94641",="23.95918",="0",PacketEnd
="2025-09-30 오전 10:03:20",="44",="4.938675",="12.44674",="0.05682177",="10136578",="10137200",="23.94644",="23.95924",="0",PacketEnd
="2025-09-30 오전 10:03:20",="47",="4.938634",="12.4396",="0.06750545",="10136579",="10137200",="23.94649",="23.95926",="0",PacketEnd
="2025-09-30 오전 10:03:20",="50",="4.938599",="12.4396",="0.06863629",="10136579",="10137200",="23.94652",="23.95931",="0",PacketEnd
="2025-09-30 오전 10:03:20",="53",="4.938569",="12.4396",="0.0620718",="10136579",="10137200",="23.94658",="23.95934",="0",PacketEnd
="2025-09-30 오전 10:03:20",="56",="4.938536",="12.41817",="0.05017822",="10136579",="10137198",="23.94662",="23.95944",="0",PacketEnd
="2025-09-30 오전 10:03:20",="59",="4.938499",="12.41817",="0.0398116",="10136579",="10137198",="23.9467",="23.95948",="0",PacketEnd
="2025-09-30 오전 10:03:20",="62",="4.938457",="12.3967",="0.03140424",="10136581",="10137198",="23.94674",="23.95957",="0",PacketEnd
="2025-09-30 오전 10:03:20",="65",="4.938409",="12.3967",="0.02452256",="10136581",="10137198",="23.94683",="23.95962",="0",PacketEnd
="2025-09-30 오전 10:03:20",="68",="4.938361",="12.3967",="0.01886058",="10136581",="10137198",="23.94686",="23.95971",="0",PacketEnd
="2025-09-30 오전 10:03:20",="71",="4.938314",="12.3967",="0.0142121",="10136581",="10137198",="23.94692",="23.95975",="0",PacketEnd
="2025-09-30 오전 10:03:20",="74",="4.938271",="12.3967",="0.0104282",="10136581",="10137198",="23.94695",="23.9598",="0",PacketEnd
="2025-09-30 오전 10:03:20",="77",="4.938234",="12.3967",="0.007404065",="10136581",="10137198",="23.94701",="23.95982",="0",PacketEnd
="2025-09-30 오전 10:03:20",="80",="4.938204",="12.3967",="0.005052301",="10136581",="10137198",="23.94704",="23.95986",="0",PacketEnd
="2025-09-30 오전 10:03:20",="83",="4.938179",="12.38953",="0.003272337",="10136582",="10137198",="23.94711",="23.95989",="0",PacketEnd
="2025-09-30 오전 10:03:20",="86",="4.938155",="12.41102",="0.001950485",="10136582",="10137200",="23.94714",="23.95996",="0",PacketEnd
="2025-09-30 오전 10:03:20",="89",="4.938126",="12.41102",="0.0009486282",="10136582",="10137200",="23.94723",="23.95999",="0",PacketEnd
="2025-09-30 오전 10:03:20",="92",="4.938094",="12.41102",="0.0001427327",="10136582",="10137200",="23.94728",="23.96006",="0",PacketEnd
="2025-09-30 오전 10:03:20",="95",="4.938058",="12.41102",="-0.0005572411",="10136582",="10137200",="23.94736",="23.96009",="0",PacketEnd
="2025-09-30 오전 10:03:20",="98",="4.938022",="12.41102",="-0.001189904",="10136582",="10137200",="23.94741",="23.96016",="0",PacketEnd
="2025-09-30 오전 10:03:21",="101",="4.937987",="12.41102",="-0.00174866",="10136582",="10137200",="23.94748",="23.96019",="0",PacketEnd
="2025-09-30 오전 10:03:21",="104",="4.937953",="12.41102",="-0.002220946",="10136582",="10137200",="23.94751",="23.96023",="0",PacketEnd
="2025-09-30 오전 10:03:21",="107",="4.937925",="12.41102",="-0.002577603",="10136582",="10137200",="23.94757",="23.96025",="0",PacketEnd
="2025-09-30 오전 10:03:21",="110",="4.937902",="12.41102",="-0.00279906",="10136582",="10137200",="23.94761",="23.96027",="0",PacketEnd
="2025-09-30 오전 10:03:21",="113",="4.937884",="12.41102",="-0.002884993",="10136582",="10137200",="23.94768",="23.9603",="0",PacketEnd
="2025-09-30 오전 10:03:21",="116",="4.937863",="12.41102",="-0.002871186",="10136582",="10137200",="23.94772",="23.96037",="0",PacketEnd
="2025-09-30 오전 10:03:21",="119",="4.937838",="12.41102",="-0.002823617",="10136582",="10137200",="23.94781",="23.9604",="0",PacketEnd
="2025-09-30 오전 10:03:21",="122",="4.937806",="12.41102",="-0.002817154",="10136582",="10137200",="23.94786",="23.96047",="0",PacketEnd
="2025-09-30 오전 10:03:21",="125",="4.93777",="12.41102",="-0.002899071",="10136582",="10137200",="23.94795",="23.9605",="0",PacketEnd
="2025-09-30 오전 10:03:21",="128",="4.937735",="12.41102",="-0.003055162",="10136582",="10137200",="23.948",="23.96057",="0",PacketEnd
="2025-09-30 오전 10:03:21",="131",="4.9377",="12.41102",="-0.003246649",="10136582",="10137200",="23.94807",="23.9606",="0",PacketEnd
="2025-09-30 오전 10:03:21",="134",="4.937665",="12.41102",="-0.00343175",="10136582",="10137200",="23.9481",="23.96065",="0",PacketEnd
="2025-09-30 오전 10:03:21",="137",="4.937636",="12.41102",="-0.003558967",="10136582",="10137200",="23.94816",="23.96067",="0",PacketEnd
="2025-09-30 오전 10:03:21",="140",="4.937609",="12.41102",="-0.003615331",="10136582",="10137200",="23.94819",="23.96071",="0",PacketEnd
="2025-09-30 오전 10:03:21",="143",="4.937584",="12.41102",="-0.003606967",="10136582",="10137200",="23.94824",="23.96075",="0",PacketEnd
="2025-09-30 오전 10:03:21",="146",="4.937556",="12.41102",="-0.003551512",="10136582",="10137200",="23.94827",="23.96082",="0",PacketEnd
="2025-09-30 오전 10:03:21",="149",="4.937523",="12.41102",="-0.003510286",="10136582",="10137200",="23.94836",="23.96087",="0",PacketEnd
="2025-09-30 오전 10:03:21",="152",="4.937483",="12.41102",="-0.003534148",="10136582",="10137200",="23.94841",="23.96095",="0",PacketEnd
="2025-09-30 오전 10:03:21",="155",="4.937439",="12.41102",="-0.003651468",="10136582",="10137200",="23.94851",="23.961",="0",PacketEnd
="2025-09-30 오전 10:03:21",="158",="4.937394",="12.41102",="-0.003853699",="10136582",="10137200",="23.94855",="23.96109",="0",PacketEnd
="2025-09-30 오전 10:03:21",="161",="4.937347",="12.41102",="-0.004103406",="10136582",="10137200",="23.94862",="23.96113",="0",PacketEnd
="2025-09-30 오전 10:03:21",="164",="4.937304",="12.41102",="-0.004345557",="10136582",="10137200",="23.94866",="23.96119",="0",PacketEnd
="2025-09-30 오전 10:03:21",="167",="4.937266",="12.41102",="-0.004523221",="10136582",="10137200",="23.94872",="23.96121",="0",PacketEnd
="2025-09-30 오전 10:03:21",="170",="4.937233",="12.40386",="-0.004605231",="10136583",="10137200",="23.94875",="23.96126",="0",PacketEnd
="2025-09-30 오전 10:03:21",="173",="4.937204",="12.40386",="-0.004575566",="10136583",="10137200",="23.94882",="23.96129",="0",PacketEnd
="2025-09-30 오전 10:03:21",="176",="4.937176",="12.40386",="-0.004457125",="10136583",="10137200",="23.94885",="23.96136",="0",PacketEnd
="2025-09-30 오전 10:03:21",="179",="4.937144",="12.40386",="-0.004312098",="10136583",="10137200",="23.94894",="23.9614",="0",PacketEnd
="2025-09-30 오전 10:03:21",="182",="4.937107",="12.41102",="-0.00420207",="10136583",="10137201",="23.94898",="23.96148",="0",PacketEnd
="2025-09-30 오전 10:03:21",="185",="4.937067",="12.41102",="-0.004165521",="10136583",="10137201",="23.94907",="23.96152",="0",PacketEnd
="2025-09-30 오전 10:03:21",="188",="4.937026",="12.41102",="-0.004209831",="10136583",="10137201",="23.94911",="23.9616",="0",PacketEnd
="2025-09-30 오전 10:03:21",="191",="4.936985",="12.3967",="-0.004301788",="10136584",="10137201",="23.94919",="23.96164",="0",PacketEnd
="2025-09-30 오전 10:03:21",="194",="4.936947",="12.38953",="-0.004396483",="10136585",="10137201",="23.94923",="23.96169",="0",PacketEnd
="2025-09-30 오전 10:03:21",="197",="4.936913",="12.38236",="-0.004451353",="10136586",="10137201",="23.94929",="23.9617",="0",PacketEnd
="2025-09-30 오전 10:03:21",="200",="4.936886",="12.37519",="-0.004427725",="10136587",="10137201",="23.94932",="23.96174",="0",PacketEnd
="2025-09-30 오전 10:03:22",="203",="4.936865",="12.36082",="-0.004307856",="10136588",="10137201",="23.94938",="23.96176",="0",PacketEnd
="2025-09-30 오전 10:03:22",="206",="4.936844",="12.36082",="-0.004100048",="10136588",="10137201",="23.94942",="23.96181",="0",PacketEnd
="2025-09-30 오전 10:03:22",="209",="4.936821",="12.35363",="-0.003861709",="10136589",="10137201",="23.9495",="23.96185",="0",PacketEnd
="2025-09-30 오전 10:03:22",="212",="4.936792",="12.35363",="-0.003658884",="10136589",="10137201",="23.94955",="23.96191",="0",PacketEnd
="2025-09-30 오전 10:03:22",="215",="4.936759",="12.35363",="-0.00354122",="10136589",="10137201",="23.94963",="23.96195",="0",PacketEnd
="2025-09-30 오전 10:03:22",="218",="4.936723",="12.35363",="-0.003533714",="10136589",="10137201",="23.94968",="23.96202",="0",PacketEnd
="2025-09-30 오전 10:03:22",="221",="4.936687",="12.35363",="-0.003601198",="10136589",="10137201",="23.94974",="23.96205",="0",PacketEnd
="2025-09-30 오전 10:03:22",="224",="4.936654",="12.35363",="-0.003697972",="10136589",="10137201",="23.94977",="23.9621",="0",PacketEnd
="2025-09-30 오전 10:03:22",="227",="4.936623",="12.35363",="-0.0037801",="10136589",="10137201",="23.94983",="23.96212",="0",PacketEnd
="2025-09-30 오전 10:03:22",="230",="4.936597",="12.35363",="-0.003801172",="10136589",="10137201",="23.94986",="23.96215",="0",PacketEnd
="2025-09-30 오전 10:03:22",="233",="4.936575",="12.35363",="-0.003744085",="10136589",="10137201",="23.94992",="23.96217",="0",PacketEnd
="2025-09-30 오전 10:03:22",="236",="4.936553",="12.35363",="-0.003623504",="10136589",="10137201",="23.94995",="23.96223",="0",PacketEnd
="2025-09-30 오전 10:03:22",="239",="4.93653",="12.35363",="-0.003475517",="10136589",="10137201",="23.95004",="23.96226",="0",PacketEnd
="2025-09-30 오전 10:03:22",="242",="4.936501",="12.35363",="-0.003354826",="10136589",="10137201",="23.95007",="23.96232",="0",PacketEnd
="2025-09-30 오전 10:03:22",="245",="4.936468",="12.35363",="-0.003307114",="10136589",="10137201",="23.95015",="23.96236",="0",PacketEnd
="2025-09-30 오전 10:03:22",="248",="4.936434",="12.35363",="-0.003337712",="10136589",="10137201",="23.95019",="23.96242",="0",PacketEnd
="2025-09-30 오전 10:03:22",="251",="4.936401",="12.35363",="-0.003417858",="10136589",="10137201",="23.95025",="23.96245",="0",PacketEnd
="2025-09-30 오전 10:03:22",="254",="4.936368",="12.35363",="-0.003516865",="10136589",="10137201",="23.95028",="23.96251",="0",PacketEnd
="2025-09-30 오전 10:03:22",="1",="4.936338",="12.35363",="-0.003596178",="10136589",="10137201",="23.95033",="23.96252",="0",PacketEnd
="2025-09-30 오전 10:03:22",="4",="4.936313",="12.35363",="-0.003621608",="10136589",="10137201",="23.95035",="23.96255",="0",PacketEnd
="2025-09-30 오전 10:03:22",="7",="4.936291",="12.35363",="-0.003585358",="10136589",="10137201",="23.9504",="23.96257",="0",PacketEnd
="2025-09-30 오전 10:03:22",="10",="4.936271",="12.35363",="-0.003481314",="10136589",="10137201",="23.95042",="23.96262",="0",PacketEnd
="2025-09-30 오전 10:03:22",="13",="4.936251",="12.35363",="-0.003333752",="10136589",="10137201",="23.95049",="23.96265",="0",PacketEnd
="2025-09-30 오전 10:03:22",="16",="4.936226",="12.34644",="-0.003194269",="10136590",="10137201",="23.95052",="23.9627",="0",PacketEnd
="2025-09-30 오전 10:03:22",="19",="4.936199",="12.34644",="-0.003101027",="10136590",="10137201",="23.95059",="23.96273",="0",PacketEnd
="2025-09-30 오전 10:03:22",="22",="4.936172",="12.34644",="-0.003064915",="10136590",="10137201",="23.95061",="23.96278",="0",PacketEnd
="2025-09-30 오전 10:03:22",="25",="4.936143",="12.34644",="-0.003079575",="10136590",="10137201",="23.95066",="23.96281",="0",PacketEnd
="2025-09-30 오전 10:03:22",="28",="4.936116",="12.34644",="-0.003119103",="10136590",="10137201",="23.95068",="23.96286",="0",PacketEnd
="2025-09-30 오전 10:03:22",="31",="4.93609",="12.34644",="-0.003150629",="10136590",="10137201",="23.95071",="23.96287",="0",PacketEnd
="2025-09-30 오전 10:03:22",="34",="4.936069",="12.34644",="-0.003149444",="10136590",="10137201",="23.95074",="23.96289",="0",PacketEnd
="2025-09-30 오전 10:03:22",="37",="4.936051",="12.34644",="-0.003097787",="10136590",="10137201",="23.95079",="23.96292",="0",PacketEnd
="2025-09-30 오전 10:03:22",="40",="4.936033",="12.34644",="-0.002996181",="10136590",="10137201",="23.95082",="23.96297",="0",PacketEnd
="2025-09-30 오전 10:03:22",="43",="4.93601",="12.34644",="-0.002882999",="10136590",="10137201",="23.95089",="23.963",="0",PacketEnd
="2025-09-30 오전 10:03:23",="46",="4.935981",="12.34644",="-0.002817608",="10136590",="10137201",="23.95092",="23.96307",="0",PacketEnd
="2025-09-30 오전 10:03:23",="49",="4.935948",="12.34644",="-0.002840081",="10136590",="10137201",="23.95099",="23.96311",="0",PacketEnd
="2025-09-30 오전 10:03:23",="52",="4.936353",="12.36801",="-0.002052792",="10136590",="10137203",="23.95102",="23.96317",="0",PacketEnd
="2025-09-30 오전 10:03:23",="55",="4.93764",="12.36801",="0.005294731",="10136590",="10137203",="23.95108",="23.9632",="0",PacketEnd
="2025-09-30 오전 10:03:23",="58",="4.938927",="12.38236",="0.01876938",="10136590",="10137205",="23.95112",="23.96326",="0",PacketEnd
="2025-09-30 오전 10:03:23",="61",="4.940217",="12.38236",="0.03724298",="10136590",="10137205",="23.95117",="23.96328",="0",PacketEnd
="2025-09-30 오전 10:03:23",="64",="4.941069",="12.38236",="0.05798689",="10136590",="10137205",="23.9512",="23.96333",="0",PacketEnd
="2025-09-30 오전 10:03:23",="67",="4.941042",="12.38953",="0.06880239",="10136589",="10137205",="23.95127",="23.96335",="0",PacketEnd
="2025-09-30 오전 10:03:23",="70",="4.941016",="12.38953",="0.07002293",="10136589",="10137205",="23.95129",="23.96342",="0",PacketEnd
="2025-09-30 오전 10:03:23",="73",="4.940986",="12.38953",="0.06345702",="10136589",="10137205",="23.95137",="23.96346",="0",PacketEnd
="2025-09-30 오전 10:03:23",="76",="4.940952",="12.40386",="0.05145469",="10136589",="10137206",="23.95141",="23.96353",="0",PacketEnd
="2025-09-30 오전 10:03:23",="79",="4.940915",="12.40386",="0.04091411",="10136589",="10137206",="23.95148",="23.96357",="0",PacketEnd
="2025-09-30 오전 10:03:23",="82",="4.940876",="12.41102",="0.03231943",="10136589",="10137207",="23.95152",="23.96364",="0",PacketEnd
="2025-09-30 오전 10:03:23",="85",="4.940837",="12.41102",="0.02530469",="10136589",="10137207",="23.95156",="23.96368",="0",PacketEnd
="2025-09-30 오전 10:03:23",="88",="4.9408",="12.41102",="0.01960011",="10136589",="10137207",="23.95158",="23.96374",="0",PacketEnd
="2025-09-30 오전 10:03:23",="91",="4.940766",="12.41102",="0.01499195",="10136589",="10137207",="23.95161",="23.96375",="0",PacketEnd
="2025-09-30 오전 10:03:23",="94",="4.940739",="12.41102",="0.01131416",="10136589",="10137207",="23.95163",="23.96378",="0",PacketEnd
="2025-09-30 오전 10:03:23",="97",="4.940715",="12.40386",="0.008424486",="10136590",="10137207",="23.95167",="23.9638",="0",PacketEnd
="2025-09-30 오전 10:03:23",="100",="4.940695",="12.40386",="0.00618546",="10136590",="10137207",="23.95168",="23.96385",="0",PacketEnd
="2025-09-30 오전 10:03:23",="103",="4.940673",="12.40386",="0.004452053",="10136590",="10137207",="23.95174",="23.96388",="0",PacketEnd
="2025-09-30 오전 10:03:23",="106",="4.940649",="12.40386",="0.003082916",="10136590",="10137207",="23.95176",="23.96394",="0",PacketEnd
="2025-09-30 오전 10:03:23",="109",="4.94062",="12.3967",="0.001960993",="10136591",="10137207",="23.95182",="23.96396",="0",PacketEnd
="2025-09-30 오전 10:03:23",="112",="4.940591",="12.3967",="0.001007655",="10136591",="10137207",="23.95185",="23.96402",="0",PacketEnd
="2025-09-30 오전 10:03:23",="115",="4.940562",="12.3967",="0.0001902258",="10136591",="10137207",="23.95189",="23.96404",="0",PacketEnd
="2025-09-30 오전 10:03:23",="118",="4.940535",="12.3967",="-0.0004933189",="10136591",="10137207",="23.95191",="23.96409",="0",PacketEnd
="2025-09-30 오전 10:03:23",="121",="4.94051",="12.3967",="-0.001038365",="10136591",="10137207",="23.95194",="23.9641",="0",PacketEnd
="2025-09-30 오전 10:03:23",="124",="4.940488",="12.3967",="-0.00144612",="10136591",="10137207",="23.95195",="23.96413",="0",PacketEnd
="2025-09-30 오전 10:03:23",="127",="4.94047",="12.3967",="-0.001720955",="10136591",="10137207",="23.952",="23.96415",="0",PacketEnd
="2025-09-30 오전 10:03:23",="130",="4.940454",="12.3967",="-0.001878565",="10136591",="10137207",="23.95203",="23.96418",="0",PacketEnd
="2025-09-30 오전 10:03:23",="133",="4.940437",="12.38953",="-0.001950856",="10136592",="10137208",="23.9521",="23.9642",="0",PacketEnd
="2025-09-30 오전 10:03:23",="136",="4.940419",="12.38953",="-0.001976979",="10136592",="10137208",="23.95213",="23.96424",="0",PacketEnd
="2025-09-30 오전 10:03:23",="139",="4.9404",="12.38953",="-0.001994785",="10136592",="10137208",="23.95221",="23.96426",="0",PacketEnd
="2025-09-30 오전 10:03:23",="142",="4.94038",="12.38953",="-0.002030407",="10136592",="10137208",="23.95225",="23.9643",="0",PacketEnd
="2025-09-30 오전 10:03:24",="145",="4.940358",="12.38953",="-0.002088379",="10136592",="10137208",="23.9523",="23.96432",="0",PacketEnd
="2025-09-30 오전 10:03:24",="148",="4.940777",="12.40386",="-0.001256583",="10136592",="10137209",="23.95234",="23.96435",="0",PacketEnd
="2025-09-30 오전 10:03:24",="151",="4.942081",="12.40386",="0.006207851",="10136592",="10137209",="23.95239",="23.96436",="0",PacketEnd
="2025-09-30 오전 10:03:24",="154",="4.943387",="12.3967",="0.01984502",="10136593",="10137209",="23.95241",="23.96438",="0",PacketEnd
="2025-09-30 오전 10:03:24",="157",="4.944695",="12.3967",="0.03849462",="10136593",="10137209",="23.95247",="23.96439",="0",PacketEnd
="2025-09-30 오전 10:03:24",="160",="4.945563",="12.38953",="0.05940216",="10136594",="10137209",="23.9525",="23.96442",="0",PacketEnd
="2025-09-30 오전 10:03:24",="163",="4.945549",="12.37519",="0.07033846",="10136595",="10137209",="23.95256",="23.96444",="0",PacketEnd
="2025-09-30 오전 10:03:24",="166",="4.945532",="12.37519",="0.0716081",="10136595",="10137209",="23.9526",="23.96448",="0",PacketEnd
="2025-09-30 오전 10:03:24",="169",="4.945513",="12.36801",="0.065031",="10136596",="10137209",="23.95267",="23.9645",="0",PacketEnd
="2025-09-30 오전 10:03:24",="172",="4.945492",="12.36082",="0.05299384",="10136597",="10137209",="23.9527",="23.96455",="0",PacketEnd
="2025-09-30 오전 10:03:24",="175",="4.945471",="12.36082",="0.04242833",="10136597",="10137209",="23.95275",="23.96456",="0",PacketEnd
="2025-09-30 오전 10:03:24",="178",="4.945449",="12.36082",="0.0338494",="10136597",="10137209",="23.95277",="23.96461",="0",PacketEnd
="2025-09-30 오전 10:03:24",="181",="4.945427",="12.36082",="0.02689194",="10136597",="10137209",="23.95281",="23.96463",="0",PacketEnd
="2025-09-30 오전 10:03:24",="184",="4.945405",="12.36082",="0.02125425",="10136597",="10137209",="23.95282",="23.96467",="0",PacketEnd
="2025-09-30 오전 10:03:24",="187",="4.945383",="12.36082",="0.01668928",="10136597",="10137209",="23.95288",="23.96469",="0",PacketEnd
="2025-09-30 오전 10:03:24",="190",="4.944919",="12.34644",="0.01208807",="10136597",="10137208",="23.9529",="23.96475",="0",PacketEnd
="2025-09-30 오전 10:03:24",="193",="4.943573",="12.34644",="0.001557662",="10136597",="10137208",="23.95297",="23.96478",="0",PacketEnd
="2025-09-30 오전 10:03:24",="196",="4.942222",="12.34644",="-0.01456809",="10136597",="10137208",="23.953",="23.96484",="0",PacketEnd
="2025-09-30 오전 10:03:24",="199",="4.940871",="12.34644",="-0.03523114",="10136597",="10137208",="23.95308",="23.96487",="0",PacketEnd
="2025-09-30 오전 10:03:24",="202",="4.939959",="12.34644",="-0.05776182",="10136597",="10137208",="23.95312",="23.96493",="0",PacketEnd
="2025-09-30 오전 10:03:24",="205",="4.939928",="12.34644",="-0.0700134",="10136597",="10137208",="23.95318",="23.96495",="0",PacketEnd
="2025-09-30 오전 10:03:24",="208",="4.939899",="12.34644",="-0.07236045",="10136597",="10137208",="23.95321",="23.965",="0",PacketEnd
="2025-09-30 오전 10:03:24",="211",="4.939871",="12.34644",="-0.06667612",="10136597",="10137208",="23.95325",="23.96503",="0",PacketEnd
="2025-09-30 오전 10:03:24",="214",="4.939846",="12.34644",="-0.05537643",="10136597",="10137208",="23.95328",="23.96507",="0",PacketEnd
="2025-09-30 오전 10:03:24",="217",="4.940701",="12.36082",="-0.04277886",="10136597",="10137209",="23.95335",="23.9651",="0",PacketEnd
="2025-09-30 오전 10:03:24",="220",="4.941996",="12.36082",="-0.02499174",="10136597",="10137209",="23.95338",="23.96515",="0",PacketEnd
="2025-09-30 오전 10:03:24",="223",="4.94329",="12.36082",="-0.003016909",="10136597",="10137209",="23.95347",="23.96519",="0",PacketEnd
="2025-09-30 오전 10:03:24",="226",="4.94458",="12.36082",="0.0223085",="10136597",="10137209",="23.95352",="23.96525",="0",PacketEnd
="2025-09-30 오전 10:03:24",="229",="4.944987",="12.36082",="0.04504027",="10136597",="10137209",="23.9536",="23.96529",="0",PacketEnd
="2025-09-30 오전 10:03:24",="232",="4.944952",="12.36082",="0.05580134",="10136597",="10137209",="23.95364",="23.96536",="0",PacketEnd
="2025-09-30 오전 10:03:24",="235",="4.944916",="12.36082",="0.05687612",="10136597",="10137209",="23.95372",="23.96539",="0",PacketEnd
="2025-09-30 오전 10:03:24",="238",="4.944881",="12.36082",="0.05014326",="10136597",="10137209",="23.95374",="23.96544",="0",PacketEnd
="2025-09-30 오전 10:03:24",="241",="4.944849",="12.36082",="0.03976717",="10136597",="10137209",="23.9538",="23.96547",="0",PacketEnd
="2025-09-30 오전 10:03:24",="244",="4.944822",="12.36082",="0.03140904",="10136597",="10137209",="23.95382",="23.96552",="0",PacketEnd
="2025-09-30 오전 10:03:25",="247",="4.944794",="12.36082",="0.02469642",="10136597",="10137209",="23.95388",="23.96555",="0",PacketEnd
="2025-09-30 오전 10:03:25",="250",="4.944767",="12.36082",="0.01930764",="10136597",="10137209",="23.95391",="23.9656",="0",PacketEnd
="2025-09-30 오전 10:03:25",="253",="4.944736",="12.36082",="0.01496719",="10136597",="10137209",="23.95399",="23.96564",="0",PacketEnd
="2025-09-30 오전 10:03:25",="0",="4.944701",="12.36082",="0.01142915",="10136597",="10137209",="23.95402",="23.96572",="0",PacketEnd
="2025-09-30 오전 10:03:25",="3",="4.944664",="12.36082",="0.008517846",="10136597",="10137209",="23.95411",="23.96576",="0",PacketEnd
="2025-09-30 오전 10:03:25",="6",="4.944626",="12.36082",="0.006106159",="10136597",="10137209",="23.95415",="23.96584",="0",PacketEnd
="2025-09-30 오전 10:03:25",="9",="4.944587",="12.36082",="0.004097427",="10136597",="10137209",="23.95421",="23.96586",="0",PacketEnd
="2025-09-30 오전 10:03:25",="12",="4.94455",="12.36082",="0.002451221",="10136597",="10137209",="23.95423",="23.96592",="0",PacketEnd
="2025-09-30 오전 10:03:25",="15",="4.944516",="12.36082",="0.001125598",="10136597",="10137209",="23.95428",="23.96595",="0",PacketEnd
="2025-09-30 오전 10:03:25",="18",="4.944485",="12.36082",="8.650222E-05",="10136597",="10137209",="23.95429",="23.96601",="0",PacketEnd
="2025-09-30 오전 10:03:25",="21",="4.944452",="12.36082",="-0.0007123568",="10136597",="10137209",="23.95434",="23.96606",="0",PacketEnd
="2025-09-30 오전 10:03:25",="24",="4.944415",="12.36082",="-0.00135171",="10136597",="10137209",="23.95437",="23.96614",="0",PacketEnd
="2025-09-30 오전 10:03:25",="27",="4.944375",="12.35363",="-0.001890545",="10136598",="10137209",="23.95444",="23.96619",="0",PacketEnd
="2025-09-30 오전 10:03:25",="30",="4.944329",="12.35363",="-0.002393508",="10136598",="10137209",="23.95448",="23.96628",="0",PacketEnd
="2025-09-30 오전 10:03:25",="33",="4.944281",="12.36082",="-0.002886985",="10136597",="10137209",="23.95456",="23.96633",="0",PacketEnd
="2025-09-30 오전 10:03:25",="36",="4.944231",="12.36082",="-0.00336446",="10136597",="10137209",="23.95459",="23.96643",="0",PacketEnd
="2025-09-30 오전 10:03:25",="39",="4.944182",="12.36082",="-0.003812919",="10136597",="10137209",="23.95466",="23.96647",="0",PacketEnd
="2025-09-30 오전 10:03:25",="42",="4.944135",="12.36801",="-0.004196964",="10136597",="10137210",="23.95469",="23.96654",="0",PacketEnd
="2025-09-30 오전 10:03:25",="45",="4.944091",="12.37519",="-0.004493432",="10136597",="10137211",="23.95474",="23.96658",="0",PacketEnd
="2025-09-30 오전 10:03:25",="48",="4.944052",="12.38236",="-0.004681504",="10136597",="10137212",="23.95476",="23.96665",="0",PacketEnd
="2025-09-30 오전 10:03:25",="51",="4.944014",="12.38236",="-0.004767371",="10136597",="10137212",="23.95481",="23.96668",="0",PacketEnd
="2025-09-30 오전 10:03:25",="54",="4.943976",="12.3967",="-0.004782282",="10136597",="10137213",="23.95483",="23.96676",="0",PacketEnd
="2025-09-30 오전 10:03:25",="57",="4.943938",="12.40386",="-0.004757303",="10136597",="10137214",="23.95489",="23.9668",="0",PacketEnd
="2025-09-30 오전 10:03:25",="60",="4.943895",="12.3967",="-0.004741514",="10136598",="10137214",="23.95492",="23.96689",="0",PacketEnd
="2025-09-30 오전 10:03:25",="63",="4.943852",="12.3967",="-0.004754452",="10136598",="10137214",="23.95498",="23.96693",="0",PacketEnd
="2025-09-30 오전 10:03:25",="66",="4.943808",="12.3967",="-0.004800585",="10136598",="10137214",="23.95502",="23.96702",="0",PacketEnd
="2025-09-30 오전 10:03:25",="69",="4.943765",="12.3967",="-0.004867588",="10136598",="10137214",="23.95506",="23.96704",="0",PacketEnd
="2025-09-30 오전 10:03:25",="72",="4.943729",="12.3967",="-0.004902658",="10136598",="10137214",="23.95508",="23.96708",="0",PacketEnd
="2025-09-30 오전 10:03:25",="75",="4.943697",="12.38236",="-0.004874925",="10136599",="10137214",="23.95511",="23.9671",="0",PacketEnd
="2025-09-30 오전 10:03:25",="78",="4.943674",="12.38236",="-0.004751479",="10136599",="10137214",="23.95512",="23.96714",="0",PacketEnd
="2025-09-30 오전 10:03:25",="81",="4.943654",="12.38236",="-0.004523073",="10136599",="10137214",="23.95516",="23.96716",="0",PacketEnd
="2025-09-30 오전 10:03:25",="84",="4.943634",="12.38236",="-0.004234167",="10136599",="10137214",="23.95518",="23.96719",="0",PacketEnd
="2025-09-30 오전 10:03:25",="87",="4.943614",="12.38236",="-0.003921512",="10136599",="10137214",="23.95524",="23.96722",="0",PacketEnd
="2025-09-30 오전 10:03:26",="90",="4.943594",="12.37519",="-0.003632998",="10136600",="10137214",="23.95527",="23.96727",="0",PacketEnd
="2025-09-30 오전 10:03:26",="93",="4.943569",="12.37519",="-0.003413928",="10136600",="10137214",="23.95533",="23.96729",="0",PacketEnd
="2025-09-30 오전 10:03:26",="96",="4.943542",="12.37519",="-0.003271483",="10136600",="10137214",="23.95536",="23.96735",="0",PacketEnd
="2025-09-30 오전 10:03:26",="99",="4.943516",="12.37519",="-0.003199024",="10136600",="10137214",="23.95542",="23.96736",="0",PacketEnd
="2025-09-30 오전 10:03:26",="102",="4.943492",="12.37519",="-0.00316554",="10136600",="10137214",="23.95544",="23.9674",="0",PacketEnd
="2025-09-30 오전 10:03:26",="105",="4.943471",="12.37519",="-0.003128829",="10136600",="10137214",="23.95549",="23.96741",="0",PacketEnd
="2025-09-30 오전 10:03:26",="108",="4.943454",="12.37519",="-0.00305403",="10136600",="10137214",="23.95551",="23.96744",="0",PacketEnd
="2025-09-30 오전 10:03:26",="111",="4.943437",="12.37519",="-0.002939827",="10136600",="10137214",="23.95556",="23.96746",="0",PacketEnd
="2025-09-30 오전 10:03:26",="114",="4.943418",="12.37519",="-0.002810537",="10136600",="10137214",="23.95558",="23.96751",="0",PacketEnd
="2025-09-30 오전 10:03:26",="117",="4.943398",="12.37519",="-0.002691826",="10136600",="10137214",="23.95566",="23.96753",="0",PacketEnd
="2025-09-30 오전 10:03:26",="120",="4.943375",="12.37519",="-0.002621767",="10136600",="10137214",="23.9557",="23.96758",="0",PacketEnd
="2025-09-30 오전 10:03:26",="123",="4.94335",="12.37519",="-0.002607143",="10136600",="10137214",="23.95577",="23.96761",="0",PacketEnd
="2025-09-30 오전 10:03:26",="126",="4.943325",="12.37519",="-0.002634368",="10136600",="10137214",="23.95581",="23.96766",="0",PacketEnd
="2025-09-30 오전 10:03:26",="129",="4.943298",="12.37519",="-0.002696358",="10136600",="10137214",="23.95587",="23.96768",="0",PacketEnd
="2025-09-30 오전 10:03:26",="132",="4.943272",="12.37519",="-0.002765381",="10136600",="10137214",="23.9559",="23.96772",="0",PacketEnd
="2025-09-30 오전 10:03:26",="135",="4.943249",="12.37519",="-0.002819917",="10136600",="10137214",="23.95594",="23.96774",="0",PacketEnd
="2025-09-30 오전 10:03:26",="138",="4.943228",="12.37519",="-0.002843727",="10136600",="10137214",="23.95596",="23.96778",="0",PacketEnd
="2025-09-30 오전 10:03:26",="141",="4.943207",="12.37519",="-0.002832849",="10136600",="10137214",="23.956",="23.9678",="0",PacketEnd
="2025-09-30 오전 10:03:26",="144",="4.943186",="12.37519",="-0.002794954",="10136600",="10137214",="23.95602",="23.96784",="0",PacketEnd
="2025-09-30 오전 10:03:26",="147",="4.943164",="12.37519",="-0.002747308",="10136600",="10137214",="23.95608",="23.96786",="0",PacketEnd
="2025-09-30 오전 10:03:26",="150",="4.943141",="12.37519",="-0.002718264",="10136600",="10137214",="23.95611",="23.96791",="0",PacketEnd
="2025-09-30 오전 10:03:26",="153",="4.943116",="12.37519",="-0.00271137",="10136600",="10137214",="23.95617",="23.96795",="0",PacketEnd
="2025-09-30 오전 10:03:26",="156",="4.943088",="12.37519",="-0.002740613",="10136600",="10137214",="23.9562",="23.968",="0",PacketEnd
="2025-09-30 오전 10:03:26",="159",="4.94306",="12.37519",="-0.002802412",="10136600",="10137214",="23.95626",="23.96802",="0",PacketEnd
="2025-09-30 오전 10:03:26",="162",="4.943036",="12.37519",="-0.002863798",="10136600",="10137214",="23.95629",="23.96805",="0",PacketEnd
="2025-09-30 오전 10:03:26",="165",="4.943014",="12.37519",="-0.002906622",="10136600",="10137214",="23.95633",="23.96807",="0",PacketEnd
="2025-09-30 오전 10:03:26",="168",="4.942995",="12.37519",="-0.002903513",="10136600",="10137214",="23.95634",="23.9681",="0",PacketEnd
="2025-09-30 오전 10:03:26",="171",="4.942976",="12.37519",="-0.002844502",="10136600",="10137214",="23.95639",="23.96812",="0",PacketEnd
="2025-09-30 오전 10:03:26",="174",="4.942957",="12.37519",="-0.002762397",="10136600",="10137214",="23.95641",="23.96816",="0",PacketEnd
="2025-09-30 오전 10:03:26",="177",="4.942939",="12.37519",="-0.002668902",="10136600",="10137214",="23.95648",="23.96818",="0",PacketEnd
="2025-09-30 오전 10:03:26",="180",="4.942917",="12.37519",="-0.002594765",="10136600",="10137214",="23.95651",="23.96824",="0",PacketEnd
="2025-09-30 오전 10:03:26",="183",="4.942892",="12.38236",="-0.002572542",="10136600",="10137215",="23.95657",="23.96827",="0",PacketEnd
="2025-09-30 오전 10:03:26",="186",="4.942863",="12.38236",="-0.002604036",="10136600",="10137215",="23.9566",="23.96833",="0",PacketEnd
="2025-09-30 오전 10:03:26",="189",="4.942831",="12.38236",="-0.002705401",="10136600",="10137215",="23.95666",="23.96836",="0",PacketEnd
="2025-09-30 오전 10:03:27",="192",="4.942799",="12.38236",="-0.002850733",="10136600",="10137215",="23.95669",="23.96842",="0",PacketEnd
="2025-09-30 오전 10:03:27",="195",="4.942769",="12.38236",="-0.003004293",="10136600",="10137215",="23.95674",="23.96844",="0",PacketEnd
="2025-09-30 오전 10:03:27",="198",="4.942739",="12.38236",="-0.003136383",="10136600",="10137215",="23.95675",="23.9685",="0",PacketEnd
="2025-09-30 오전 10:03:27",="201",="4.942709",="12.38236",="-0.00323308",="10136600",="10137215",="23.95681",="23.96853",="0",PacketEnd
="2025-09-30 오전 10:03:27",="204",="4.944001",="12.38953",="0.001863364",="10136600",="10137216",="23.95684",="23.96859",="0",PacketEnd
="2025-09-30 오전 10:03:27",="207",="4.945292",="12.40386",="0.01356921",="10136600",="10137217",="23.95691",="23.96862",="0",PacketEnd
="2025-09-30 오전 10:03:27",="210",="4.946579",="12.40386",="0.03059382",="10136601",="10137218",="23.95694",="23.9687",="0",PacketEnd
="2025-09-30 오전 10:03:27",="213",="4.947864",="12.40386",="0.05190273",="10136601",="10137218",="23.957",="23.96874",="0",PacketEnd
="2025-09-30 오전 10:03:27",="216",="4.947823",="12.41102",="0.06632668",="10136601",="10137219",="23.95703",="23.96883",="0",PacketEnd
="2025-09-30 오전 10:03:27",="219",="4.947779",="12.42532",="0.07034124",="10136601",="10137220",="23.95709",="23.96886",="0",PacketEnd
="2025-09-30 오전 10:03:27",="222",="4.947738",="12.42532",="0.06595999",="10136601",="10137220",="23.95712",="23.96893",="0",PacketEnd
="2025-09-30 오전 10:03:27",="225",="4.947698",="12.42532",="0.05481561",="10136601",="10137220",="23.95716",="23.96897",="0",PacketEnd
="2025-09-30 오전 10:03:27",="228",="4.947662",="12.42532",="0.04340659",="10136601",="10137220",="23.95717",="23.96902",="0",PacketEnd
="2025-09-30 오전 10:03:27",="231",="4.94763",="12.42532",="0.03423578",="10136601",="10137220",="23.95721",="23.96905",="0",PacketEnd
="2025-09-30 오전 10:03:27",="234",="4.947599",="12.42532",="0.0268775",="10136601",="10137220",="23.95723",="23.9691",="0",PacketEnd
="2025-09-30 오전 10:03:27",="237",="4.947569",="12.42532",="0.02098298",="10136601",="10137220",="23.95729",="23.96913",="0",PacketEnd
="2025-09-30 오전 10:03:27",="240",="4.948861",="12.43246",="0.02142906",="10136601",="10137221",="23.95732",="23.9692",="0",PacketEnd
="2025-09-30 오전 10:03:27",="243",="4.950151",="12.43246",="0.02937761",="10136601",="10137221",="23.95738",="23.96923",="0",PacketEnd
="2025-09-30 오전 10:03:27",="246",="4.951439",="12.42532",="0.04337782",="10136602",="10137222",="23.95741",="23.96929",="0",PacketEnd
="2025-09-30 오전 10:03:27",="249",="4.952728",="12.42532",="0.06226301",="10136602",="10137222",="23.95746",="23.96932",="0",PacketEnd
="2025-09-30 오전 10:03:27",="252",="4.952696",="12.42532",="0.07476275",="10136602",="10137222",="23.95748",="23.96937",="0",PacketEnd
="2025-09-30 오전 10:03:27",="255",="4.952667",="12.42532",="0.07730324",="10136602",="10137222",="23.95751",="23.9694",="0",PacketEnd
="2025-09-30 오전 10:03:27",="2",="4.952639",="12.42532",="0.07180408",="10136602",="10137222",="23.95753",="23.96945",="0",PacketEnd
="2025-09-30 오전 10:03:27",="5",="4.952613",="12.42532",="0.0598198",="10136602",="10137222",="23.95757",="23.96947",="0",PacketEnd
="2025-09-30 오전 10:03:27",="8",="4.952587",="12.42532",="0.04775139",="10136602",="10137222",="23.95759",="23.96951",="0",PacketEnd
="2025-09-30 오전 10:03:27",="11",="4.952562",="12.42532",="0.0380174",="10136602",="10137222",="23.95766",="23.96954",="0",PacketEnd
="2025-09-30 오전 10:03:27",="14",="4.952537",="12.42532",="0.03016341",="10136602",="10137222",="23.95769",="23.9696",="0",PacketEnd
="2025-09-30 오전 10:03:27",="17",="4.952508",="12.42532",="0.02380277",="10136602",="10137222",="23.95776",="23.96963",="0",PacketEnd
="2025-09-30 오전 10:03:27",="18",="4.952499",="12.42532",="0.02196558",="10133911",="10137222",="23.95778",="23.96966",="0",PacketEnd
="2025-09-30 오전 10:03:27",="21",="4.388855",="36.36395",="-1.674595",="10125839",="10131840",="23.95783",="23.96969",="0",PacketEnd
="2025-09-30 오전 10:03:27",="24",="5.036979",="12.43246",="-2.747056",="10120457",="10121077",="23.95787",="23.96974",="0",PacketEnd
="2025-09-30 오전 10:03:27",="27",="7.179118",="36.36854",="5.961975",="10109693",="10115695",="23.95792",="23.96976",="0",PacketEnd
="2025-09-30 오전 10:03:27",="30",="11.19042",="12.43246",="32.58348",="10104311",="10104931",="23.95794",="23.96982",="0",PacketEnd
="2025-09-30 오전 10:03:28",="33",="17.262",="36.36854",="86.36964",="10093547",="10099549",="23.958",="23.96985",="0",PacketEnd
="2025-09-30 오전 10:03:28",="36",="23.9934",="12.4396",="168.1607",="10088165",="10088786",="23.95803",="23.9699",="0",PacketEnd
="2025-09-30 오전 10:03:28",="39",="30.72921",="36.36625",="263.3543",="10077402",="10083404",="23.95812",="23.96992",="0",PacketEnd
="2025-09-30 오전 10:03:28",="42",="37.46964",="12.41817",="359.4152",="10072021",="10072640",="23.95816",="23.96999",="0",PacketEnd
="2025-09-30 오전 10:03:28",="45",="44.21358",="36.36165",="445.2159",="10061258",="10067258",="23.95825",="23.97002",="0",PacketEnd
="2025-09-30 오전 10:03:28",="48",="50.96281",="12.41102",="514.7206",="10055876",="10056494",="23.9583",="23.97009",="0",PacketEnd
="2025-09-30 오전 10:03:28",="51",="57.716",="36.35706",="571.0435",="10045113",="10051112",="23.95838",="23.97013",="0",PacketEnd
="2025-09-30 오전 10:03:28",="54",="64.47425",="12.38953",="616.7036",="10039732",="10040348",="23.95843",="23.97017",="0",PacketEnd
="2025-09-30 오전 10:03:28",="57",="71.23647",="36.35247",="653.7413",="10028969",="10034966",="23.95851",="23.97019",="0",PacketEnd
="2025-09-30 오전 10:03:28",="60",="78.0031",="12.3967",="683.8035",="10023587",="10024203",="23.95854",="23.97025",="0",PacketEnd
="2025-09-30 오전 10:03:28",="63",="84.77325",="36.35706",="708.2173",="10012823",="10018821",="23.9586",="23.97028",="0",PacketEnd
="2025-09-30 오전 10:03:28",="66",="91.54824",="12.3967",="728.062",="10007441",="10008057",="23.95864",="23.97032",="0",PacketEnd
="2025-09-30 오전 10:03:28",="69",="98.32721",="12.38953",="744.2109",="10002059",="10002675",="23.95874",="23.97035",="0",PacketEnd
="2025-09-30 오전 10:03:28",="72",="103.602",="12.38953",="752.1704",="10002059",="10002675",="23.95879",="23.97041",="0",PacketEnd
="2025-09-30 오전 10:03:28",="75",="107.3709",="12.38953",="744.1361",="10002059",="10002675",="23.95889",="23.97043",="0",PacketEnd
="2025-09-30 오전 10:03:28",="78",="109.2561",="12.38953",="713.0591",="10002059",="10002675",="23.95894",="23.97049",="0",PacketEnd
="2025-09-30 오전 10:03:28",="81",="109.6332",="12.38953",="653.9553",="10002059",="10002675",="23.95903",="23.97052",="0",PacketEnd
="2025-09-30 오전 10:03:28",="84",="109.6332",="12.38236",="572.4626",="10002060",="10002675",="23.95906",="23.97057",="0",PacketEnd
="2025-09-30 오전 10:03:28",="87",="109.6332",="12.38236",="482.2088",="10002060",="10002675",="23.95912",="23.9706",="0",PacketEnd
="2025-09-30 오전 10:03:28",="90",="109.6332",="12.38953",="394.9476",="10002060",="10002676",="23.95915",="23.97065",="0",PacketEnd
="2025-09-30 오전 10:03:28",="93",="109.6331",="12.38953",="319.4699",="10002060",="10002676",="23.95921",="23.97067",="0",PacketEnd
="2025-09-30 오전 10:03:28",="96",="109.6331",="12.38953",="258.4166",="10002060",="10002676",="23.95925",="23.97072",="0",PacketEnd
="2025-09-30 오전 10:03:28",="99",="109.6331",="12.38953",="209.0309",="10002060",="10002676",="23.95933",="23.97075",="0",PacketEnd
="2025-09-30 오전 10:03:28",="102",="109.633",="12.38953",="169.0831",="10002060",="10002676",="23.95937",="23.9708",="0",PacketEnd
="2025-09-30 오전 10:03:28",="105",="109.633",="12.38953",="136.7697",="10002060",="10002676",="23.95946",="23.97083",="0",PacketEnd
="2025-09-30 오전 10:03:28",="108",="109.633",="12.38953",="110.6315",="10002060",="10002676",="23.9595",="23.97088",="0",PacketEnd
="2025-09-30 오전 10:03:28",="111",="109.633",="12.38953",="89.4885",="10002060",="10002676",="23.95959",="23.9709",="0",PacketEnd
="2025-09-30 오전 10:03:28",="114",="109.6329",="12.38953",="72.38612",="10002060",="10002676",="23.95961",="23.97093",="0",PacketEnd
="2025-09-30 오전 10:03:28",="117",="109.6329",="12.38953",="58.55209",="10002060",="10002676",="23.95965",="23.97095",="0",PacketEnd
="2025-09-30 오전 10:03:28",="120",="109.6329",="12.38953",="47.36186",="10002060",="10002676",="23.95967",="23.97101",="0",PacketEnd
="2025-09-30 오전 10:03:28",="123",="109.6329",="12.38953",="38.31014",="10002060",="10002676",="23.95971",="23.97103",="0",PacketEnd
="2025-09-30 오전 10:03:28",="126",="109.6329",="12.38953",="30.98835",="10002060",="10002676",="23.95974",="23.97108",="0",PacketEnd
="2025-09-30 오전 10:03:28",="129",="109.6328",="12.38953",="25.06573",="10002060",="10002676",="23.9598",="23.9711",="0",PacketEnd
="2025-09-30 오전 10:03:29",="132",="109.6328",="12.38236",="20.27492",="10002061",="10002676",="23.95984",="23.97115",="0",PacketEnd
="2025-09-30 오전 10:03:29",="135",="109.6328",="12.38236",="16.39968",="10002061",="10002676",="23.95991",="23.97118",="0",PacketEnd
="2025-09-30 오전 10:03:29",="138",="109.6328",="12.38236",="13.26497",="10002061",="10002676",="23.95995",="23.97123",="0",PacketEnd
="2025-09-30 오전 10:03:29",="141",="109.6327",="12.38236",="10.72943",="10002061",="10002676",="23.96002",="23.97125",="0",PacketEnd
="2025-09-30 오전 10:03:29",="144",="109.6327",="12.38236",="8.67842",="10002061",="10002676",="23.96004",="23.97129",="0",PacketEnd
="2025-09-30 오전 10:03:29",="147",="109.6327",="12.38236",="7.019322",="10002061",="10002676",="23.96009",="23.97132",="0",PacketEnd
="2025-09-30 오전 10:03:29",="150",="109.6327",="12.38236",="5.677302",="10002061",="10002676",="23.96011",="23.97137",="0",PacketEnd
="2025-09-30 오전 10:03:29",="153",="109.6326",="12.38236",="4.591709",="10002061",="10002676",="23.96016",="23.9714",="0",PacketEnd
="2025-09-30 오전 10:03:29",="156",="109.6326",="12.38236",="3.713623",="10002061",="10002676",="23.96019",="23.97145",="0",PacketEnd
="2025-09-30 오전 10:03:29",="159",="109.6326",="12.38236",="3.003254",="10002061",="10002676",="23.96026",="23.97147",="0",PacketEnd
="2025-09-30 오전 10:03:29",="162",="109.6325",="12.3967",="2.428686",="10002061",="10002677",="23.9603",="23.97153",="0",PacketEnd
="2025-09-30 오전 10:03:29",="165",="109.6325",="12.3967",="1.96392",="10002061",="10002677",="23.96038",="23.97157",="0",PacketEnd
="2025-09-30 오전 10:03:29",="168",="109.6325",="12.3967",="1.587947",="10002061",="10002677",="23.96041",="23.97163",="0",PacketEnd
="2025-09-30 오전 10:03:29",="171",="109.6324",="12.3967",="1.283907",="10002061",="10002677",="23.96049",="23.97165",="0",PacketEnd
="2025-09-30 오전 10:03:29",="174",="109.6324",="12.3967",="1.037802",="10002061",="10002677",="23.96051",="23.9717",="0",PacketEnd
="2025-09-30 오전 10:03:29",="177",="109.6324",="12.3967",="0.8388007",="10002061",="10002677",="23.96056",="23.97172",="0",PacketEnd
="2025-09-30 오전 10:03:29",="180",="109.6324",="12.3967",="0.67786",="10002061",="10002677",="23.96058",="23.97179",="0",PacketEnd
="2025-09-30 오전 10:03:29",="183",="109.6323",="12.3967",="0.5475877",="10002061",="10002677",="23.96062",="23.97182",="0",PacketEnd
="2025-09-30 오전 10:03:29",="186",="109.6323",="12.3967",="0.442256",="10002061",="10002677",="23.96066",="23.97189",="0",PacketEnd
="2025-09-30 오전 10:03:29",="189",="109.6323",="12.3967",="0.357009",="10002061",="10002677",="23.96074",="23.97191",="0",PacketEnd
="2025-09-30 오전 10:03:29",="192",="109.6316",="12.40386",="0.285441",="10002061",="10002678",="23.96078",="23.97198",="0",PacketEnd
="2025-09-30 오전 10:03:29",="195",="109.6309",="12.41102",="0.2237602",="10002061",="10002679",="23.96087",="23.97202",="0",PacketEnd
="2025-09-30 오전 10:03:29",="198",="109.6302",="12.41102",="0.1701179",="10002061",="10002679",="23.96091",="23.97209",="0",PacketEnd
="2025-09-30 오전 10:03:29",="201",="109.6295",="12.41102",="0.1228798",="10002061",="10002679",="23.96099",="23.97213",="0",PacketEnd
="2025-09-30 오전 10:03:29",="204",="109.6294",="12.41102",="0.08598223",="10002061",="10002679",="23.96102",="23.9722",="0",PacketEnd
="2025-09-30 오전 10:03:29",="207",="109.6294",="12.41102",="0.05999029",="10002061",="10002679",="23.96107",="23.97223",="0",PacketEnd
="2025-09-30 오전 10:03:29",="210",="109.6294",="12.41102",="0.04263469",="10002061",="10002679",="23.96109",="23.97232",="0",PacketEnd
="2025-09-30 오전 10:03:29",="213",="109.6293",="12.41102",="0.03238881",="10002061",="10002679",="23.96114",="23.97235",="0",PacketEnd
="2025-09-30 오전 10:03:29",="216",="109.6293",="12.41102",="0.02535447",="10002061",="10002679",="23.96116",="23.97242",="0",PacketEnd
="2025-09-30 오전 10:03:29",="219",="109.6292",="12.41817",="0.01955827",="10002060",="10002679",="23.96122",="23.97245",="0",PacketEnd
="2025-09-30 오전 10:03:29",="222",="109.6292",="12.41817",="0.01499048",="10002060",="10002679",="23.96125",="23.97254",="0",PacketEnd
="2025-09-30 오전 10:03:29",="225",="109.6292",="12.41817",="0.01129356",="10002060",="10002679",="23.96131",="23.97259",="0",PacketEnd
="2025-09-30 오전 10:03:29",="228",="109.6291",="12.41817",="0.008199052",="10002060",="10002679",="23.96134",="23.97268",="0",PacketEnd
="2025-09-30 오전 10:03:29",="231",="109.6291",="12.41817",="0.005685486",="10002060",="10002679",="23.9614",="23.97272",="0",PacketEnd
="2025-09-30 오전 10:03:30",="234",="109.6291",="12.41817",="0.003593982",="10002060",="10002679",="23.96142",="23.9728",="0",PacketEnd
="2025-09-30 오전 10:03:30",="237",="109.629",="12.41817",="0.001828258",="10002060",="10002679",="23.96144",="23.97283",="0",PacketEnd
="2025-09-30 오전 10:03:30",="240",="109.629",="12.41817",="0.0004332073",="10002060",="10002679",="23.96145",="23.97292",="0",PacketEnd
="2025-09-30 오전 10:03:30",="243",="109.6289",="12.41817",="-0.0005973225",="10002060",="10002679",="23.96148",="23.97296",="0",PacketEnd
="2025-09-30 오전 10:03:30",="246",="109.6289",="12.41817",="-0.001491268",="10002060",="10002679",="23.9615",="23.97302",="0",PacketEnd
="2025-09-30 오전 10:03:30",="249",="109.6288",="12.41102",="-0.002180077",="10002061",="10002679",="23.96154",="23.97305",="0",PacketEnd
="2025-09-30 오전 10:03:30",="252",="109.6288",="12.41102",="-0.002596585",="10002061",="10002679",="23.96157",="23.97313",="0",PacketEnd
="2025-09-30 오전 10:03:30",="255",="109.6288",="12.41102",="-0.003048029",="10002061",="10002679",="23.96161",="23.97316",="0",PacketEnd
="2025-09-30 오전 10:03:30",="2",="109.6287",="12.41102",="-0.003296606",="10002061",="10002679",="23.96163",="23.97323",="0",PacketEnd
="2025-09-30 오전 10:03:30",="5",="109.6287",="12.41102",="-0.003397701",="10002061",="10002679",="23.96167",="23.97326",="0",PacketEnd
="2025-09-30 오전 10:03:30",="8",="109.6286",="12.41102",="-0.00369612",="10002061",="10002679",="23.96169",="23.97332",="0",PacketEnd
="2025-09-30 오전 10:03:30",="11",="109.6286",="12.41102",="-0.003760486",="10002061",="10002679",="23.96172",="23.97335",="0",PacketEnd
="2025-09-30 오전 10:03:30",="14",="109.6286",="12.41102",="-0.003812551",="10002061",="10002679",="23.96173",="23.97343",="0",PacketEnd
="2025-09-30 오전 10:03:30",="17",="109.6286",="12.41102",="-0.003899401",="10002062",="10002680",="23.96176",="23.97346",="0",PacketEnd
="2025-09-30 오전 10:03:30",="20",="109.6285",="12.41102",="-0.003940468",="10002062",="10002680",="23.96178",="23.9735",="0",PacketEnd
="2025-09-30 오전 10:03:30",="23",="109.6285",="12.38953",="-0.003946635",="10002064",="10002680",="23.96184",="23.97352",="0",PacketEnd
="2025-09-30 오전 10:03:30",="26",="109.6285",="12.38236",="-0.003905823",="10002065",="10002680",="23.96187",="23.97358",="0",PacketEnd
="2025-09-30 오전 10:03:30",="29",="109.6284",="12.37519",="-0.003859248",="10002066",="10002680",="23.96192",="23.97361",="0",PacketEnd
="2025-09-30 오전 10:03:30",="32",="109.6284",="12.37519",="-0.003763277",="10002066",="10002680",="23.96195",="23.97367",="0",PacketEnd
="2025-09-30 오전 10:03:30",="35",="109.6284",="12.37519",="-0.00368458",="10002066",="10002680",="23.96201",="23.97369",="0",PacketEnd
="2025-09-30 오전 10:03:30",="38",="109.6284",="12.37519",="-0.003651101",="10002066",="10002680",="23.96202",="23.97375",="0",PacketEnd
="2025-09-30 오전 10:03:30",="41",="109.6283",="12.37519",="-0.003623026",="10002066",="10002680",="23.96206",="23.97377",="0",PacketEnd
="2025-09-30 오전 10:03:30",="44",="109.6283",="12.37519",="-0.003630495",="10002066",="10002680",="23.96207",="23.97383",="0",PacketEnd
="2025-09-30 오전 10:03:30",="47",="109.6283",="12.37519",="-0.003621981",="10002066",="10002680",="23.96209",="23.97386",="0",PacketEnd
="2025-09-30 오전 10:03:30",="50",="109.6282",="12.37519",="-0.003602525",="10002066",="10002680",="23.96211",="23.97392",="0",PacketEnd
="2025-09-30 오전 10:03:30",="53",="109.6282",="12.37519",="-0.003557675",="10002066",="10002680",="23.96216",="23.97395",="0",PacketEnd
="2025-09-30 오전 10:03:30",="56",="109.6282",="12.37519",="-0.00351827",="10002066",="10002680",="23.96219",="23.97401",="0",PacketEnd
="2025-09-30 오전 10:03:30",="59",="109.6281",="12.36082",="-0.003545759",="10002067",="10002680",="23.96224",="23.97405",="0",PacketEnd
="2025-09-30 오전 10:03:30",="62",="109.6279",="12.37519",="-0.00407941",="10002067",="10002681",="23.96227",="23.97412",="0",PacketEnd
="2025-09-30 오전 10:03:30",="65",="109.6272",="12.36801",="-0.007937697",="10002068",="10002681",="23.96232",="23.97415",="0",PacketEnd
="2025-09-30 오전 10:03:30",="68",="109.6265",="12.37519",="-0.01488078",="10002068",="10002682",="23.96234",="23.97421",="0",PacketEnd
="2025-09-30 오전 10:03:30",="71",="109.6258",="12.38236",="-0.02428575",="10002068",="10002683",="23.96238",="23.97424",="0",PacketEnd
="2025-09-30 오전 10:03:30",="74",="109.6251",="12.3967",="-0.03517391",="10002068",="10002684",="23.96239",="23.97433",="0",PacketEnd
="2025-09-30 오전 10:03:30",="77",="109.6244",="12.3967",="-0.04443296",="10002068",="10002684",="23.96242",="23.97436",="0",PacketEnd
="2025-09-30 오전 10:03:31",="80",="109.6237",="12.40386",="-0.05180382",="10002068",="10002685",="23.96245",="23.97443",="0",PacketEnd
="2025-09-30 오전 10:03:31",="83",="109.623",="12.40386",="-0.05788684",="10002068",="10002685",="23.96252",="23.97446",="0",PacketEnd
="2025-09-30 오전 10:03:31",="86",="109.6225",="12.40386",="-0.0624075",="10002068",="10002685",="23.96256",="23.97453",="0",PacketEnd
="2025-09-30 오전 10:03:31",="89",="109.6225",="12.41102",="-0.06260935",="10002067",="10002685",="23.96264",="23.97456",="0",PacketEnd
="2025-09-30 오전 10:03:31",="92",="109.6225",="12.41102",="-0.0589828",="10002067",="10002685",="23.96268",="23.97463",="0",PacketEnd
="2025-09-30 오전 10:03:31",="95",="109.6224",="12.41102",="-0.05223029",="10002067",="10002685",="23.96276",="23.97466",="0",PacketEnd
="2025-09-30 오전 10:03:31",="98",="109.6224",="12.42532",="-0.04344502",="10002066",="10002685",="23.9628",="23.97473",="0",PacketEnd
="2025-09-30 오전 10:03:31",="101",="109.6224",="12.42532",="-0.03595892",="10002066",="10002685",="23.96285",="23.97476",="0",PacketEnd
="2025-09-30 오전 10:03:31",="104",="109.6223",="12.42532",="-0.02990552",="10002066",="10002685",="23.96288",="23.97483",="0",PacketEnd
="2025-09-30 오전 10:03:31",="107",="109.6223",="12.42532",="-0.02501635",="10002066",="10002685",="23.96292",="23.97486",="0",PacketEnd
="2025-09-30 오전 10:03:31",="110",="109.6222",="12.42532",="-0.02102389",="10002066",="10002685",="23.96295",="23.97492",="0",PacketEnd
="2025-09-30 오전 10:03:31",="113",="109.6222",="12.42532",="-0.01779136",="10002066",="10002685",="23.96304",="23.97495",="0",PacketEnd
="2025-09-30 오전 10:03:31",="116",="109.6222",="12.42532",="-0.01526408",="10002066",="10002685",="23.96308",="23.97501",="0",PacketEnd
="2025-09-30 오전 10:03:31",="119",="109.6222",="12.42532",="-0.01307704",="10002066",="10002685",="23.96316",="23.97505",="0",PacketEnd
="2025-09-30 오전 10:03:31",="122",="109.6221",="12.42532",="-0.01130492",="10002066",="10002685",="23.9632",="23.97512",="0",PacketEnd
="2025-09-30 오전 10:03:31",="125",="109.6221",="12.42532",="-0.009874505",="10002066",="10002685",="23.96329",="23.97514",="0",PacketEnd
="2025-09-30 오전 10:03:31",="128",="109.622",="12.42532",="-0.008687276",="10002066",="10002685",="23.96333",="23.9752",="0",PacketEnd
="2025-09-30 오전 10:03:31",="131",="109.622",="12.42532",="-0.007786298",="10002066",="10002685",="23.96338",="23.97523",="0",PacketEnd
="2025-09-30 오전 10:03:31",="134",="109.622",="12.42532",="-0.007011702",="10002066",="10002685",="23.9634",="23.9753",="0",PacketEnd
="2025-09-30 오전 10:03:31",="137",="109.622",="12.42532",="-0.006386129",="10002066",="10002685",="23.96343",="23.97533",="0",PacketEnd
="2025-09-30 오전 10:03:31",="140",="109.6219",="12.42532",="-0.005965529",="10002066",="10002685",="23.96348",="23.9754",="0",PacketEnd
="2025-09-30 오전 10:03:31",="143",="109.6219",="12.42532",="-0.005583628",="10002066",="10002685",="23.96356",="23.97543",="0",PacketEnd
="2025-09-30 오전 10:03:31",="146",="109.6219",="12.42532",="-0.005304889",="10002066",="10002685",="23.96361",="23.97549",="0",PacketEnd
="2025-09-30 오전 10:03:31",="149",="109.6218",="12.42532",="-0.00515547",="10002066",="10002685",="23.96369",="23.97553",="0",PacketEnd
="2025-09-30 오전 10:03:31",="152",="109.6218",="12.41102",="-0.004900258",="10002067",="10002685",="23.96374",="23.97561",="0",PacketEnd
="2025-09-30 오전 10:03:31",="155",="109.6217",="12.41102",="-0.004780306",="10002067",="10002685",="23.96382",="23.97565",="0",PacketEnd
="2025-09-30 오전 10:03:31",="158",="109.6217",="12.41102",="-0.004730145",="10002067",="10002685",="23.96386",="23.97572",="0",PacketEnd
="2025-09-30 오전 10:03:31",="161",="109.6217",="12.41102",="-0.004710442",="10002067",="10002685",="23.96392",="23.97575",="0",PacketEnd
="2025-09-30 오전 10:03:31",="164",="109.6216",="12.41817",="-0.004670506",="10002067",="10002686",="23.96394",="23.97582",="0",PacketEnd
="2025-09-30 오전 10:03:31",="167",="109.6216",="12.41817",="-0.004593395",="10002067",="10002686",="23.96399",="23.97586",="0",PacketEnd
="2025-09-30 오전 10:03:31",="170",="109.6216",="12.41817",="-0.004617436",="10002067",="10002686",="23.96403",="23.9759",="0",PacketEnd
="2025-09-30 오전 10:03:31",="173",="109.6215",="12.41817",="-0.004523342",="10002067",="10002686",="23.96411",="23.97593",="0",PacketEnd
="2025-09-30 오전 10:03:31",="176",="109.6215",="12.41817",="-0.004372317",="10002067",="10002686",="23.96416",="23.97598",="0",PacketEnd
="2025-09-30 오전 10:03:32",="179",="109.6215",="12.41817",="-0.004298015",="10002067",="10002686",="23.96424",="23.97601",="0",PacketEnd
="2025-09-30 오전 10:03:32",="182",="109.6214",="12.41817",="-0.004131755",="10002067",="10002686",="23.96428",="23.97607",="0",PacketEnd
="2025-09-30 오전 10:03:32",="185",="109.6214",="12.41817",="-0.003999328",="10002067",="10002686",="23.96436",="23.9761",="0",PacketEnd
="2025-09-30 오전 10:03:32",="188",="109.6214",="12.41817",="-0.003934884",="10002067",="10002686",="23.96441",="23.97615",="0",PacketEnd
="2025-09-30 오전 10:03:32",="191",="109.6213",="12.41817",="-0.003868199",="10002067",="10002686",="23.96444",="23.97619",="0",PacketEnd
="2025-09-30 오전 10:03:32",="194",="109.6213",="12.41817",="-0.003844363",="10002067",="10002686",="23.96445",="23.97626",="0",PacketEnd
="2025-09-30 오전 10:03:32",="197",="109.6213",="12.41817",="-0.003825156",="10002067",="10002686",="23.96449",="23.9763",="0",PacketEnd
="2025-09-30 오전 10:03:32",="200",="109.6213",="12.42532",="-0.003882471",="10002067",="10002687",="23.96453",="23.97635",="0",PacketEnd
="2025-09-30 오전 10:03:32",="203",="109.6212",="12.42532",="-0.003927768",="10002067",="10002687",="23.96461",="23.97637",="0",PacketEnd
="2025-09-30 오전 10:03:32",="206",="109.6205",="12.4396",="-0.00650189",="10002067",="10002688",="23.96464",="23.97643",="0",PacketEnd
="2025-09-30 오전 10:03:32",="209",="109.6198",="12.44674",="-0.01234465",="10002067",="10002689",="23.96472",="23.97646",="0",PacketEnd
="2025-09-30 오전 10:03:32",="212",="109.6191",="12.44674",="-0.0208201",="10002068",="10002690",="23.96476",="23.97653",="0",PacketEnd
="2025-09-30 오전 10:03:32",="215",="109.6184",="12.4396",="-0.03146567",="10002069",="10002690",="23.96483",="23.97657",="0",PacketEnd
="2025-09-30 오전 10:03:32",="218",="109.6177",="12.44674",="-0.04131878",="10002069",="10002691",="23.96487",="23.97663",="0",PacketEnd
="2025-09-30 오전 10:03:32",="221",="109.6171",="12.44674",="-0.04937332",="10002069",="10002691",="23.96491",="23.97668",="0",PacketEnd
="2025-09-30 오전 10:03:32",="224",="109.6164",="12.44674",="-0.05593226",="10002069",="10002691",="23.96493",="23.97676",="0",PacketEnd
="2025-09-30 오전 10:03:32",="227",="109.6157",="12.46099",="-0.06125131",="10002069",="10002692",="23.96498",="23.9768",="0",PacketEnd
="2025-09-30 오전 10:03:32",="230",="109.6156",="12.46099",="-0.06296866",="10002069",="10002692",="23.96502",="23.97686",="0",PacketEnd
="2025-09-30 오전 10:03:32",="233",="109.6156",="12.44674",="-0.06060334",="10002070",="10002692",="23.9651",="23.97688",="0",PacketEnd
="2025-09-30 오전 10:03:32",="236",="109.6155",="12.45387",="-0.05491273",="10002070",="10002693",="23.96514",="23.97694",="0",PacketEnd
="2025-09-30 오전 10:03:32",="239",="109.6155",="12.45387",="-0.04642927",="10002070",="10002693",="23.96522",="23.97697",="0",PacketEnd
="2025-09-30 오전 10:03:32",="242",="109.6155",="12.45387",="-0.03831868",="10002070",="10002693",="23.96526",="23.97702",="0",PacketEnd
="2025-09-30 오전 10:03:32",="245",="109.6155",="12.45387",="-0.0317362",="10002070",="10002693",="23.96534",="23.97704",="0",PacketEnd
="2025-09-30 오전 10:03:32",="248",="109.6154",="12.45387",="-0.02628053",="10002070",="10002693",="23.96539",="23.97709",="0",PacketEnd
="2025-09-30 오전 10:03:32",="251",="109.6154",="12.45387",="-0.02188302",="10002070",="10002693",="23.96542",="23.97712",="0",PacketEnd
="2025-09-30 오전 10:03:32",="254",="109.6154",="12.45387",="-0.01831234",="10002070",="10002693",="23.96544",="23.97717",="0",PacketEnd
="2025-09-30 오전 10:03:32",="1",="109.6153",="12.45387",="-0.01538343",="10002070",="10002693",="23.96547",="23.9772",="0",PacketEnd
="2025-09-30 오전 10:03:32",="4",="109.6153",="12.45387",="-0.01309967",="10002070",="10002693",="23.96551",="23.97723",="0",PacketEnd
="2025-09-30 오전 10:03:32",="7",="109.6153",="12.45387",="-0.01119611",="10002070",="10002693",="23.96558",="23.97725",="0",PacketEnd
="2025-09-30 오전 10:03:32",="10",="109.6153",="12.45387",="-0.009620973",="10002070",="10002693",="23.96561",="23.97729",="0",PacketEnd
="2025-09-30 오전 10:03:32",="13",="109.6153",="12.45387",="-0.008250003",="10002070",="10002693",="23.96568",="23.97732",="0",PacketEnd
="2025-09-30 오전 10:03:32",="16",="109.6152",="12.45387",="-0.007201317",="10002070",="10002693",="23.96572",="23.97736",="0",PacketEnd
="2025-09-30 오전 10:03:32",="19",="109.6152",="12.45387",="-0.006332307",="10002070",="10002693",="23.96579",="23.97738",="0",PacketEnd
="2025-09-30 오전 10:03:33",="22",="109.6152",="12.45387",="-0.005649112",="10002070",="10002693",="23.96583",="23.97741",="0",PacketEnd
="2025-09-30 오전 10:03:33",="25",="109.6152",="12.45387",="-0.00510585",="10002070",="10002693",="23.96587",="23.97744",="0",PacketEnd
="2025-09-30 오전 10:03:33",="28",="109.6152",="12.45387",="-0.004505081",="10002070",="10002693",="23.96589",="23.97748",="0",PacketEnd
="2025-09-30 오전 10:03:33",="31",="109.6151",="12.45387",="-0.00417314",="10002070",="10002693",="23.96592",="23.9775",="0",PacketEnd
="2025-09-30 오전 10:03:33",="34",="109.6151",="12.45387",="-0.003914078",="10002070",="10002693",="23.96595",="23.97753",="0",PacketEnd
="2025-09-30 오전 10:03:33",="37",="109.6151",="12.45387",="-0.00366185",="10002070",="10002693",="23.96602",="23.97754",="0",PacketEnd
="2025-09-30 오전 10:03:33",="40",="109.6151",="12.45387",="-0.003488996",="10002070",="10002693",="23.96605",="23.97758",="0",PacketEnd
="2025-09-30 오전 10:03:33",="43",="109.6151",="12.45387",="-0.00322839",="10002070",="10002693",="23.96612",="23.97761",="0",PacketEnd
="2025-09-30 오전 10:03:33",="46",="109.6151",="12.45387",="-0.002945728",="10002070",="10002693",="23.96614",="23.97764",="0",PacketEnd
="2025-09-30 오전 10:03:33",="49",="109.615",="12.45387",="-0.00280762",="10002070",="10002693",="23.9662",="23.97766",="0",PacketEnd
="2025-09-30 오전 10:03:33",="52",="109.615",="12.45387",="-0.002809517",="10002070",="10002693",="23.96624",="23.9777",="0",PacketEnd
="2025-09-30 오전 10:03:33",="55",="109.615",="12.45387",="-0.002737133",="10002070",="10002693",="23.96626",="23.97773",="0",PacketEnd
="2025-09-30 오전 10:03:33",="58",="109.615",="12.45387",="-0.002740999",="10002070",="10002693",="23.96628",="23.97779",="0",PacketEnd
="2025-09-30 오전 10:03:33",="61",="109.6149",="12.45387",="-0.002753569",="10002070",="10002693",="23.96631",="23.97782",="0",PacketEnd
="2025-09-30 오전 10:03:33",="64",="109.6147",="12.46099",="-0.003118792",="10002070",="10002694",="23.96634",="23.97786",="0",PacketEnd
="2025-09-30 오전 10:03:33",="67",="109.614",="12.47523",="-0.006974265",="10002070",="10002695",="23.96641",="23.97788",="0",PacketEnd
="2025-09-30 오전 10:03:33",="70",="109.6131",="12.48945",="-0.01439105",="10002070",="10002697",="23.96644",="23.97791",="0",PacketEnd
="2025-09-30 오전 10:03:33",="73",="109.6117",="12.48945",="-0.02749136",="10002071",="10002698",="23.96651",="23.97794",="0",PacketEnd
="2025-09-30 오전 10:03:33",="76",="109.6106",="12.48234",="-0.04476479",="10002072",="10002698",="23.96654",="23.97799",="0",PacketEnd
="2025-09-30 오전 10:03:33",="79",="109.6099",="12.46099",="-0.05947799",="10002074",="10002698",="23.96661",="23.97802",="0",PacketEnd
="2025-09-30 오전 10:03:33",="82",="109.6095",="12.45387",="-0.07041807",="10002075",="10002698",="23.96664",="23.97807",="0",PacketEnd
="2025-09-30 오전 10:03:33",="85",="109.6094",="12.45387",="-0.07253277",="10002075",="10002698",="23.96668",="23.9781",="0",PacketEnd
="2025-09-30 오전 10:03:33",="88",="109.6094",="12.45387",="-0.06712404",="10002075",="10002698",="23.96669",="23.97817",="0",PacketEnd
="2025-09-30 오전 10:03:33",="91",="109.6094",="12.45387",="-0.05864378",="10002075",="10002698",="23.96673",="23.9782",="0",PacketEnd
="2025-09-30 오전 10:03:33",="94",="109.6093",="12.45387",="-0.04855786",="10002075",="10002698",="23.96675",="23.97826",="0",PacketEnd
="2025-09-30 오전 10:03:33",="97",="109.6093",="12.45387",="-0.04000711",="10002075",="10002698",="23.96682",="23.97829",="0",PacketEnd
="2025-09-30 오전 10:03:33",="100",="109.6093",="12.45387",="-0.03313733",="10002075",="10002698",="23.96686",="23.97835",="0",PacketEnd
="2025-09-30 오전 10:03:33",="103",="109.6092",="12.44674",="-0.02756173",="10002076",="10002698",="23.96693",="23.97838",="0",PacketEnd
="2025-09-30 오전 10:03:33",="106",="109.6092",="12.44674",="-0.02300998",="10002076",="10002698",="23.96696",="23.97844",="0",PacketEnd
="2025-09-30 오전 10:03:33",="109",="109.6092",="12.44674",="-0.01935416",="10002076",="10002698",="23.96704",="23.97846",="0",PacketEnd
="2025-09-30 오전 10:03:33",="112",="109.6092",="12.44674",="-0.01635531",="10002076",="10002698",="23.96708",="23.97852",="0",PacketEnd
="2025-09-30 오전 10:03:33",="115",="109.6091",="12.44674",="-0.01397024",="10002076",="10002698",="23.96711",="23.97856",="0",PacketEnd
="2025-09-30 오전 10:03:33",="118",="109.6091",="12.44674",="-0.01200029",="10002076",="10002698",="23.96713",="23.97864",="0",PacketEnd
="2025-09-30 오전 10:03:33",="121",="109.6091",="12.44674",="-0.01042244",="10002076",="10002698",="23.96716",="23.97868",="0",PacketEnd
="2025-09-30 오전 10:03:34",="124",="109.609",="12.44674",="-0.009262783",="10002076",="10002698",="23.96718",="23.97874",="0",PacketEnd
="2025-09-30 오전 10:03:34",="127",="109.609",="12.44674",="-0.008298616",="10002076",="10002698",="23.96724",="23.97877",="0",PacketEnd
="2025-09-30 오전 10:03:34",="130",="109.6089",="12.44674",="-0.007560388",="10002076",="10002698",="23.96727",="23.97883",="0",PacketEnd
="2025-09-30 오전 10:03:34",="133",="109.6089",="12.46099",="-0.00690395",="10002076",="10002699",="23.96733",="23.97885",="0",PacketEnd
="2025-09-30 오전 10:03:34",="136",="109.6089",="12.46811",="-0.006384391",="10002076",="10002700",="23.96736",="23.97891",="0",PacketEnd
="2025-09-30 오전 10:03:34",="139",="109.6089",="12.45387",="-0.005862086",="10002077",="10002700",="23.96742",="23.97894",="0",PacketEnd
="2025-09-30 오전 10:03:34",="142",="109.6088",="12.44674",="-0.005411478",="10002078",="10002700",="23.96745",="23.97899",="0",PacketEnd
="2025-09-30 오전 10:03:34",="145",="109.6088",="12.4396",="-0.005047978",="10002079",="10002700",="23.96749",="23.97902",="0",PacketEnd
="2025-09-30 오전 10:03:34",="148",="109.6088",="12.4396",="-0.004696714",="10002079",="10002700",="23.9675",="23.97909",="0",PacketEnd
="2025-09-30 오전 10:03:34",="151",="109.6087",="12.4396",="-0.00452612",="10002079",="10002700",="23.96753",="23.97912",="0",PacketEnd
="2025-09-30 오전 10:03:34",="154",="109.6087",="12.4396",="-0.00439118",="10002079",="10002700",="23.96754",="23.97918",="0",PacketEnd
="2025-09-30 오전 10:03:34",="157",="109.6087",="12.4396",="-0.004265413",="10002079",="10002700",="23.9676",="23.97921",="0",PacketEnd
="2025-09-30 오전 10:03:34",="160",="109.6086",="12.4396",="-0.004267777",="10002079",="10002700",="23.96763",="23.97926",="0",PacketEnd
="2025-09-30 오전 10:03:34",="163",="109.6086",="12.4396",="-0.004182209",="10002079",="10002700",="23.96768",="23.97929",="0",PacketEnd
="2025-09-30 오전 10:03:34",="166",="109.6086",="12.41817",="-0.004052636",="10002081",="10002700",="23.96771",="23.97934",="0",PacketEnd
="2025-09-30 오전 10:03:34",="169",="109.6081",="12.42532",="-0.005307215",="10002081",="10002701",="23.96777",="23.97937",="0",PacketEnd
="2025-09-30 오전 10:03:34",="172",="109.6074",="12.42532",="-0.009965089",="10002081",="10002701",="23.9678",="23.97942",="0",PacketEnd
="2025-09-30 오전 10:03:34",="175",="109.6067",="12.42532",="-0.01762574",="10002081",="10002701",="23.96784",="23.97946",="0",PacketEnd
="2025-09-30 오전 10:03:34",="178",="109.6063",="12.41817",="-0.0271748",="10002081",="10002700",="23.96786",="23.97954",="0",PacketEnd
="2025-09-30 오전 10:03:34",="181",="109.6067",="12.41817",="-0.03273895",="10002081",="10002700",="23.96789",="23.97958",="0",PacketEnd
="2025-09-30 오전 10:03:34",="184",="109.6073",="12.41817",="-0.02968609",="10002081",="10002700",="23.96791",="23.97966",="0",PacketEnd
="2025-09-30 오전 10:03:34",="187",="109.6079",="12.41817",="-0.01964318",="10002081",="10002700",="23.96797",="23.97969",="0",PacketEnd
="2025-09-30 오전 10:03:34",="190",="109.6083",="12.41817",="-0.004926215",="10002081",="10002700",="23.96801",="23.97975",="0",PacketEnd
="2025-09-30 오전 10:03:34",="193",="109.6083",="12.41817",="0.006452275",="10002081",="10002700",="23.96807",="23.97979",="0",PacketEnd
="2025-09-30 오전 10:03:34",="196",="109.6082",="12.41817",="0.01185181",="10002081",="10002700",="23.9681",="23.97986",="0",PacketEnd
="2025-09-30 오전 10:03:34",="199",="109.6082",="12.41817",="0.01244831",="10002081",="10002700",="23.96816",="23.97989",="0",PacketEnd
="2025-09-30 오전 10:03:34",="202",="109.6079",="12.42532",="0.009193103",="10002081",="10002701",="23.96819",="23.97996",="0",PacketEnd
="2025-09-30 오전 10:03:34",="205",="109.6072",="12.41817",="0.002755535",="10002082",="10002701",="23.96824",="23.98001",="0",PacketEnd
="2025-09-30 오전 10:03:34",="208",="109.6065",="12.41817",="-0.006288393",="10002082",="10002701",="23.96826",="23.9801",="0",PacketEnd
="2025-09-30 오전 10:03:34",="211",="109.6058",="12.41817",="-0.01733649",="10002082",="10002701",="23.96829",="23.98015",="0",PacketEnd
="2025-09-30 오전 10:03:34",="214",="109.6054",="12.41817",="-0.0293163",="10002082",="10002701",="23.9683",="23.98024",="0",PacketEnd
="2025-09-30 오전 10:03:34",="217",="109.6053",="12.41817",="-0.03603573",="10002082",="10002701",="23.96837",="23.98028",="0",PacketEnd
="2025-09-30 오전 10:03:34",="220",="109.6053",="12.41817",="-0.03767815",="10002082",="10002701",="23.96841",="23.98035",="0",PacketEnd
="2025-09-30 오전 10:03:35",="223",="109.6052",="12.41817",="-0.03533346",="10002082",="10002701",="23.96848",="23.98038",="0",PacketEnd
="2025-09-30 오전 10:03:35",="226",="109.6052",="12.41817",="-0.02996375",="10002082",="10002701",="23.96851",="23.98046",="0",PacketEnd
="2025-09-30 오전 10:03:35",="229",="109.6051",="12.41817",="-0.02516754",="10002082",="10002701",="23.96858",="23.98049",="0",PacketEnd
="2025-09-30 오전 10:03:35",="232",="109.6051",="12.41817",="-0.0212483",="10002082",="10002701",="23.96862",="23.98057",="0",PacketEnd
="2025-09-30 오전 10:03:35",="235",="109.6051",="12.41817",="-0.01805732",="10002082",="10002701",="23.96868",="23.98061",="0",PacketEnd
="2025-09-30 오전 10:03:35",="238",="109.605",="12.41817",="-0.01548439",="10002082",="10002701",="23.9687",="23.9807",="0",PacketEnd
="2025-09-30 오전 10:03:35",="241",="109.605",="12.41817",="-0.01341566",="10002082",="10002701",="23.96874",="23.98075",="0",PacketEnd
="2025-09-30 오전 10:03:35",="244",="109.6049",="12.41817",="-0.01185682",="10002082",="10002701",="23.96877",="23.98083",="0",PacketEnd
="2025-09-30 오전 10:03:35",="247",="109.6049",="12.41102",="-0.01056982",="10002083",="10002701",="23.96885",="23.98086",="0",PacketEnd
="2025-09-30 오전 10:03:35",="250",="109.6049",="12.41102",="-0.00952671",="10002083",="10002701",="23.9689",="23.98093",="0",PacketEnd
="2025-09-30 오전 10:03:35",="253",="109.6048",="12.41102",="-0.008755874",="10002083",="10002701",="23.96899",="23.98097",="0",PacketEnd
="2025-09-30 오전 10:03:35",="0",="109.6048",="12.41102",="-0.008013623",="10002083",="10002701",="23.96903",="23.98104",="0",PacketEnd
="2025-09-30 오전 10:03:35",="3",="109.6047",="12.41102",="-0.007432963",="10002083",="10002701",="23.96912",="23.98108",="0",PacketEnd
="2025-09-30 오전 10:03:35",="6",="109.6047",="12.41102",="-0.006988336",="10002083",="10002701",="23.96916",="23.98116",="0",PacketEnd
="2025-09-30 오전 10:03:35",="9",="109.6047",="12.3967",="-0.006512014",="10002084",="10002701",="23.96923",="23.98121",="0",PacketEnd
="2025-09-30 오전 10:03:35",="12",="109.6046",="12.3967",="-0.006173586",="10002084",="10002701",="23.96925",="23.9813",="0",PacketEnd
="2025-09-30 오전 10:03:35",="21",="109.6045",="12.3967",="-0.005748742",="10002084",="10002701",="23.96941",="23.98146",="0",PacketEnd
="2025-09-30 오전 10:03:35",="24",="109.6044",="12.3967",="-0.005714456",="10002084",="10002701",="23.96946",="23.98152",="0",PacketEnd
="2025-09-30 오전 10:03:35",="27",="109.6044",="12.3967",="-0.005553512",="10002084",="10002701",="23.96954",="23.98155",="0",PacketEnd
="2025-09-30 오전 10:03:35",="30",="109.6043",="12.3967",="-0.005426379",="10002084",="10002701",="23.96959",="23.98161",="0",PacketEnd
="2025-09-30 오전 10:03:35",="33",="109.6043",="12.3967",="-0.005262119",="10002084",="10002701",="23.96967",="23.98164",="0",PacketEnd
="2025-09-30 오전 10:03:35",="36",="109.6043",="12.3967",="-0.004997035",="10002084",="10002701",="23.96972",="23.9817",="0",PacketEnd
="2025-09-30 오전 10:03:35",="39",="109.6042",="12.3967",="-0.004803345",="10002084",="10002701",="23.96978",="23.98173",="0",PacketEnd
="2025-09-30 오전 10:03:35",="42",="109.6036",="12.41817",="-0.007180881",="10002084",="10002703",="23.9698",="23.9818",="0",PacketEnd
="2025-09-30 오전 10:03:35",="45",="109.6029",="12.43246",="-0.0129095",="10002084",="10002705",="23.96984",="23.98184",="0",PacketEnd
="2025-09-30 오전 10:03:35",="48",="109.6022",="12.43246",="-0.02136548",="10002084",="10002705",="23.96987",="23.98189",="0",PacketEnd
="2025-09-30 오전 10:03:35",="51",="109.601",="12.44674",="-0.03329227",="10002084",="10002706",="23.96996",="23.98191",="0",PacketEnd
="2025-09-30 오전 10:03:35",="54",="109.6003",="12.44674",="-0.04531772",="10002084",="10002706",="23.97",="23.98196",="0",PacketEnd
="2025-09-30 오전 10:03:35",="57",="109.5997",="12.44674",="-0.05505753",="10002084",="10002706",="23.97009",="23.98198",="0",PacketEnd
="2025-09-30 오전 10:03:35",="60",="109.599",="12.44674",="-0.06292243",="10002084",="10002706",="23.97014",="23.98203",="0",PacketEnd
="2025-09-30 오전 10:03:35",="63",="109.5987",="12.44674",="-0.06655082",="10002084",="10002706",="23.97023",="23.98205",="0",PacketEnd
="2025-09-30 오전 10:03:36",="66",="109.5987",="12.44674",="-0.06445805",="10002084",="10002706",="23.97027",="23.9821",="0",PacketEnd
="2025-09-30 오전 10:03:36",="75",="109.5986",="12.4396",="-0.04162572",="10002086",="10002707",="23.97042",="23.98225",="0",PacketEnd
="2025-09-30 오전 10:03:36",="78",="109.5986",="12.43246",="-0.03438419",="10002087",="10002707",="23.97047",="23.98232",="0",PacketEnd
="2025-09-30 오전 10:03:36",="81",="109.5985",="12.41817",="-0.02858799",="10002088",="10002707",="23.97057",="23.98234",="0",PacketEnd
="2025-09-30 오전 10:03:36",="84",="109.5985",="12.41817",="-0.02397241",="10002088",="10002707",="23.97062",="23.9824",="0",PacketEnd
="2025-09-30 오전 10:03:36",="87",="109.5985",="12.41102",="-0.0201889",="10002089",="10002707",="23.97073",="23.98242",="0",PacketEnd
="2025-09-30 오전 10:03:36",="90",="109.5985",="12.41102",="-0.01707632",="10002089",="10002707",="23.97078",="23.98248",="0",PacketEnd
="2025-09-30 오전 10:03:36",="93",="109.5984",="12.41102",="-0.01448154",="10002089",="10002707",="23.97088",="23.98252",="0",PacketEnd
="2025-09-30 오전 10:03:36",="96",="109.5984",="12.41102",="-0.01237014",="10002089",="10002707",="23.97094",="23.98259",="0",PacketEnd
="2025-09-30 오전 10:03:36",="99",="109.5984",="12.41102",="-0.0107216",="10002089",="10002707",="23.971",="23.98263",="0",PacketEnd
="2025-09-30 오전 10:03:36",="102",="109.5983",="12.41102",="-0.00946096",="10002089",="10002707",="23.97103",="23.98272",="0",PacketEnd
="2025-09-30 오전 10:03:36",="105",="109.5983",="12.41102",="-0.008499607",="10002089",="10002707",="23.97108",="23.98276",="0",PacketEnd
="2025-09-30 오전 10:03:36",="108",="109.5982",="12.41102",="-0.007838569",="10002089",="10002707",="23.97111",="23.98283",="0",PacketEnd
="2025-09-30 오전 10:03:36",="111",="109.5982",="12.41102",="-0.007272687",="10002089",="10002707",="23.97119",="23.98286",="0",PacketEnd
="2025-09-30 오전 10:03:36",="114",="109.5982",="12.41102",="-0.006830571",="10002089",="10002707",="23.97123",="23.98293",="0",PacketEnd
="2025-09-30 오전 10:03:36",="117",="109.5981",="12.41102",="-0.006504118",="10002089",="10002707",="23.97131",="23.98296",="0",PacketEnd
="2025-09-30 오전 10:03:36",="120",="109.5981",="12.41102",="-0.006133896",="10002089",="10002707",="23.97135",="23.98301",="0",PacketEnd
="2025-09-30 오전 10:03:36",="129",="109.598",="12.41102",="-0.005023609",="10002089",="10002707",="23.97152",="23.98313",="0",PacketEnd
="2025-09-30 오전 10:03:36",="132",="109.598",="12.41102",="-0.004705121",="10002089",="10002707",="23.97153",="23.98321",="0",PacketEnd
="2025-09-30 오전 10:03:36",="135",="109.5979",="12.41102",="-0.004505795",="10002089",="10002707",="23.97156",="23.98324",="0",PacketEnd
="2025-09-30 오전 10:03:36",="138",="109.5979",="12.41102",="-0.004417414",="10002089",="10002707",="23.97159",="23.98331",="0",PacketEnd
="2025-09-30 오전 10:03:36",="141",="109.5979",="12.41102",="-0.004343936",="10002089",="10002707",="23.97165",="23.98333",="0",PacketEnd
="2025-09-30 오전 10:03:36",="144",="109.5978",="12.41102",="-0.004329235",="10002089",="10002707",="23.97169",="23.98338",="0",PacketEnd
="2025-09-30 오전 10:03:36",="147",="109.5978",="12.41102",="-0.004302787",="10002089",="10002707",="23.97176",="23.98341",="0",PacketEnd
="2025-09-30 오전 10:03:36",="150",="109.5978",="12.41102",="-0.004263711",="10002089",="10002707",="23.97179",="23.98345",="0",PacketEnd
="2025-09-30 오전 10:03:36",="153",="109.5977",="12.41102",="-0.004077876",="10002089",="10002707",="23.97186",="23.98348",="0",PacketEnd
="2025-09-30 오전 10:03:36",="156",="109.5977",="12.41102",="-0.003941117",="10002089",="10002707",="23.97189",="23.98355",="0",PacketEnd
="2025-09-30 오전 10:03:36",="159",="109.5977",="12.41102",="-0.003786753",="10002089",="10002707",="23.97194",="23.98359",="0",PacketEnd
="2025-09-30 오전 10:03:36",="162",="109.5976",="12.41817",="-0.003679571",="10002088",="10002707",="23.97196",="23.98367",="0",PacketEnd
="2025-09-30 오전 10:03:36",="165",="109.5976",="12.43246",="-0.003778344",="10002087",="10002707",="23.97199",="23.98371",="0",PacketEnd
="2025-09-30 오전 10:03:37",="168",="109.5976",="12.43246",="-0.003872797",="10002087",="10002707",="23.97201",="23.98378",="0",PacketEnd
="2025-09-30 오전 10:03:37",="171",="109.5975",="12.4396",="-0.004023119",="10002086",="10002707",="23.97206",="23.98382",="0",PacketEnd
="2025-09-30 오전 10:03:37",="180",="109.5974",="12.45387",="-0.004319573",="10002084",="10002707",="23.97217",="23.98396",="0",PacketEnd
="2025-09-30 오전 10:03:37",="183",="109.5974",="12.45387",="-0.004395943",="10002084",="10002707",="23.97222",="23.98399",="0",PacketEnd
="2025-09-30 오전 10:03:37",="186",="109.5974",="12.45387",="-0.004301503",="10002084",="10002707",="23.97225",="23.98407",="0",PacketEnd
="2025-09-30 오전 10:03:37",="189",="109.5973",="12.45387",="-0.004179311",="10002084",="10002707",="23.97227",="23.98412",="0",PacketEnd
="2025-09-30 오전 10:03:37",="192",="109.5973",="12.44674",="-0.004153323",="10002085",="10002707",="23.97229",="23.98423",="0",PacketEnd
="2025-09-30 오전 10:03:37",="195",="109.5972",="12.4396",="-0.004250035",="10002086",="10002707",="23.97231",="23.98428",="0",PacketEnd
="2025-09-30 오전 10:03:37",="198",="109.5972",="12.4396",="-0.004441804",="10002086",="10002707",="23.97232",="23.98439",="0",PacketEnd
="2025-09-30 오전 10:03:37",="201",="109.5971",="12.43246",="-0.004748883",="10002087",="10002707",="23.97235",="23.98443",="0",PacketEnd
="2025-09-30 오전 10:03:37",="204",="109.5971",="12.41817",="-0.005066083",="10002088",="10002707",="23.97237",="23.98451",="0",PacketEnd
="2025-09-30 오전 10:03:37",="207",="109.597",="12.41102",="-0.005236248",="10002089",="10002707",="23.97241",="23.98454",="0",PacketEnd
="2025-09-30 오전 10:03:37",="210",="109.597",="12.41102",="-0.005433185",="10002089",="10002707",="23.97243",="23.98461",="0",PacketEnd
="2025-09-30 오전 10:03:37",="213",="109.5969",="12.41102",="-0.005439534",="10002089",="10002707",="23.97247",="23.98465",="0",PacketEnd
="2025-09-30 오전 10:03:37",="216",="109.5969",="12.41102",="-0.005434161",="10002089",="10002707",="23.97249",="23.98475",="0",PacketEnd
="2025-09-30 오전 10:03:37",="219",="109.5969",="12.41102",="-0.005372511",="10002089",="10002707",="23.97253",="23.9848",="0",PacketEnd
="2025-09-30 오전 10:03:37",="222",="109.5968",="12.41102",="-0.005247731",="10002089",="10002707",="23.97254",="23.98491",="0",PacketEnd
="2025-09-30 오전 10:03:37",="225",="109.5967",="12.41102",="-0.005299747",="10002089",="10002707",="23.97256",="23.98496",="0",PacketEnd
="2025-09-30 오전 10:03:37",="234",="109.5966",="12.41102",="-0.005757973",="10002089",="10002707",="23.97264",="23.9852",="0",PacketEnd
="2025-09-30 오전 10:03:37",="237",="109.5965",="12.41102",="-0.005850091",="10002089",="10002707",="23.97269",="23.98522",="0",PacketEnd
="2025-09-30 오전 10:03:37",="240",="109.5965",="12.41102",="-0.005882924",="10002089",="10002707",="23.97271",="23.98528",="0",PacketEnd
="2025-09-30 오전 10:03:37",="243",="109.5965",="12.41102",="-0.005777194",="10002089",="10002707",="23.97277",="23.98532",="0",PacketEnd
="2025-09-30 오전 10:03:37",="246",="109.5964",="12.41102",="-0.005638486",="10002089",="10002707",="23.97279",="23.9854",="0",PacketEnd
="2025-09-30 오전 10:03:37",="249",="109.5964",="12.41102",="-0.005477432",="10002089",="10002707",="23.97284",="23.98544",="0",PacketEnd
="2025-09-30 오전 10:03:37",="252",="109.5964",="12.41102",="-0.005290919",="10002089",="10002707",="23.97285",="23.98553",="0",PacketEnd
="2025-09-30 오전 10:03:37",="255",="109.5963",="12.41102",="-0.005170229",="10002089",="10002707",="23.97289",="23.98558",="0",PacketEnd
="2025-09-30 오전 10:03:37",="2",="109.5963",="12.41102",="-0.005112224",="10002089",="10002707",="23.97291",="23.98567",="0",PacketEnd
="2025-09-30 오전 10:03:37",="5",="109.5962",="12.40386",="-0.005127721",="10002090",="10002707",="23.97297",="23.98571",="0",PacketEnd
="2025-09-30 오전 10:03:37",="8",="109.5962",="12.40386",="-0.005124634",="10002090",="10002707",="23.97301",="23.98577",="0",PacketEnd
="2025-09-30 오전 10:03:38",="11",="109.5961",="12.40386",="-0.005195062",="10002090",="10002707",="23.97308",="23.98579",="0",PacketEnd
="2025-09-30 오전 10:03:38",="14",="109.5961",="12.40386",="-0.005133305",="10002090",="10002707",="23.97311",="23.98584",="0",PacketEnd
="2025-09-30 오전 10:03:38",="17",="109.5961",="12.40386",="-0.005043729",="10002090",="10002707",="23.97318",="23.98587",="0",PacketEnd
="2025-09-30 오전 10:03:38",="20",="109.596",="12.40386",="-0.004894299",="10002090",="10002707",="23.97321",="23.98593",="0",PacketEnd
="2025-09-30 오전 10:03:38",="29",="109.5959",="12.38236",="-0.004269413",="10002092",="10002707",="23.97332",="23.98609",="0",PacketEnd
="2025-09-30 오전 10:03:38",="32",="109.5959",="12.38236",="-0.004301192",="10002092",="10002707",="23.97335",="23.98617",="0",PacketEnd
="2025-09-30 오전 10:03:38",="35",="109.5959",="12.37519",="-0.004324838",="10002093",="10002707",="23.97341",="23.98619",="0",PacketEnd
="2025-09-30 오전 10:03:38",="38",="109.5958",="12.36801",="-0.004404321",="10002094",="10002707",="23.97345",="23.98625",="0",PacketEnd
="2025-09-30 오전 10:03:38",="41",="109.5958",="12.35363",="-0.00447813",="10002095",="10002707",="23.97352",="23.98627",="0",PacketEnd
="2025-09-30 오전 10:03:38",="44",="109.5958",="12.35363",="-0.004394042",="10002095",="10002707",="23.97356",="23.98631",="0",PacketEnd
="2025-09-30 오전 10:03:38",="47",="109.5958",="12.34644",="-0.004192743",="10002096",="10002707",="23.97363",="23.98633",="0",PacketEnd
="2025-09-30 오전 10:03:38",="50",="109.5957",="12.34644",="-0.003974669",="10002096",="10002707",="23.97367",="23.98639",="0",PacketEnd
="2025-09-30 오전 10:03:38",="53",="109.5957",="12.33924",="-0.00379827",="10002097",="10002707",="23.97373",="23.98642",="0",PacketEnd
="2025-09-30 오전 10:03:38",="56",="109.5957",="12.34644",="-0.003669145",="10002097",="10002708",="23.97375",="23.98649",="0",PacketEnd
="2025-09-30 오전 10:03:38",="59",="109.5956",="12.34644",="-0.003729224",="10002097",="10002708",="23.97378",="23.98653",="0",PacketEnd
="2025-09-30 오전 10:03:38",="62",="109.5954",="12.36082",="-0.004212191",="10002097",="10002709",="23.97381",="23.9866",="0",PacketEnd
="2025-09-30 오전 10:03:38",="65",="109.5947",="12.36082",="-0.008032679",="10002097",="10002709",="23.97388",="23.98663",="0",PacketEnd
="2025-09-30 오전 10:03:38",="68",="109.594",="12.36082",="-0.01494305",="10002097",="10002709",="23.97392",="23.98669",="0",PacketEnd
="2025-09-30 오전 10:03:38",="71",="109.5933",="12.36082",="-0.02423309",="10002097",="10002709",="23.97399",="23.98671",="0",PacketEnd
="2025-09-30 오전 10:03:38",="74",="109.5928",="12.36082",="-0.03464504",="10002097",="10002709",="23.97403",="23.98674",="0",PacketEnd
="2025-09-30 오전 10:03:38",="83",="109.5927",="12.36082",="-0.03713897",="10002097",="10002709",="23.97421",="23.98687",="0",PacketEnd
="2025-09-30 오전 10:03:38",="86",="109.5927",="12.36082",="-0.03106584",="10002097",="10002709",="23.97423",="23.98695",="0",PacketEnd
="2025-09-30 오전 10:03:38",="89",="109.5927",="12.36082",="-0.02577151",="10002097",="10002709",="23.97427",="23.98699",="0",PacketEnd
="2025-09-30 오전 10:03:38",="92",="109.5926",="12.36082",="-0.02153682",="10002097",="10002709",="23.9743",="23.98707",="0",PacketEnd
="2025-09-30 오전 10:03:38",="95",="109.5926",="12.36082",="-0.01829581",="10002097",="10002709",="23.97436",="23.9871",="0",PacketEnd
="2025-09-30 오전 10:03:38",="98",="109.5926",="12.36082",="-0.01568774",="10002097",="10002709",="23.9744",="23.98716",="0",PacketEnd
="2025-09-30 오전 10:03:38",="101",="109.5925",="12.35363",="-0.01362595",="10002098",="10002709",="23.97447",="23.98718",="0",PacketEnd
="2025-09-30 오전 10:03:38",="104",="109.5925",="12.36082",="-0.01189264",="10002098",="10002710",="23.9745",="23.98722",="0",PacketEnd
="2025-09-30 오전 10:03:38",="107",="109.5925",="12.36801",="-0.01036142",="10002098",="10002711",="23.97457",="23.98725",="0",PacketEnd
="2025-09-30 오전 10:03:38",="110",="109.5924",="12.36082",="-0.009065513",="10002099",="10002712",="23.9746",="23.98732",="0",PacketEnd
="2025-09-30 오전 10:03:39",="113",="109.5919",="12.37519",="-0.009345483",="10002099",="10002713",="23.97465",="23.98737",="0",PacketEnd
="2025-09-30 오전 10:03:39",="116",="109.5913",="12.38236",="-0.01339508",="10002099",="10002714",="23.97467",="23.98745",="0",PacketEnd
="2025-09-30 오전 10:03:39",="119",="109.5906",="12.38236",="-0.02048978",="10002099",="10002714",="23.9747",="23.98749",="0",PacketEnd
="2025-09-30 오전 10:03:39",="122",="109.5899",="12.38236",="-0.03012157",="10002099",="10002714",="23.97472",="23.98758",="0",PacketEnd
="2025-09-30 오전 10:03:39",="125",="109.5896",="12.38236",="-0.03904506",="10002099",="10002714",="23.97478",="23.98762",="0",PacketEnd
="2025-09-30 오전 10:03:39",="134",="109.5895",="12.38236",="-0.03710153",="10002099",="10002714",="23.97491",="23.98774",="0",PacketEnd
="2025-09-30 오전 10:03:39",="137",="109.5895",="12.38236",="-0.03091306",="10002099",="10002714",="23.97497",="23.98777",="0",PacketEnd
="2025-09-30 오전 10:03:39",="140",="109.5894",="12.38236",="-0.02567299",="10002099",="10002714",="23.975",="23.98783",="0",PacketEnd
="2025-09-30 오전 10:03:39",="143",="109.5894",="12.38236",="-0.02140721",="10002099",="10002714",="23.97505",="23.98786",="0",PacketEnd
="2025-09-30 오전 10:03:39",="146",="109.5894",="12.38236",="-0.01793058",="10002099",="10002714",="23.97507",="23.98793",="0",PacketEnd
="2025-09-30 오전 10:03:39",="149",="109.5893",="12.38236",="-0.01520585",="10002099",="10002714",="23.9751",="23.98796",="0",PacketEnd
="2025-09-30 오전 10:03:39",="152",="109.5893",="12.38236",="-0.01304557",="10002099",="10002714",="23.97513",="23.98803",="0",PacketEnd
="2025-09-30 오전 10:03:39",="155",="109.5893",="12.37519",="-0.01131169",="10002100",="10002714",="23.97519",="23.98806",="0",PacketEnd
="2025-09-30 오전 10:03:39",="158",="109.5892",="12.37519",="-0.009935228",="10002100",="10002714",="23.97523",="23.98811",="0",PacketEnd
="2025-09-30 오전 10:03:39",="161",="109.5892",="12.37519",="-0.008749957",="10002100",="10002714",="23.97529",="23.98812",="0",PacketEnd
="2025-09-30 오전 10:03:39",="164",="109.5892",="12.37519",="-0.007820312",="10002100",="10002714",="23.97533",="23.98815",="0",PacketEnd
="2025-09-30 오전 10:03:39",="167",="109.5892",="12.37519",="-0.006950668",="10002100",="10002714",="23.9754",="23.98818",="0",PacketEnd
="2025-09-30 오전 10:03:39",="170",="109.5891",="12.38236",="-0.006205537",="10002100",="10002715",="23.97544",="23.98824",="0",PacketEnd
="2025-09-30 오전 10:03:39",="173",="109.5891",="12.38236",="-0.005586189",="10002100",="10002715",="23.97549",="23.98827",="0",PacketEnd
="2025-09-30 오전 10:03:39",="176",="109.5891",="12.38236",="-0.00508627",="10002100",="10002715",="23.97551",="23.98834",="0",PacketEnd
="2025-09-30 오전 10:03:39",="185",="109.589",="12.38236",="-0.004406832",="10002100",="10002715",="23.97564",="23.98849",="0",PacketEnd
="2025-09-30 오전 10:03:39",="188",="109.5889",="12.38236",="-0.004354052",="10002100",="10002715",="23.97567",="23.98855",="0",PacketEnd
="2025-09-30 오전 10:03:39",="191",="109.5889",="12.38953",="-0.004367596",="10002100",="10002716",="23.97574",="23.98857",="0",PacketEnd
="2025-09-30 오전 10:03:39",="194",="109.5887",="12.40386",="-0.004802486",="10002100",="10002717",="23.97577",="23.98862",="0",PacketEnd
="2025-09-30 오전 10:03:39",="197",="109.588",="12.40386",="-0.008502919",="10002100",="10002717",="23.97584",="23.98865",="0",PacketEnd
="2025-09-30 오전 10:03:39",="200",="109.5873",="12.41102",="-0.01517452",="10002100",="10002718",="23.97587",="23.98873",="0",PacketEnd
="2025-09-30 오전 10:03:39",="203",="109.5866",="12.41817",="-0.02434946",="10002100",="10002719",="23.97591",="23.98878",="0",PacketEnd
="2025-09-30 오전 10:03:39",="206",="109.5859",="12.43246",="-0.03522445",="10002100",="10002720",="23.97593",="23.98887",="0",PacketEnd
="2025-09-30 오전 10:03:39",="209",="109.5852",="12.43246",="-0.0443728",="10002100",="10002720",="23.97596",="23.98892",="0",PacketEnd
="2025-09-30 오전 10:03:39",="212",="109.5845",="12.4396",="-0.05202065",="10002100",="10002721",="23.97599",="23.98902",="0",PacketEnd
="2025-09-30 오전 10:03:40",="215",="109.5837",="12.4396",="-0.05833718",="10002100",="10002721",="23.97606",="23.98906",="0",PacketEnd
="2025-09-30 오전 10:03:40",="218",="109.5833",="12.4396",="-0.06293417",="10002100",="10002721",="23.9761",="23.98913",="0",PacketEnd
="2025-09-30 오전 10:03:40",="221",="109.5832",="12.43246",="-0.06337173",="10002101",="10002721",="23.97618",="23.98915",="0",PacketEnd
="2025-09-30 오전 10:03:40",="224",="109.5832",="12.43246",="-0.05981819",="10002101",="10002721",="23.97622",="23.98921",="0",PacketEnd
="2025-09-30 오전 10:03:40",="227",="109.5832",="12.43246",="-0.05303214",="10002101",="10002721",="23.9763",="23.98925",="0",PacketEnd
="2025-09-30 오전 10:03:40",="230",="109.5831",="12.43246",="-0.04423842",="10002101",="10002721",="23.97634",="23.98933",="0",PacketEnd
="2025-09-30 오전 10:03:40",="239",="109.583",="12.43246",="-0.02555653",="10002101",="10002721",="23.97647",="23.98952",="0",PacketEnd
="2025-09-30 오전 10:03:40",="242",="109.5827",="12.4396",="-0.0221201",="10002101",="10002722",="23.9765",="23.98962",="0",PacketEnd
="2025-09-30 오전 10:03:40",="245",="109.582",="12.4396",="-0.0227942",="10002101",="10002722",="23.97657",="23.98967",="0",PacketEnd
="2025-09-30 오전 10:03:40",="248",="109.5813",="12.4396",="-0.02727509",="10002101",="10002722",="23.97661",="23.98976",="0",PacketEnd
="2025-09-30 오전 10:03:40",="251",="109.5806",="12.42532",="-0.03461662",="10002102",="10002722",="23.97668",="23.98978",="0",PacketEnd
="2025-09-30 오전 10:03:40",="254",="109.5801",="12.42532",="-0.04336495",="10002102",="10002722",="23.97672",="23.98982",="0",PacketEnd
="2025-09-30 오전 10:03:40",="1",="109.5801",="12.42532",="-0.0474111",="10002102",="10002722",="23.9768",="23.98986",="0",PacketEnd
="2025-09-30 오전 10:03:40",="4",="109.58",="12.43246",="-0.04674427",="10002102",="10002723",="23.97684",="23.98994",="0",PacketEnd
="2025-09-30 오전 10:03:40",="7",="109.58",="12.43246",="-0.04230045",="10002102",="10002723",="23.97688",="23.98999",="0",PacketEnd
="2025-09-30 오전 10:03:40",="10",="109.58",="12.43246",="-0.03536703",="10002102",="10002723",="23.9769",="23.99008",="0",PacketEnd
="2025-09-30 오전 10:03:40",="13",="109.5799",="12.44674",="-0.02945486",="10002102",="10002724",="23.97693",="23.99013",="0",PacketEnd
="2025-09-30 오전 10:03:40",="16",="109.5799",="12.44674",="-0.02476209",="10002102",="10002724",="23.97696",="23.99022",="0",PacketEnd
="2025-09-30 오전 10:03:40",="19",="109.5798",="12.44674",="-0.021037",="10002102",="10002724",="23.97701",="23.99027",="0",PacketEnd
="2025-09-30 오전 10:03:40",="22",="109.5798",="12.44674",="-0.01817057",="10002102",="10002724",="23.97704",="23.99034",="0",PacketEnd
="2025-09-30 오전 10:03:40",="25",="109.5797",="12.44674",="-0.01577596",="10002102",="10002724",="23.97711",="23.99036",="0",PacketEnd
="2025-09-30 오전 10:03:40",="28",="109.5797",="12.44674",="-0.01376917",="10002102",="10002724",="23.97714",="23.99041",="0",PacketEnd
="2025-09-30 오전 10:03:40",="37",="109.5796",="12.43246",="-0.009356836",="10002104",="10002724",="23.97729",="23.99057",="0",PacketEnd
="2025-09-30 오전 10:03:40",="40",="109.5796",="12.43246",="-0.008396634",="10002104",="10002724",="23.97732",="23.99064",="0",PacketEnd
="2025-09-30 오전 10:03:40",="43",="109.5795",="12.43246",="-0.007607436",="10002104",="10002724",="23.97736",="23.99069",="0",PacketEnd
="2025-09-30 오전 10:03:40",="46",="109.5795",="12.43246",="-0.007014859",="10002104",="10002724",="23.97739",="23.99077",="0",PacketEnd
="2025-09-30 오전 10:03:40",="49",="109.5794",="12.43246",="-0.006637566",="10002104",="10002724",="23.97746",="23.99081",="0",PacketEnd
="2025-09-30 오전 10:03:40",="52",="109.5794",="12.43246",="-0.006286647",="10002104",="10002724",="23.9775",="23.99087",="0",PacketEnd
="2025-09-30 오전 10:03:40",="55",="109.5794",="12.43246",="-0.005960044",="10002104",="10002724",="23.97758",="23.99089",="0",PacketEnd
="2025-09-30 오전 10:03:41",="58",="109.5793",="12.42532",="-0.005784333",="10002105",="10002724",="23.97762",="23.99092",="0",PacketEnd
="2025-09-30 오전 10:03:41",="61",="109.5793",="12.42532",="-0.005462124",="10002105",="10002724",="23.9777",="23.99094",="0",PacketEnd
="2025-09-30 오전 10:03:41",="64",="109.5793",="12.42532",="-0.005087952",="10002105",="10002724",="23.97775",="23.991",="0",PacketEnd
="2025-09-30 오전 10:03:41",="67",="109.5793",="12.42532",="-0.004699864",="10002105",="10002724",="23.9778",="23.99104",="0",PacketEnd
="2025-09-30 오전 10:03:41",="70",="109.5792",="12.42532",="-0.004326652",="10002105",="10002724",="23.97783",="23.9911",="0",PacketEnd
="2025-09-30 오전 10:03:41",="73",="109.5792",="12.42532",="-0.004156979",="10002105",="10002724",="23.97787",="23.99113",="0",PacketEnd
="2025-09-30 오전 10:03:41",="76",="109.5792",="12.42532",="-0.00406546",="10002105",="10002724",="23.9779",="23.9912",="0",PacketEnd
="2025-09-30 오전 10:03:41",="79",="109.5791",="12.42532",="-0.004089421",="10002105",="10002724",="23.97796",="23.99123",="0",PacketEnd
="2025-09-30 오전 10:03:41",="88",="109.579",="12.43246",="-0.004003346",="10002104",="10002724",="23.9781",="23.99131",="0",PacketEnd
="2025-09-30 오전 10:03:41",="91",="109.579",="12.4396",="-0.003775667",="10002103",="10002724",="23.97817",="23.99133",="0",PacketEnd
="2025-09-30 오전 10:03:41",="94",="109.579",="12.4396",="-0.003464396",="10002103",="10002724",="23.97821",="23.99139",="0",PacketEnd
="2025-09-30 오전 10:03:41",="97",="109.579",="12.4396",="-0.003313655",="10002103",="10002724",="23.97826",="23.99142",="0",PacketEnd
="2025-09-30 오전 10:03:41",="100",="109.579",="12.4396",="-0.003162536",="10002103",="10002724",="23.97828",="23.99147",="0",PacketEnd
="2025-09-30 오전 10:03:41",="103",="109.5789",="12.4396",="-0.003144467",="10002103",="10002724",="23.97832",="23.9915",="0",PacketEnd
="2025-09-30 오전 10:03:41",="106",="109.5789",="12.4396",="-0.003151791",="10002103",="10002724",="23.97834",="23.99156",="0",PacketEnd
="2025-09-30 오전 10:03:41",="109",="109.5789",="12.4396",="-0.003164888",="10002103",="10002724",="23.97839",="23.99159",="0",PacketEnd
="2025-09-30 오전 10:03:41",="112",="109.5788",="12.4396",="-0.003287035",="10002103",="10002724",="23.97843",="23.99164",="0",PacketEnd
="2025-09-30 오전 10:03:41",="115",="109.5788",="12.4396",="-0.003358714",="10002103",="10002724",="23.97851",="23.99165",="0",PacketEnd
="2025-09-30 오전 10:03:41",="118",="109.5788",="12.4396",="-0.003386517",="10002103",="10002724",="23.97855",="23.99167",="0",PacketEnd
="2025-09-30 오전 10:03:41",="121",="109.5788",="12.4396",="-0.003291346",="10002103",="10002724",="23.97863",="23.99169",="0",PacketEnd
="2025-09-30 오전 10:03:41",="124",="109.5787",="12.4396",="-0.003175735",="10002103",="10002724",="23.97867",="23.99177",="0",PacketEnd
="2025-09-30 오전 10:03:41",="127",="109.5787",="12.4396",="-0.003107284",="10002103",="10002724",="23.97873",="23.9918",="0",PacketEnd
="2025-09-30 오전 10:03:41",="130",="109.5787",="12.4396",="-0.003085218",="10002103",="10002724",="23.97876",="23.99188",="0",PacketEnd
="2025-09-30 오전 10:03:41",="133",="109.5787",="12.4396",="-0.003137169",="10002103",="10002724",="23.9788",="23.99192",="0",PacketEnd
="2025-09-30 오전 10:03:41",="142",="109.5785",="12.43246",="-0.003693925",="10002104",="10002724",="23.97895",="23.9921",="0",PacketEnd
="2025-09-30 오전 10:03:41",="145",="109.5785",="12.43246",="-0.003864868",="10002104",="10002724",="23.97905",="23.99213",="0",PacketEnd
="2025-09-30 오전 10:03:41",="148",="109.5785",="12.43246",="-0.004026148",="10002104",="10002724",="23.97909",="23.99218",="0",PacketEnd
="2025-09-30 오전 10:03:41",="151",="109.5784",="12.43246",="-0.00402943",="10002104",="10002724",="23.97919",="23.9922",="0",PacketEnd
="2025-09-30 오전 10:03:41",="154",="109.5778",="12.43246",="-0.006554866",="10002105",="10002725",="23.97923",="23.99229",="0",PacketEnd
="2025-09-30 오전 10:03:42",="157",="109.577",="12.43246",="-0.01246249",="10002105",="10002725",="23.97931",="23.99234",="0",PacketEnd
="2025-09-30 오전 10:03:42",="160",="109.5763",="12.43246",="-0.02098927",="10002105",="10002725",="23.97935",="23.99243",="0",PacketEnd
="2025-09-30 오전 10:03:42",="163",="109.5756",="12.43246",="-0.03182426",="10002105",="10002725",="23.9794",="23.99247",="0",PacketEnd
="2025-09-30 오전 10:03:42",="166",="109.5756",="12.43246",="-0.03931734",="10002105",="10002725",="23.97944",="23.99256",="0",PacketEnd
="2025-09-30 오전 10:03:42",="169",="108.8472",="31.90042",="-2.227661",="10012501",="10007923",="23.97953",="23.99261",="0",PacketEnd
="2025-09-30 오전 10:03:42",="172",="106.299",="12.42532",="-15.2736",="10017699",="10018319",="23.97958",="23.99267",="0",PacketEnd
="2025-09-30 오전 10:03:42",="175",="102.2952",="31.89516",="-46.14219",="10028094",="10023517",="23.97968",="23.99269",="0",PacketEnd
="2025-09-30 오전 10:03:42",="178",="96.47341",="12.4396",="-101.1619",="10033292",="10033913",="23.97973",="23.99273",="0",PacketEnd
="2025-09-30 오전 10:03:42",="181",="90.10809",="21.34328",="-179.6559",="10041089",="10039111",="23.97981",="23.99277",="0",PacketEnd
="2025-09-30 오전 10:03:42",="184",="83.56509",="12.4396",="-269.0664",="10048886",="10049507",="23.97989",="23.99285",="0",PacketEnd
="2025-09-30 오전 10:03:42",="193",="63.77952",="31.89516",="-504.9319",="10074876",="10070299",="23.98007",="23.99302",="0",PacketEnd
="2025-09-30 오전 10:03:42",="196",="57.25324",="12.4396",="-559.3167",="10080074",="10080695",="23.98011",="23.9931",="0",PacketEnd
="2025-09-30 오전 10:03:42",="199",="50.73047",="31.89779",="-603.2166",="10090470",="10085893",="23.98018",="23.99315",="0",PacketEnd
="2025-09-30 오전 10:03:42",="202",="44.21234",="12.4396",="-638.634",="10095668",="10096289",="23.98022",="23.99321",="0",PacketEnd
="2025-09-30 오전 10:03:42",="205",="37.69817",="31.90042",="-666.4705",="10106065",="10101487",="23.98031",="23.99324",="0",PacketEnd
="2025-09-30 오전 10:03:42",="208",="31.18863",="12.41817",="-688.568",="10111263",="10111882",="23.98035",="23.99329",="0",PacketEnd
="2025-09-30 오전 10:03:42",="211",="24.86293",="21.35127",="-705.6324",="10119059",="10117080",="23.98041",="23.99333",="0",PacketEnd
="2025-09-30 오전 10:03:42",="214",="18.3611",="12.43246",="-719.021",="10126857",="10127477",="23.98047",="23.99341",="0",PacketEnd
="2025-09-30 오전 10:03:42",="217",="11.91166",="12.43246",="-729.6129",="10132055",="10132675",="23.98052",="23.99345",="0",PacketEnd
="2025-09-30 오전 10:03:42",="220",="6.932894",="12.43246",="-732.7016",="10132055",="10132675",="23.98054",="23.99353",="0",PacketEnd
="2025-09-30 오전 10:03:42",="223",="3.21807",="12.43246",="-722.1975",="10132055",="10132675",="23.98058",="23.99357",="0",PacketEnd
="2025-09-30 오전 10:03:42",="226",="1.488441",="12.43246",="-690.2772",="10132055",="10132675",="23.9806",="23.99366",="0",PacketEnd
="2025-09-30 오전 10:03:42",="229",="1.152432",="12.43246",="-631.7438",="10132055",="10132675",="23.98066",="23.9937",="0",PacketEnd
="2025-09-30 오전 10:03:42",="232",="1.152394",="12.43246",="-552.5472",="10132055",="10132675",="23.98071",="23.99373",="0",PacketEnd
="2025-09-30 오전 10:03:42",="235",="1.152362",="12.43246",="-464.895",="10132055",="10132675",="23.98078",="23.99375",="0",PacketEnd
="2025-09-30 오전 10:03:42",="244",="1.152289",="12.43246",="-248.9359",="10132055",="10132675",="23.98093",="23.9939",="0",PacketEnd
="2025-09-30 오전 10:03:42",="247",="1.152258",="12.43246",="-201.3633",="10132055",="10132675",="23.981",="23.99393",="0",PacketEnd
="2025-09-30 오전 10:03:42",="250",="1.152221",="12.43246",="-162.8821",="10132055",="10132675",="23.98103",="23.99401",="0",PacketEnd
="2025-09-30 오전 10:03:42",="253",="1.15218",="12.43246",="-131.7551",="10132055",="10132675",="23.98108",="23.99405",="0",PacketEnd
="2025-09-30 오전 10:03:43",="0",="1.152141",="12.43246",="-106.5767",="10132055",="10132675",="23.98111",="23.99412",="0",PacketEnd
="2025-09-30 오전 10:03:43",="3",="1.152101",="12.43246",="-86.21006",="10132055",="10132675",="23.98118",="23.99416",="0",PacketEnd
="2025-09-30 오전 10:03:43",="6",="1.152065",="12.43246",="-69.73566",="10132055",="10132675",="23.98122",="23.9942",="0",PacketEnd
="2025-09-30 오전 10:03:43",="9",="1.152033",="12.43246",="-56.4096",="10132055",="10132675",="23.9813",="23.99422",="0",PacketEnd
="2025-09-30 오전 10:03:43",="12",="1.152007",="12.43246",="-45.63016",="10132055",="10132675",="23.98134",="23.99426",="0",PacketEnd
="2025-09-30 오전 10:03:43",="15",="1.151983",="12.43246",="-36.91065",="10132055",="10132675",="23.9814",="23.99431",="0",PacketEnd
="2025-09-30 오전 10:03:43",="18",="1.151953",="12.43246",="-29.85744",="10132055",="10132675",="23.98144",="23.99439",="0",PacketEnd
="2025-09-30 오전 10:03:43",="21",="1.151919",="12.43246",="-24.15214",="10132055",="10132675",="23.98149",="23.99443",="0",PacketEnd
="2025-09-30 오전 10:03:43",="24",="1.151879",="12.41817",="-19.53721",="10132056",="10132675",="23.98151",="23.99451",="0",PacketEnd
="2025-09-30 오전 10:03:43",="27",="1.151835",="12.41102",="-15.80434",="10132057",="10132675",="23.98154",="23.99455",="0",PacketEnd
="2025-09-30 오전 10:03:43",="30",="1.151792",="12.41102",="-12.78493",="10132057",="10132675",="23.98157",="23.99463",="0",PacketEnd
="2025-09-30 오전 10:03:43",="33",="1.151749",="12.40386",="-10.34261",="10132058",="10132675",="23.98162",="23.99467",="0",PacketEnd
="2025-09-30 오전 10:03:43",="42",="1.151652",="12.38236",="-5.476209",="10132060",="10132675",="23.98174",="23.99477",="0",PacketEnd
="2025-09-30 오전 10:03:43",="45",="1.15163",="12.37519",="-4.430393",="10132061",="10132675",="23.98179",="23.9948",="0",PacketEnd
="2025-09-30 오전 10:03:43",="48",="1.151603",="12.38236",="-3.584355",="10132060",="10132675",="23.98183",="23.99488",="0",PacketEnd
="2025-09-30 오전 10:03:43",="51",="1.15157",="12.38236",="-2.899976",="10132060",="10132675",="23.98188",="23.99492",="0",PacketEnd
="2025-09-30 오전 10:03:43",="54",="1.151532",="12.38236",="-2.346435",="10132060",="10132675",="23.9819",="23.995",="0",PacketEnd
="2025-09-30 오전 10:03:43",="57",="1.15149",="12.38236",="-1.898785",="10132060",="10132675",="23.98194",="23.99503",="0",PacketEnd
="2025-09-30 오전 10:03:43",="60",="1.15145",="12.38236",="-1.536771",="10132060",="10132675",="23.98197",="23.99511",="0",PacketEnd
="2025-09-30 오전 10:03:43",="63",="1.151411",="12.38236",="-1.24399",="10132060",="10132675",="23.98203",="23.99515",="0",PacketEnd
="2025-09-30 오전 10:03:43",="66",="1.151376",="12.38953",="-1.00716",="10132060",="10132676",="23.98206",="23.99519",="0",PacketEnd
="2025-09-30 오전 10:03:43",="69",="1.151345",="12.38953",="-0.8155376",="10132060",="10132676",="23.98213",="23.99521",="0",PacketEnd
="2025-09-30 오전 10:03:43",="72",="1.151318",="12.38953",="-0.6604638",="10132060",="10132676",="23.98217",="23.99525",="0",PacketEnd
="2025-09-30 오전 10:03:43",="75",="1.151295",="12.38236",="-0.5349388",="10132061",="10132676",="23.98221",="23.99529",="0",PacketEnd
="2025-09-30 오전 10:03:43",="78",="1.151265",="12.38953",="-0.4333495",="10132060",="10132676",="23.98226",="23.99537",="0",PacketEnd
="2025-09-30 오전 10:03:43",="81",="1.151231",="12.38953",="-0.3511758",="10132060",="10132676",="23.98232",="23.99541",="0",PacketEnd
="2025-09-30 오전 10:03:43",="84",="1.151192",="12.38953",="-0.2847609",="10132060",="10132676",="23.98233",="23.99549",="0",PacketEnd
="2025-09-30 오전 10:03:43",="93",="1.151063",="12.38236",="-0.15291",="10132061",="10132676",="23.98248",="23.99566",="0",PacketEnd
="2025-09-30 오전 10:03:43",="96",="1.151024",="12.38236",="-0.1246541",="10132061",="10132676",="23.98252",="23.99569",="0",PacketEnd
="2025-09-30 오전 10:03:44",="99",="1.150991",="12.38236",="-0.1017544",="10132061",="10132676",="23.9826",="23.99571",="0",PacketEnd
="2025-09-30 오전 10:03:44",="102",="1.150964",="12.38236",="-0.08315318",="10132061",="10132676",="23.98264",="23.99575",="0",PacketEnd
="2025-09-30 오전 10:03:44",="105",="1.150942",="12.38236",="-0.06799686",="10132061",="10132676",="23.98272",="23.99578",="0",PacketEnd
="2025-09-30 오전 10:03:44",="108",="1.150915",="12.38236",="-0.0556453",="10132061",="10132676",="23.98274",="23.99586",="0",PacketEnd
="2025-09-30 오전 10:03:44",="111",="1.150884",="12.37519",="-0.04562562",="10132062",="10132676",="23.9828",="23.9959",="0",PacketEnd
="2025-09-30 오전 10:03:44",="114",="1.150846",="12.37519",="-0.03755913",="10132063",="10132677",="23.98282",="23.99598",="0",PacketEnd
="2025-09-30 오전 10:03:44",="117",="1.150804",="12.36801",="-0.03113372",="10132064",="10132677",="23.98289",="23.99602",="0",PacketEnd
="2025-09-30 오전 10:03:44",="120",="1.150761",="12.36801",="-0.0260414",="10132064",="10132677",="23.98292",="23.9961",="0",PacketEnd
="2025-09-30 오전 10:03:44",="123",="1.150719",="12.36082",="-0.0219925",="10132065",="10132677",="23.983",="23.99614",="0",PacketEnd
="2025-09-30 오전 10:03:44",="126",="1.150682",="12.35363",="-0.01873579",="10132066",="10132677",="23.98304",="23.99618",="0",PacketEnd
="2025-09-30 오전 10:03:44",="129",="1.150649",="12.35363",="-0.01606259",="10132066",="10132677",="23.98314",="23.99621",="0",PacketEnd
="2025-09-30 오전 10:03:44",="132",="1.150621",="12.35363",="-0.01382538",="10132066",="10132677",="23.98318",="23.99625",="0",PacketEnd
="2025-09-30 오전 10:03:44",="135",="1.150596",="12.35363",="-0.01192069",="10132066",="10132677",="23.98327",="23.99627",="0",PacketEnd
="2025-09-30 오전 10:03:44",="138",="1.150569",="12.35363",="-0.01030242",="10132066",="10132677",="23.9833",="23.99635",="0",PacketEnd
="2025-09-30 오전 10:03:44",="147",="1.150466",="12.35363",="-0.007115547",="10132066",="10132677",="23.98345",="23.9965",="0",PacketEnd
="2025-09-30 오전 10:03:44",="150",="1.150426",="12.36082",="-0.006555066",="10132066",="10132678",="23.9835",="23.99657",="0",PacketEnd
="2025-09-30 오전 10:03:44",="153",="1.150386",="12.36801",="-0.006160641",="10132066",="10132679",="23.98358",="23.99661",="0",PacketEnd
="2025-09-30 오전 10:03:44",="156",="1.15035",="12.35363",="-0.005867277",="10132067",="10132679",="23.98364",="23.99665",="0",PacketEnd
="2025-09-30 오전 10:03:44",="159",="1.150318",="12.35363",="-0.005606604",="10132067",="10132679",="23.98376",="23.99667",="0",PacketEnd
="2025-09-30 오전 10:03:44",="162",="1.150293",="12.35363",="-0.005325261",="10132067",="10132679",="23.98381",="23.99671",="0",PacketEnd
="2025-09-30 오전 10:03:44",="165",="1.150271",="12.35363",="-0.005002298",="10132067",="10132679",="23.98394",="23.99673",="0",PacketEnd
="2025-09-30 오전 10:03:44",="168",="1.150248",="12.34644",="-0.004649634",="10132068",="10132679",="23.98397",="23.9968",="0",PacketEnd
="2025-09-30 오전 10:03:44",="171",="1.15022",="12.34644",="-0.004326161",="10132068",="10132679",="23.98405",="23.99684",="0",PacketEnd
="2025-09-30 오전 10:03:44",="174",="1.150187",="12.34644",="-0.004090923",="10132068",="10132679",="23.98409",="23.99691",="0",PacketEnd
="2025-09-30 오전 10:03:44",="177",="1.15015",="12.34644",="-0.003973109",="10132068",="10132679",="23.98416",="23.99694",="0",PacketEnd
="2025-09-30 오전 10:03:44",="180",="1.150113",="12.34644",="-0.003966626",="10132068",="10132679",="23.9842",="23.99702",="0",PacketEnd
="2025-09-30 오전 10:03:44",="183",="1.150074",="12.34644",="-0.004026789",="10132068",="10132679",="23.98429",="23.99705",="0",PacketEnd
="2025-09-30 오전 10:03:44",="186",="1.150038",="12.34644",="-0.004108328",="10132068",="10132679",="23.98434",="23.9971",="0",PacketEnd
="2025-09-30 오전 10:03:44",="189",="1.150006",="12.34644",="-0.004162645",="10132068",="10132679",="23.98445",="23.99712",="0",PacketEnd
="2025-09-30 오전 10:03:44",="198",="1.149919",="12.35363",="-0.004001449",="10132068",="10132680",="23.98465",="23.9973",="0",PacketEnd
="2025-09-30 오전 10:03:45",="201",="1.149883",="12.35363",="-0.003927302",="10132068",="10132680",="23.98473",="23.99734",="0",PacketEnd
="2025-09-30 오전 10:03:45",="204",="1.149842",="12.35363",="-0.003929576",="10132068",="10132680",="23.98477",="23.99742",="0",PacketEnd
="2025-09-30 오전 10:03:45",="207",="1.149798",="12.35363",="-0.00401873",="10132068",="10132680",="23.98482",="23.99746",="0",PacketEnd
="2025-09-30 오전 10:03:45",="210",="1.149754",="12.35363",="-0.004178672",="10132068",="10132680",="23.98485",="23.99755",="0",PacketEnd
="2025-09-30 오전 10:03:45",="213",="1.14971",="12.35363",="-0.004363204",="10132068",="10132680",="23.98491",="23.99758",="0",PacketEnd
="2025-09-30 오전 10:03:45",="216",="1.149669",="12.35363",="-0.00452294",="10132068",="10132680",="23.98495",="23.99764",="0",PacketEnd
="2025-09-30 오전 10:03:45",="219",="1.149633",="12.34644",="-0.004618882",="10132069",="10132680",="23.98504",="23.99766",="0",PacketEnd
="2025-09-30 오전 10:03:45",="222",="1.149603",="12.34644",="-0.004625887",="10132069",="10132680",="23.98509",="23.99772",="0",PacketEnd
="2025-09-30 오전 10:03:45",="225",="1.149573",="12.33204",="-0.004549392",="10132070",="10132680",="23.98518",="23.99775",="0",PacketEnd
="2025-09-30 오전 10:03:45",="228",="1.149541",="12.33204",="-0.004424523",="10132070",="10132680",="23.98521",="23.99784",="0",PacketEnd
="2025-09-30 오전 10:03:45",="231",="1.149504",="12.33204",="-0.004314682",="10132070",="10132680",="23.98528",="23.99788",="0",PacketEnd
="2025-09-30 오전 10:03:45",="234",="1.149462",="12.33204",="-0.004277425",="10132070",="10132680",="23.98532",="23.99796",="0",PacketEnd
="2025-09-30 오전 10:03:45",="237",="1.149418",="12.33204",="-0.00432515",="10132070",="10132680",="23.98537",="23.998",="0",PacketEnd
="2025-09-30 오전 10:03:45",="240",="1.149374",="12.33204",="-0.004439569",="10132070",="10132680",="23.9854",="23.99809",="0",PacketEnd
="2025-09-30 오전 10:03:45",="243",="1.150212",="12.34644",="-0.001930888",="10132070",="10132681",="23.98546",="23.99812",="0",PacketEnd
="2025-09-30 오전 10:03:45",="252",="1.154078",="12.36082",="0.04320281",="10132070",="10132683",="23.98562",="23.99823",="0",PacketEnd
="2025-09-30 오전 10:03:45",="255",="1.154494",="12.37519",="0.06186798",="10132070",="10132684",="23.98571",="23.99826",="0",PacketEnd
="2025-09-30 오전 10:03:45",="2",="1.154465",="12.38236",="0.06946445",="10132070",="10132685",="23.98574",="23.99834",="0",PacketEnd
="2025-09-30 오전 10:03:45",="5",="1.154432",="12.38953",="0.0680495",="10132070",="10132686",="23.9858",="23.99838",="0",PacketEnd
="2025-09-30 오전 10:03:45",="8",="1.154393",="12.38953",="0.05928012",="10132070",="10132686",="23.98584",="23.99847",="0",PacketEnd
="2025-09-30 오전 10:03:45",="11",="1.15435",="12.38953",="0.0471622",="10132070",="10132686",="23.98589",="23.99851",="0",PacketEnd
="2025-09-30 오전 10:03:45",="14",="1.154305",="12.38953",="0.03725864",="10132070",="10132686",="23.98592",="23.9986",="0",PacketEnd
="2025-09-30 오전 10:03:45",="17",="1.154262",="12.38953",="0.02917773",="10132070",="10132686",="23.98598",="23.99862",="0",PacketEnd
="2025-09-30 오전 10:03:45",="20",="1.154224",="12.38953",="0.02262545",="10132070",="10132686",="23.98602",="23.99867",="0",PacketEnd
="2025-09-30 오전 10:03:45",="23",="1.15419",="12.38953",="0.0173659",="10132070",="10132686",="23.98611",="23.99869",="0",PacketEnd
="2025-09-30 오전 10:03:45",="26",="1.154163",="12.38953",="0.01320058",="10132070",="10132686",="23.98615",="23.99875",="0",PacketEnd
="2025-09-30 오전 10:03:45",="29",="1.154137",="12.38953",="0.009931392",="10132070",="10132686",="23.98624",="23.99878",="0",PacketEnd
="2025-09-30 오전 10:03:45",="32",="1.154105",="12.38953",="0.007347962",="10132070",="10132686",="23.98628",="23.99887",="0",PacketEnd
="2025-09-30 오전 10:03:45",="35",="1.154068",="12.38953",="0.005254744",="10132070",="10132686",="23.98636",="23.99891",="0",PacketEnd
="2025-09-30 오전 10:03:45",="38",="1.154026",="12.38953",="0.003493004",="10132070",="10132686",="23.9864",="23.999",="0",PacketEnd
="2025-09-30 오전 10:03:46",="47",="1.153888",="12.38953",="-0.0005167932",="10132070",="10132686",="23.98659",="23.99916",="0",PacketEnd
="2025-09-30 오전 10:03:46",="50",="1.153846",="12.38953",="-0.001455636",="10132070",="10132686",="23.98664",="23.99922",="0",PacketEnd
="2025-09-30 오전 10:03:46",="53",="1.153809",="12.3967",="-0.002178949",="10132070",="10132687",="23.98675",="23.99924",="0",PacketEnd
="2025-09-30 오전 10:03:46",="56",="1.154219",="12.41102",="-0.001776108",="10132070",="10132688",="23.9868",="23.9993",="0",PacketEnd
="2025-09-30 오전 10:03:46",="59",="1.15551",="12.41102",="0.005430754",="10132070",="10132688",="23.9869",="23.99933",="0",PacketEnd
="2025-09-30 오전 10:03:46",="62",="1.156801",="12.41817",="0.01891281",="10132070",="10132689",="23.98694",="23.99941",="0",PacketEnd
="2025-09-30 오전 10:03:46",="65",="1.158085",="12.42532",="0.03741525",="10132070",="10132690",="23.98701",="23.99946",="0",PacketEnd
="2025-09-30 오전 10:03:46",="68",="1.158924",="12.44674",="0.05810325",="10132070",="10132692",="23.98705",="23.99955",="0",PacketEnd
="2025-09-30 오전 10:03:46",="71",="1.158879",="12.44674",="0.06874944",="10132070",="10132692",="23.98711",="23.9996",="0",PacketEnd
="2025-09-30 오전 10:03:46",="74",="1.158831",="12.44674",="0.06968582",="10132070",="10132692",="23.98714",="23.99969",="0",PacketEnd
="2025-09-30 오전 10:03:46",="77",="1.158784",="12.44674",="0.06279603",="10132070",="10132692",="23.98722",="23.99972",="0",PacketEnd
="2025-09-30 오전 10:03:46",="80",="1.158741",="12.43246",="0.050526",="10132072",="10132692",="23.98727",="23.99979",="0",PacketEnd
="2025-09-30 오전 10:03:46",="83",="1.158701",="12.43246",="0.03983773",="10132072",="10132692",="23.98737",="23.99981",="0",PacketEnd
="2025-09-30 오전 10:03:46",="86",="1.158668",="12.43246",="0.03126143",="10132072",="10132692",="23.98742",="23.99987",="0",PacketEnd
="2025-09-30 오전 10:03:46",="89",="1.158635",="12.43246",="0.02440627",="10132072",="10132692",="23.98753",="23.99991",="0",PacketEnd
="2025-09-30 오전 10:03:46",="92",="1.158602",="12.43246",="0.01893143",="10132072",="10132692",="23.98757",="23.99999",="0",PacketEnd
="2025-09-30 오전 10:03:46",="101",="1.158473",="12.4396",="0.007931382",="10132072",="10132693",="23.98774",="24.00018",="0",PacketEnd
="2025-09-30 오전 10:03:46",="104",="1.158424",="12.45387",="0.0054237",="10132070",="10132693",="23.98778",="24.00028",="0",PacketEnd
="2025-09-30 오전 10:03:46",="107",="1.158375",="12.45387",="0.003322473",="10132070",="10132693",="23.98786",="24.00031",="0",PacketEnd
="2025-09-30 오전 10:03:46",="110",="1.158329",="12.4396",="0.001598485",="10132072",="10132693",="23.98791",="24.00039",="0",PacketEnd
="2025-09-30 오전 10:03:46",="113",="1.158288",="12.4396",="0.000217802",="10132072",="10132693",="23.98802",="24.00041",="0",PacketEnd
="2025-09-30 오전 10:03:46",="116",="1.158254",="12.4396",="-0.0008311269",="10132072",="10132693",="23.98807",="24.00046",="0",PacketEnd
="2025-09-30 오전 10:03:46",="119",="1.158223",="12.4396",="-0.001576711",="10132072",="10132693",="23.98818",="24.00049",="0",PacketEnd
="2025-09-30 오전 10:03:46",="122",="1.158193",="12.4396",="-0.002082514",="10132072",="10132693",="23.98822",="24.00056",="0",PacketEnd
="2025-09-30 오전 10:03:46",="125",="1.158161",="12.41817",="-0.002423625",="10132074",="10132693",="23.98831",="24.0006",="0",PacketEnd
="2025-09-30 오전 10:03:46",="128",="1.158122",="12.41102",="-0.002700449",="10132075",="10132693",="23.98835",="24.00068",="0",PacketEnd
="2025-09-30 오전 10:03:46",="131",="1.158081",="12.41102",="-0.00297523",="10132075",="10132693",="23.98841",="24.00073",="0",PacketEnd
="2025-09-30 오전 10:03:46",="134",="1.158037",="12.41102",="-0.003277523",="10132075",="10132693",="23.98845",="24.00081",="0",PacketEnd
="2025-09-30 오전 10:03:46",="137",="1.157995",="12.41102",="-0.003589568",="10132075",="10132693",="23.98852",="24.00084",="0",PacketEnd
="2025-09-30 오전 10:03:46",="140",="1.157957",="12.41102",="-0.003857332",="10132075",="10132693",="23.98855",="24.00089",="0",PacketEnd
="2025-09-30 오전 10:03:46",="143",="1.157923",="12.41102",="-0.004044009",="10132075",="10132693",="23.98862",="24.00091",="0",PacketEnd
="2025-09-30 오전 10:03:47",="152",="1.157843",="12.41102",="-0.003959008",="10132075",="10132693",="23.98876",="24.00105",="0",PacketEnd
="2025-09-30 오전 10:03:47",="155",="1.157812",="12.41102",="-0.003838056",="10132075",="10132693",="23.98881",="24.0011",="0",PacketEnd
="2025-09-30 오전 10:03:47",="158",="1.157774",="12.41102",="-0.003777883",="10132075",="10132693",="23.98883",="24.00118",="0",PacketEnd
="2025-09-30 오전 10:03:47",="161",="1.157733",="12.41102",="-0.003812403",="10132075",="10132693",="23.98887",="24.00123",="0",PacketEnd
="2025-09-30 오전 10:03:47",="164",="1.157687",="12.40386",="-0.003947119",="10132075",="10132692",="23.98889",="24.00131",="0",PacketEnd
="2025-09-30 오전 10:03:47",="167",="1.157642",="12.40386",="-0.004146622",="10132075",="10132692",="23.98893",="24.00135",="0",PacketEnd
="2025-09-30 오전 10:03:47",="170",="1.157598",="12.40386",="-0.004356382",="10132075",="10132692",="23.98895",="24.00143",="0",PacketEnd
="2025-09-30 오전 10:03:47",="173",="1.157557",="12.40386",="-0.004534821",="10132075",="10132692",="23.98902",="24.00146",="0",PacketEnd
="2025-09-30 오전 10:03:47",="176",="1.157521",="12.40386",="-0.004636027",="10132075",="10132692",="23.98905",="24.00152",="0",PacketEnd
="2025-09-30 오전 10:03:47",="179",="1.157485",="12.40386",="-0.004664175",="10132075",="10132692",="23.98912",="24.00156",="0",PacketEnd
="2025-09-30 오전 10:03:47",="182",="1.157449",="12.3967",="-0.004639705",="10132076",="10132692",="23.98914",="24.00165",="0",PacketEnd
="2025-09-30 오전 10:03:47",="185",="1.157409",="12.3967",="-0.00460187",="10132076",="10132692",="23.98919",="24.00169",="0",PacketEnd
="2025-09-30 오전 10:03:47",="188",="1.157362",="12.40386",="-0.00461622",="10132076",="10132693",="23.98921",="24.00179",="0",PacketEnd
="2025-09-30 오전 10:03:47",="191",="1.157313",="12.40386",="-0.004697698",="10132076",="10132693",="23.98927",="24.00184",="0",PacketEnd
="2025-09-30 오전 10:03:47",="194",="1.157263",="12.40386",="-0.004841793",="10132076",="10132693",="23.9893",="24.00193",="0",PacketEnd
="2025-09-30 오전 10:03:47",="197",="1.157215",="12.40386",="-0.005017185",="10132076",="10132693",="23.98937",="24.00197",="0",PacketEnd
="2025-09-30 오전 10:03:47",="206",="1.157094",="12.38953",="-0.005246537",="10132077",="10132693",="23.98954",="24.00212",="0",PacketEnd
="2025-09-30 오전 10:03:47",="209",="1.157061",="12.37519",="-0.005153724",="10132079",="10132693",="23.98963",="24.00215",="0",PacketEnd
="2025-09-30 오전 10:03:47",="212",="1.157029",="12.37519",="-0.005000619",="10132079",="10132693",="23.98966",="24.00223",="0",PacketEnd
="2025-09-30 오전 10:03:47",="215",="1.156994",="12.37519",="-0.00482549",="10132079",="10132693",="23.98973",="24.00227",="0",PacketEnd
="2025-09-30 오전 10:03:47",="218",="1.156955",="12.37519",="-0.004688849",="10132079",="10132693",="23.98977",="24.00235",="0",PacketEnd
="2025-09-30 오전 10:03:47",="221",="1.156912",="12.37519",="-0.00462526",="10132079",="10132693",="23.98984",="24.0024",="0",PacketEnd
="2025-09-30 오전 10:03:47",="224",="1.156868",="12.38236",="-0.004641222",="10132079",="10132694",="23.98987",="24.00249",="0",PacketEnd
="2025-09-30 오전 10:03:47",="227",="1.156824",="12.38236",="-0.004716969",="10132079",="10132694",="23.98993",="24.00251",="0",PacketEnd
="2025-09-30 오전 10:03:47",="230",="1.156784",="12.38236",="-0.004797575",="10132079",="10132694",="23.98996",="24.00257",="0",PacketEnd
="2025-09-30 오전 10:03:47",="233",="1.156749",="12.38236",="-0.004836069",="10132079",="10132694",="23.99005",="24.00259",="0",PacketEnd
="2025-09-30 오전 10:03:47",="236",="1.156721",="12.38236",="-0.004787624",="10132079",="10132694",="23.99009",="24.00264",="0",PacketEnd
="2025-09-30 오전 10:03:47",="239",="1.157576",="12.3967",="-0.002000138",="10132079",="10132695",="23.99018",="24.00266",="0",PacketEnd
="2025-09-30 오전 10:03:47",="242",="1.15887",="12.3967",="0.007915966",="10132079",="10132695",="23.99021",="24.00273",="0",PacketEnd
="2025-09-30 오전 10:03:48",="245",="1.160162",="12.3967",="0.02355892",="10132079",="10132695",="23.99027",="24.00277",="0",PacketEnd
="2025-09-30 오전 10:03:48",="248",="1.161448",="12.3967",="0.04376838",="10132079",="10132695",="23.9903",="24.00284",="0",PacketEnd
="2025-09-30 오전 10:03:48",="1",="1.161776",="12.3967",="0.06807651",="10132079",="10132695",="23.99043",="24.00297",="0",PacketEnd
="2025-09-30 오전 10:03:48",="4",="1.161742",="12.3967",="0.05915332",="10132079",="10132695",="23.99045",="24.00303",="0",PacketEnd
="2025-09-30 오전 10:03:48",="7",="1.16171",="12.3967",="0.04702575",="10132079",="10132695",="23.99053",="24.00305",="0",PacketEnd
="2025-09-30 오전 10:03:48",="10",="1.161682",="12.3967",="0.03726795",="10132079",="10132695",="23.99058",="24.0031",="0",PacketEnd
="2025-09-30 오전 10:03:48",="13",="1.161654",="12.38953",="0.02943163",="10132080",="10132695",="23.99066",="24.00314",="0",PacketEnd
="2025-09-30 오전 10:03:48",="16",="1.161624",="12.3967",="0.02312734",="10132080",="10132696",="23.99069",="24.00321",="0",PacketEnd
="2025-09-30 오전 10:03:48",="19",="1.161589",="12.3967",="0.01802457",="10132080",="10132696",="23.99076",="24.00326",="0",PacketEnd
="2025-09-30 오전 10:03:48",="22",="1.161548",="12.3967",="0.01383763",="10132080",="10132696",="23.9908",="24.00335",="0",PacketEnd
="2025-09-30 오전 10:03:48",="25",="1.161505",="12.3967",="0.01036602",="10132080",="10132696",="23.99087",="24.00339",="0",PacketEnd
="2025-09-30 오전 10:03:48",="28",="1.16146",="12.3967",="0.007469005",="10132080",="10132696",="23.9909",="24.00347",="0",PacketEnd
="2025-09-30 오전 10:03:48",="31",="1.161416",="12.3967",="0.005060465",="10132080",="10132696",="23.99097",="24.00351",="0",PacketEnd
="2025-09-30 오전 10:03:48",="34",="1.161374",="12.3967",="0.003095087",="10132080",="10132696",="23.99101",="24.00358",="0",PacketEnd
="2025-09-30 오전 10:03:48",="37",="1.161335",="12.3967",="0.001521034",="10132080",="10132696",="23.9911",="24.0036",="0",PacketEnd
="2025-09-30 오전 10:03:48",="40",="1.161301",="12.3967",="0.0002988677",="10132080",="10132696",="23.99114",="24.00366",="0",PacketEnd
="2025-09-30 오전 10:03:48",="43",="1.161267",="12.3967",="-0.0006299488",="10132080",="10132696",="23.99123",="24.0037",="0",PacketEnd
="2025-09-30 오전 10:03:48",="46",="1.161232",="12.3967",="-0.001337031",="10132080",="10132696",="23.99127",="24.00377",="0",PacketEnd
="2025-09-30 오전 10:03:48",="55",="1.161108",="12.41102",="-0.002793252",="10132080",="10132698",="23.99146",="24.00396",="0",PacketEnd
="2025-09-30 오전 10:03:48",="58",="1.161501",="12.43246",="-0.002313472",="10132080",="10132700",="23.99149",="24.00405",="0",PacketEnd
="2025-09-30 오전 10:03:48",="61",="1.162775",="12.43246",="0.004796034",="10132080",="10132700",="23.99155",="24.00408",="0",PacketEnd
="2025-09-30 오전 10:03:48",="64",="1.164054",="12.43246",="0.01810442",="10132080",="10132700",="23.99158",="24.00414",="0",PacketEnd
="2025-09-30 오전 10:03:48",="67",="1.165338",="12.43246",="0.03647088",="10132080",="10132700",="23.99167",="24.00417",="0",PacketEnd
="2025-09-30 오전 10:03:48",="70",="1.166187",="12.43246",="0.05717384",="10132080",="10132700",="23.99172",="24.00422",="0",PacketEnd
="2025-09-30 오전 10:03:48",="73",="1.166159",="12.43246",="0.06801886",="10132080",="10132700",="23.99181",="24.00425",="0",PacketEnd
="2025-09-30 오전 10:03:48",="76",="1.16613",="12.43246",="0.06930469",="10132080",="10132700",="23.99184",="24.0043",="0",PacketEnd
="2025-09-30 오전 10:03:48",="79",="1.166101",="12.43246",="0.06283043",="10132080",="10132700",="23.99191",="24.00434",="0",PacketEnd
="2025-09-30 오전 10:03:48",="82",="1.166067",="12.43246",="0.05092284",="10132080",="10132700",="23.99195",="24.00442",="0",PacketEnd
="2025-09-30 오전 10:03:48",="85",="1.166031",="12.43246",="0.04047146",="10132080",="10132700",="23.99201",="24.00445",="0",PacketEnd
="2025-09-30 오전 10:03:48",="88",="1.165993",="12.43246",="0.03196573",="10132080",="10132700",="23.99205",="24.00453",="0",PacketEnd
="2025-09-30 오전 10:03:49",="91",="1.165955",="12.43246",="0.02503274",="10132080",="10132700",="23.99211",="24.00455",="0",PacketEnd
="2025-09-30 오전 10:03:49",="94",="1.16592",="12.43246",="0.01940797",="10132080",="10132700",="23.99214",="24.00461",="0",PacketEnd
="2025-09-30 오전 10:03:49",="97",="1.165888",="12.43246",="0.01487383",="10132080",="10132700",="23.99223",="24.00463",="0",PacketEnd
="2025-09-30 오전 10:03:49",="106",="1.165806",="12.43246",="0.006111885",="10132080",="10132700",="23.9924",="24.00476",="0",PacketEnd
="2025-09-30 오전 10:03:49",="109",="1.165779",="12.43246",="0.00430923",="10132080",="10132700",="23.99246",="24.00479",="0",PacketEnd
="2025-09-30 오전 10:03:49",="112",="1.165748",="12.43246",="0.00285215",="10132080",="10132700",="23.99249",="24.00487",="0",PacketEnd
="2025-09-30 오전 10:03:49",="115",="1.165715",="12.43246",="0.001643968",="10132080",="10132700",="23.99256",="24.0049",="0",PacketEnd
="2025-09-30 오전 10:03:49",="118",="1.165678",="12.43246",="0.0006150464",="10132080",="10132700",="23.99258",="24.00498",="0",PacketEnd
="2025-09-30 오전 10:03:49",="121",="1.165641",="12.43246",="-0.0002789163",="10132080",="10132700",="23.99263",="24.005",="0",PacketEnd
="2025-09-30 오전 10:03:49",="124",="1.165606",="12.41817",="-0.001033511",="10132081",="10132700",="23.99266",="24.00506",="0",PacketEnd
="2025-09-30 오전 10:03:49",="127",="1.165573",="12.41817",="-0.001649177",="10132081",="10132700",="23.99274",="24.00509",="0",PacketEnd
="2025-09-30 오전 10:03:49",="130",="1.165542",="12.41817",="-0.00212369",="10132081",="10132700",="23.99278",="24.00515",="0",PacketEnd
="2025-09-30 오전 10:03:49",="133",="1.165512",="12.41817",="-0.002464986",="10132081",="10132700",="23.99286",="24.00517",="0",PacketEnd
="2025-09-30 오전 10:03:49",="136",="1.165482",="12.41817",="-0.002714158",="10132081",="10132700",="23.99289",="24.00523",="0",PacketEnd
="2025-09-30 오전 10:03:49",="139",="1.16545",="12.41817",="-0.002901224",="10132081",="10132700",="23.99295",="24.00527",="0",PacketEnd
="2025-09-30 오전 10:03:49",="142",="1.165417",="12.41102",="-0.003061067",="10132082",="10132700",="23.99298",="24.00535",="0",PacketEnd
="2025-09-30 오전 10:03:49",="145",="1.16538",="12.41102",="-0.003223324",="10132082",="10132700",="23.99304",="24.00539",="0",PacketEnd
="2025-09-30 오전 10:03:49",="148",="1.16534",="12.41102",="-0.003401877",="10132082",="10132700",="23.99306",="24.00546",="0",PacketEnd
="2025-09-30 오전 10:03:49",="151",="1.165302",="12.41102",="-0.003595177",="10132082",="10132700",="23.99312",="24.00549",="0",PacketEnd
="2025-09-30 오전 10:03:49",="160",="1.165197",="12.40386",="-0.004004438",="10132083",="10132700",="23.99325",="24.00564",="0",PacketEnd
="2025-09-30 오전 10:03:49",="163",="1.165165",="12.38953",="-0.004030768",="10132084",="10132700",="23.99332",="24.00567",="0",PacketEnd
="2025-09-30 오전 10:03:49",="166",="1.165134",="12.41102",="-0.004020236",="10132084",="10132702",="23.99335",="24.00573",="0",PacketEnd
="2025-09-30 오전 10:03:49",="169",="1.165101",="12.41102",="-0.003990868",="10132084",="10132702",="23.99341",="24.00577",="0",PacketEnd
="2025-09-30 오전 10:03:49",="172",="1.165066",="12.42532",="-0.003974139",="10132084",="10132704",="23.99344",="24.00585",="0",PacketEnd
="2025-09-30 오전 10:03:49",="175",="1.165028",="12.42532",="-0.003989324",="10132084",="10132704",="23.9935",="24.00589",="0",PacketEnd
="2025-09-30 오전 10:03:49",="178",="1.164988",="12.43246",="-0.004045817",="10132084",="10132705",="23.99352",="24.00596",="0",PacketEnd
="2025-09-30 오전 10:03:49",="181",="1.164948",="12.43246",="-0.004138462",="10132084",="10132705",="23.99357",="24.006",="0",PacketEnd
="2025-09-30 오전 10:03:49",="184",="1.164911",="12.43246",="-0.00423643",="10132084",="10132705",="23.9936",="24.00606",="0",PacketEnd
="2025-09-30 오전 10:03:49",="187",="1.164875",="12.43246",="-0.004310184",="10132084",="10132705",="23.99366",="24.00609",="0",PacketEnd
="2025-09-30 오전 10:03:50",="190",="1.164844",="12.43246",="-0.004330874",="10132084",="10132705",="23.99369",="24.00614",="0",PacketEnd
="2025-09-30 오전 10:03:50",="193",="1.164813",="12.43246",="-0.004294042",="10132084",="10132705",="23.99375",="24.00617",="0",PacketEnd
="2025-09-30 오전 10:03:50",="196",="1.164784",="12.43246",="-0.004213527",="10132084",="10132705",="23.99377",="24.00622",="0",PacketEnd
="2025-09-30 오전 10:03:50",="199",="1.164755",="12.43246",="-0.004106754",="10132084",="10132705",="23.99382",="24.00626",="0",PacketEnd
="2025-09-30 오전 10:03:50",="202",="1.166044",="12.44674",="0.001158673",="10132084",="10132706",="23.99384",="24.00633",="0",PacketEnd
="2025-09-30 오전 10:03:50",="211",="1.169905",="12.44674",="0.0514631",="10132084",="10132706",="23.99395",="24.00645",="0",PacketEnd
="2025-09-30 오전 10:03:50",="214",="1.169875",="12.44674",="0.06598811",="10132084",="10132706",="23.99397",="24.0065",="0",PacketEnd
="2025-09-30 오전 10:03:50",="217",="1.169846",="12.44674",="0.0701844",="10132084",="10132706",="23.99402",="24.00652",="0",PacketEnd
="2025-09-30 오전 10:03:50",="220",="1.169818",="12.44674",="0.06604543",="10132084",="10132706",="23.99405",="24.00658",="0",PacketEnd
="2025-09-30 오전 10:03:50",="223",="1.169789",="12.44674",="0.05515435",="10132084",="10132706",="23.99411",="24.00662",="0",PacketEnd
="2025-09-30 오전 10:03:50",="226",="1.169758",="12.44674",="0.0439469",="10132084",="10132706",="23.99413",="24.00668",="0",PacketEnd
="2025-09-30 오전 10:03:50",="229",="1.169724",="12.44674",="0.0348641",="10132084",="10132706",="23.99418",="24.00672",="0",PacketEnd
="2025-09-30 오전 10:03:50",="232",="1.169688",="12.44674",="0.02747219",="10132084",="10132706",="23.99421",="24.0068",="0",PacketEnd
="2025-09-30 오전 10:03:50",="235",="1.169648",="12.45387",="0.02143609",="10132084",="10132707",="23.99426",="24.00685",="0",PacketEnd
="2025-09-30 오전 10:03:50",="238",="1.169605",="12.45387",="0.01648732",="10132084",="10132707",="23.99429",="24.00693",="0",PacketEnd
="2025-09-30 오전 10:03:50",="241",="1.169563",="12.45387",="0.01242409",="10132084",="10132707",="23.99435",="24.00696",="0",PacketEnd
="2025-09-30 오전 10:03:50",="244",="1.169522",="12.46099",="0.009104236",="10132084",="10132708",="23.99438",="24.00703",="0",PacketEnd
="2025-09-30 오전 10:03:50",="247",="1.169483",="12.46099",="0.006413549",="10132084",="10132708",="23.99444",="24.00707",="0",PacketEnd
="2025-09-30 오전 10:03:50",="250",="1.169446",="12.46099",="0.004262824",="10132084",="10132708",="23.99448",="24.00713",="0",PacketEnd
="2025-09-30 오전 10:03:50",="253",="1.16941",="12.46099",="0.00255973",="10132084",="10132708",="23.99456",="24.00717",="0",PacketEnd
="2025-09-30 오전 10:03:50",="0",="1.169374",="12.46099",="0.001213726",="10132084",="10132708",="23.99459",="24.00723",="0",PacketEnd
="2025-09-30 오전 10:03:50",="9",="1.169262",="12.46099",="-0.001419238",="10132084",="10132708",="23.99475",="24.00739",="0",PacketEnd
="2025-09-30 오전 10:03:50",="12",="1.169222",="12.45387",="-0.002014589",="10132085",="10132708",="23.99479",="24.00746",="0",PacketEnd
="2025-09-30 오전 10:03:50",="15",="1.169183",="12.44674",="-0.002516248",="10132086",="10132708",="23.99485",="24.00749",="0",PacketEnd
="2025-09-30 오전 10:03:50",="18",="1.169148",="12.4396",="-0.002918574",="10132086",="10132707",="23.99489",="24.00755",="0",PacketEnd
="2025-09-30 오전 10:03:50",="21",="1.169115",="12.43246",="-0.003213769",="10132087",="10132707",="23.99497",="24.00757",="0",PacketEnd
="2025-09-30 오전 10:03:50",="24",="1.169086",="12.41817",="-0.003397829",="10132088",="10132707",="23.99501",="24.00763",="0",PacketEnd
="2025-09-30 오전 10:03:50",="27",="1.169056",="12.41102",="-0.003491303",="10132089",="10132707",="23.9951",="24.00766",="0",PacketEnd
="2025-09-30 오전 10:03:50",="30",="1.169027",="12.41102",="-0.00352732",="10132089",="10132707",="23.99513",="24.00771",="0",PacketEnd
="2025-09-30 오전 10:03:50",="33",="1.168998",="12.41102",="-0.003533034",="10132089",="10132707",="23.9952",="24.00774",="0",PacketEnd
="2025-09-30 오전 10:03:51",="36",="1.168967",="12.41102",="-0.003535277",="10132089",="10132707",="23.99523",="24.00781",="0",PacketEnd
="2025-09-30 오전 10:03:51",="39",="1.168934",="12.41102",="-0.003553003",="10132089",="10132707",="23.99531",="24.00785",="0",PacketEnd
="2025-09-30 오전 10:03:51",="42",="1.168899",="12.41102",="-0.003594808",="10132089",="10132707",="23.99534",="24.00791",="0",PacketEnd
="2025-09-30 오전 10:03:51",="45",="1.168864",="12.41102",="-0.003660191",="10132089",="10132707",="23.9954",="24.00794",="0",PacketEnd
="2025-09-30 오전 10:03:51",="48",="1.168831",="12.41102",="-0.003738224",="10132089",="10132707",="23.99543",="24.008",="0",PacketEnd
="2025-09-30 오전 10:03:51",="51",="1.168798",="12.40386",="-0.00380426",="10132090",="10132707",="23.9955",="24.00803",="0",PacketEnd
="2025-09-30 오전 10:03:51",="60",="1.168696",="12.40386",="-0.003901762",="10132090",="10132707",="23.99563",="24.00821",="0",PacketEnd
="2025-09-30 오전 10:03:51",="63",="1.16866",="12.3967",="-0.003942903",="10132091",="10132707",="23.99568",="24.00824",="0",PacketEnd
="2025-09-30 오전 10:03:51",="66",="1.16862",="12.3967",="-0.004012223",="10132091",="10132707",="23.9957",="24.00834",="0",PacketEnd
="2025-09-30 오전 10:03:51",="69",="1.168577",="12.38236",="-0.004113384",="10132092",="10132707",="23.99576",="24.00838",="0",PacketEnd
="2025-09-30 오전 10:03:51",="72",="1.168532",="12.37519",="-0.004253353",="10132093",="10132707",="23.99578",="24.00847",="0",PacketEnd
="2025-09-30 오전 10:03:51",="75",="1.168486",="12.36801",="-0.004420259",="10132094",="10132707",="23.99583",="24.0085",="0",PacketEnd
="2025-09-30 오전 10:03:51",="78",="1.168444",="12.36082",="-0.004582611",="10132095",="10132708",="23.99586",="24.00857",="0",PacketEnd
="2025-09-30 오전 10:03:51",="81",="1.168405",="12.36082",="-0.004704167",="10132095",="10132708",="23.99592",="24.0086",="0",PacketEnd
="2025-09-30 오전 10:03:51",="84",="1.168367",="12.36082",="-0.004762219",="10132095",="10132708",="23.99595",="24.00869",="0",PacketEnd
="2025-09-30 오전 10:03:51",="87",="1.168328",="12.37519",="-0.004768023",="10132095",="10132709",="23.99601",="24.00873",="0",PacketEnd
="2025-09-30 오전 10:03:51",="90",="1.168288",="12.37519",="-0.004750177",="10132095",="10132709",="23.99604",="24.0088",="0",PacketEnd
="2025-09-30 오전 10:03:51",="93",="1.168247",="12.37519",="-0.004741722",="10132095",="10132709",="23.99609",="24.00884",="0",PacketEnd
="2025-09-30 오전 10:03:51",="96",="1.168205",="12.37519",="-0.004756087",="10132095",="10132709",="23.99612",="24.00893",="0",PacketEnd
="2025-09-30 오전 10:03:51",="99",="1.168161",="12.37519",="-0.004794473",="10132095",="10132709",="23.99619",="24.00898",="0",PacketEnd
="2025-09-30 오전 10:03:51",="102",="1.168115",="12.37519",="-0.004859923",="10132095",="10132709",="23.99622",="24.00906",="0",PacketEnd
="2025-09-30 오전 10:03:51",="105",="1.16807",="12.37519",="-0.004937456",="10132095",="10132709",="23.99628",="24.00909",="0",PacketEnd
="2025-09-30 오전 10:03:51",="114",="1.167949",="12.36801",="-0.005051603",="10132096",="10132709",="23.99643",="24.00928",="0",PacketEnd
="2025-09-30 오전 10:03:51",="117",="1.167911",="12.36801",="-0.005011916",="10132096",="10132709",="23.99652",="24.00931",="0",PacketEnd
="2025-09-30 오전 10:03:51",="120",="1.167874",="12.36801",="-0.004947577",="10132096",="10132709",="23.99656",="24.00937",="0",PacketEnd
="2025-09-30 오전 10:03:51",="123",="1.167838",="12.36801",="-0.004868535",="10132096",="10132709",="23.99662",="24.00941",="0",PacketEnd
="2025-09-30 오전 10:03:51",="126",="1.167802",="12.36801",="-0.004784486",="10132096",="10132709",="23.99665",="24.00949",="0",PacketEnd
="2025-09-30 오전 10:03:51",="129",="1.167763",="12.36801",="-0.004715013",="10132096",="10132709",="23.99674",="24.00954",="0",PacketEnd
="2025-09-30 오전 10:03:51",="132",="1.167722",="12.36801",="-0.004677299",="10132096",="10132709",="23.99678",="24.00961",="0",PacketEnd
="2025-09-30 오전 10:03:52",="135",="1.167681",="12.36801",="-0.004674683",="10132096",="10132709",="23.99685",="24.00964",="0",PacketEnd
="2025-09-30 오전 10:03:52",="138",="1.167644",="12.36801",="-0.004688467",="10132096",="10132709",="23.9969",="24.0097",="0",PacketEnd
="2025-09-30 오전 10:03:52",="141",="1.167611",="12.36801",="-0.004676619",="10132096",="10132709",="23.99699",="24.00972",="0",PacketEnd
="2025-09-30 오전 10:03:52",="144",="1.167581",="12.36801",="-0.0046128",="10132096",="10132709",="23.99704",="24.00978",="0",PacketEnd
="2025-09-30 오전 10:03:52",="147",="1.16755",="12.36801",="-0.004500107",="10132096",="10132709",="23.99714",="24.00981",="0",PacketEnd
="2025-09-30 오전 10:03:52",="150",="1.167521",="12.36801",="-0.004359853",="10132096",="10132709",="23.99718",="24.00986",="0",PacketEnd
="2025-09-30 오전 10:03:52",="153",="1.167492",="12.36801",="-0.004217368",="10132096",="10132709",="23.99726",="24.00989",="0",PacketEnd
="2025-09-30 오전 10:03:52",="156",="1.167462",="12.36801",="-0.00409116",="10132096",="10132709",="23.9973",="24.00996",="0",PacketEnd
="2025-09-30 오전 10:03:52",="159",="1.167429",="12.36801",="-0.003998765",="10132096",="10132709",="23.9974",="24.01",="0",PacketEnd
="2025-09-30 오전 10:03:52",="165",="1.167357",="12.37519",="-0.00395875",="10132096",="10132710",="23.99752",="24.0101",="0",PacketEnd
="2025-09-30 오전 10:03:52",="168",="1.167321",="12.38236",="-0.004003479",="10132096",="10132711",="23.99756",="24.01016",="0",PacketEnd
="2025-09-30 오전 10:03:52",="171",="1.167286",="12.37519",="-0.004055647",="10132097",="10132711",="23.99766",="24.01019",="0",PacketEnd
="2025-09-30 오전 10:03:52",="174",="1.167252",="12.38236",="-0.004094381",="10132097",="10132712",="23.99771",="24.01026",="0",PacketEnd
="2025-09-30 오전 10:03:52",="177",="1.168099",="12.38953",="-0.001465874",="10132098",="10132713",="23.99781",="24.01029",="0",PacketEnd
="2025-09-30 오전 10:03:52",="180",="1.169388",="12.3967",="0.008254785",="10132098",="10132714",="23.99785",="24.01035",="0",PacketEnd
="2025-09-30 오전 10:03:52",="183",="1.170677",="12.3967",="0.02370767",="10132098",="10132714",="23.99792",="24.01037",="0",PacketEnd
="2025-09-30 오전 10:03:52",="186",="1.171967",="12.3967",="0.04380008",="10132098",="10132714",="23.99796",="24.01044",="0",PacketEnd
="2025-09-30 오전 10:03:52",="189",="1.172375",="12.3967",="0.06234805",="10132098",="10132714",="23.99804",="24.01048",="0",PacketEnd
="2025-09-30 오전 10:03:52",="192",="1.172341",="12.3967",="0.06977079",="10132098",="10132714",="23.99808",="24.01054",="0",PacketEnd
="2025-09-30 오전 10:03:52",="195",="1.172307",="12.38236",="0.06819046",="10132099",="10132714",="23.99814",="24.01057",="0",PacketEnd
="2025-09-30 오전 10:03:52",="198",="1.172275",="12.38236",="0.05932763",="10132099",="10132714",="23.99818",="24.01062",="0",PacketEnd
="2025-09-30 오전 10:03:52",="201",="1.172244",="12.38236",="0.04723496",="10132099",="10132714",="23.99825",="24.01065",="0",PacketEnd
="2025-09-30 오전 10:03:52",="204",="1.172211",="12.38236",="0.03746295",="10132099",="10132714",="23.99829",="24.01073",="0",PacketEnd
="2025-09-30 오전 10:03:52",="207",="1.172176",="12.38236",="0.02955549",="10132099",="10132714",="23.99838",="24.01077",="0",PacketEnd
="2025-09-30 오전 10:03:52",="210",="1.172138",="12.38236",="0.02313572",="10132099",="10132714",="23.99841",="24.01085",="0",PacketEnd
="2025-09-30 오전 10:03:52",="219",="1.172015",="12.38236",="0.01010566",="10132099",="10132714",="23.99857",="24.01102",="0",PacketEnd
="2025-09-30 오전 10:03:52",="222",="1.17197",="12.38236",="0.00722235",="10132099",="10132714",="23.99859",="24.01111",="0",PacketEnd
="2025-09-30 오전 10:03:52",="225",="1.171924",="12.38236",="0.004850759",="10132099",="10132714",="23.99865",="24.01114",="0",PacketEnd
="2025-09-30 오전 10:03:52",="228",="1.17188",="12.38236",="0.002904697",="10132099",="10132714",="23.99868",="24.01122",="0",PacketEnd
="2025-09-30 오전 10:03:52",="231",="1.171839",="12.38236",="0.001331361",="10132099",="10132714",="23.99874",="24.01125",="0",PacketEnd
="2025-09-30 오전 10:03:53",="234",="1.1718",="12.38236",="9.042729E-05",="10132099",="10132714",="23.99879",="24.01133",="0",PacketEnd
="2025-09-30 오전 10:03:53",="237",="1.171759",="12.38236",="-0.0008788881",="10132099",="10132714",="23.99887",="24.01138",="0",PacketEnd
="2025-09-30 오전 10:03:53",="240",="1.171717",="12.38236",="-0.001643693",="10132099",="10132714",="23.9989",="24.01146",="0",PacketEnd
="2025-09-30 오전 10:03:53",="243",="1.171674",="12.38236",="-0.002267375",="10132099",="10132714",="23.99896",="24.0115",="0",PacketEnd
="2025-09-30 오전 10:03:53",="246",="1.171629",="12.38236",="-0.002801499",="10132099",="10132714",="23.99899",="24.0116",="0",PacketEnd
="2025-09-30 오전 10:03:53",="249",="1.171582",="12.38236",="-0.003269038",="10132099",="10132714",="23.99907",="24.01165",="0",PacketEnd
="2025-09-30 오전 10:03:53",="252",="1.171535",="12.38236",="-0.003683872",="10132099",="10132714",="23.9991",="24.01172",="0",PacketEnd
="2025-09-30 오전 10:03:53",="255",="1.17149",="12.38236",="-0.00403675",="10132099",="10132714",="23.99917",="24.01175",="0",PacketEnd
="2025-09-30 오전 10:03:53",="2",="1.171451",="12.38236",="-0.004300277",="10132099",="10132714",="23.9992",="24.0118",="0",PacketEnd
="2025-09-30 오전 10:03:53",="5",="1.171418",="12.38236",="-0.004448053",="10132099",="10132714",="23.99928",="24.01183",="0",PacketEnd
="2025-09-30 오전 10:03:53",="14",="1.171329",="12.38236",="-0.004262863",="10132099",="10132714",="23.99945",="24.01197",="0",PacketEnd
="2025-09-30 오전 10:03:53",="17",="1.171299",="12.38236",="-0.004132207",="10132099",="10132714",="23.99952",="24.012",="0",PacketEnd
="2025-09-30 오전 10:03:53",="20",="1.17127",="12.38236",="-0.004022386",="10132099",="10132714",="23.99955",="24.01207",="0",PacketEnd
="2025-09-30 오전 10:03:53",="23",="1.171237",="12.38953",="-0.003945835",="10132099",="10132715",="23.99963",="24.0121",="0",PacketEnd
="2025-09-30 오전 10:03:53",="26",="1.224702",="12.11377",="0.105642",="10132099",="10131513",="23.99966",="24.01217",="0",PacketEnd
="2025-09-30 오전 10:03:53",="29",="1.552048",="12.38236",="1.520232",="10129696",="10130311",="23.99972",="24.0122",="0",PacketEnd
="2025-09-30 오전 10:03:53",="32",="2.29594",="12.11377",="6.167347",="10128494",="10127908",="23.99976",="24.01225",="0",PacketEnd
="2025-09-30 오전 10:03:53",="35",="3.373596",="12.38953",="15.50077",="10126091",="10126706",="23.99984",="24.01229",="0",PacketEnd
="2025-09-30 오전 10:03:53",="38",="4.814741",="12.11377",="30.63812",="10124889",="10124303",="23.99988",="24.01234",="0",PacketEnd
="2025-09-30 오전 10:03:53",="41",="6.315329",="12.38953",="50.10718",="10122485",="10123101",="23.99997",="24.01237",="0",PacketEnd
="2025-09-30 오전 10:03:53",="44",="7.816578",="12.11377",="70.95863",="10121283",="10120697",="24",="24.01242",="0",PacketEnd
="2025-09-30 오전 10:03:53",="47",="9.317827",="12.40386",="90.85795",="10118879",="10119496",="24.00005",="24.01245",="0",PacketEnd
="2025-09-30 오전 10:03:53",="50",="10.8193",="12.09906",="107.8648",="10117677",="10117093",="24.00009",="24.01252",="0",PacketEnd
="2025-09-30 오전 10:03:53",="53",="12.32121",="12.41102",="121.6816",="10115273",="10115891",="24.00015",="24.01255",="0",PacketEnd
="2025-09-30 오전 10:03:53",="56",="13.82311",="12.08434",="132.8629",="10114071",="10113488",="24.00017",="24.01261",="0",PacketEnd
="2025-09-30 오전 10:03:53",="65",="18.32884",="12.44674",="155.157",="10108061",="10108683",="24.00031",="24.0127",="0",PacketEnd
="2025-09-30 오전 10:03:53",="68",="19.83098",="12.06221",="159.9489",="10106860",="10106280",="24.00035",="24.01275",="0",PacketEnd
="2025-09-30 오전 10:03:53",="71",="21.33356",="12.44674",="163.8286",="10104456",="10105078",="24.00042",="24.01277",="0",PacketEnd
="2025-09-30 오전 10:03:53",="74",="22.83635",="12.05483",="166.971",="10103254",="10102674",="24.00044",="24.01281",="0",PacketEnd
="2025-09-30 오전 10:03:54",="77",="24.17271",="12.4396",="169.0192",="10102053",="10102674",="24.00049",="24.01283",="0",PacketEnd
="2025-09-30 오전 10:03:54",="80",="25.09164",="12.43246",="168.0974",="10102054",="10102674",="24.00052",="24.01288",="0",PacketEnd
="2025-09-30 오전 10:03:54",="83",="25.67636",="12.43246",="162.6944",="10102054",="10102674",="24.00057",="24.0129",="0",PacketEnd
="2025-09-30 오전 10:03:54",="86",="25.84366",="12.43246",="151.4324",="10102054",="10102674",="24.00059",="24.01295",="0",PacketEnd
="2025-09-30 오전 10:03:54",="89",="25.84364",="12.43246",="134.3541",="10102054",="10102674",="24.00062",="24.01296",="0",PacketEnd
="2025-09-30 오전 10:03:54",="92",="25.84361",="12.43246",="114.5069",="10102054",="10102674",="24.00064",="24.01302",="0",PacketEnd
="2025-09-30 오전 10:03:54",="95",="25.84359",="12.43246",="94.49557",="10102054",="10102674",="24.00069",="24.01305",="0",PacketEnd
="2025-09-30 오전 10:03:54",="98",="25.84356",="12.43246",="76.58502",="10102054",="10102674",="24.00071",="24.01311",="0",PacketEnd
="2025-09-30 오전 10:03:54",="101",="25.84353",="12.43246",="61.94852",="10102054",="10102674",="24.00075",="24.01314",="0",PacketEnd
="2025-09-30 오전 10:03:54",="104",="25.8435",="12.4396",="50.10911",="10102054",="10102675",="24.00077",="24.01319",="0",PacketEnd
="2025-09-30 오전 10:03:54",="107",="25.84347",="12.4396",="40.53225",="10102054",="10102675",="24.00081",="24.01322",="0",PacketEnd
="2025-09-30 오전 10:03:54",="110",="25.84344",="12.4396",="32.78559",="10102054",="10102675",="24.00084",="24.01329",="0",PacketEnd
="2025-09-30 오전 10:03:54",="119",="25.84334",="12.4396",="17.3506",="10102054",="10102675",="24.00093",="24.0134",="0",PacketEnd
="2025-09-30 오전 10:03:54",="122",="25.84332",="12.4396",="14.03409",="10102054",="10102675",="24.00094",="24.01347",="0",PacketEnd
="2025-09-30 오전 10:03:54",="125",="25.84328",="12.4396",="11.35135",="10102054",="10102675",="24.00098",="24.0135",="0",PacketEnd
="2025-09-30 오전 10:03:54",="128",="25.84325",="12.43246",="9.181304",="10102055",="10102675",="24.001",="24.01357",="0",PacketEnd
="2025-09-30 오전 10:03:54",="131",="25.84321",="12.43246",="7.425936",="10102055",="10102675",="24.00104",="24.0136",="0",PacketEnd
="2025-09-30 오전 10:03:54",="134",="25.84252",="12.4396",="6.00343",="10102055",="10102676",="24.00106",="24.01366",="0",PacketEnd
="2025-09-30 오전 10:03:54",="137",="25.84183",="12.4396",="4.848995",="10102055",="10102676",="24.0011",="24.01369",="0",PacketEnd
="2025-09-30 오전 10:03:54",="140",="25.84113",="12.4396",="3.911378",="10102055",="10102676",="24.00113",="24.01377",="0",PacketEnd
="2025-09-30 오전 10:03:54",="143",="25.84043",="12.4396",="3.149169",="10102055",="10102676",="24.00119",="24.0138",="0",PacketEnd
="2025-09-30 오전 10:03:54",="146",="25.8404",="12.4396",="2.533991",="10102055",="10102676",="24.00121",="24.01386",="0",PacketEnd
="2025-09-30 오전 10:03:54",="149",="25.84036",="12.4396",="2.040147",="10102055",="10102676",="24.00126",="24.01389",="0",PacketEnd
="2025-09-30 오전 10:03:54",="152",="25.84033",="12.4396",="1.644464",="10102055",="10102676",="24.00129",="24.01396",="0",PacketEnd
="2025-09-30 오전 10:03:54",="155",="25.8403",="12.4396",="1.328219",="10102055",="10102676",="24.00134",="24.01399",="0",PacketEnd
="2025-09-30 오전 10:03:54",="158",="25.84026",="12.4396",="1.073586",="10102055",="10102676",="24.00138",="24.01406",="0",PacketEnd
="2025-09-30 오전 10:03:54",="161",="25.84023",="12.4396",="0.8676405",="10102055",="10102676",="24.00143",="24.0141",="0",PacketEnd
="2025-09-30 오전 10:03:54",="170",="25.84012",="12.4396",="0.4572327",="10102055",="10102676",="24.00153",="24.01428",="0",PacketEnd
="2025-09-30 오전 10:03:54",="173",="25.84008",="12.4396",="0.3690215",="10102055",="10102676",="24.00159",="24.01431",="0",PacketEnd
="2025-09-30 오전 10:03:54",="176",="25.84004",="12.4396",="0.2976564",="10102055",="10102676",="24.00161",="24.01438",="0",PacketEnd
="2025-09-30 오전 10:03:55",="179",="25.84",="12.4396",="0.2399121",="10102055",="10102676",="24.00166",="24.01441",="0",PacketEnd
="2025-09-30 오전 10:03:55",="182",="25.83997",="12.4396",="0.1932185",="10102055",="10102676",="24.00168",="24.01448",="0",PacketEnd
="2025-09-30 오전 10:03:55",="185",="25.83994",="12.4396",="0.1554616",="10102055",="10102676",="24.00174",="24.01451",="0",PacketEnd
="2025-09-30 오전 10:03:55",="186",="25.83992",="12.4396",="0.1445505",="10102055",="10102676",="24.00176",="24.01455",="0",PacketEnd
="2025-09-30 오전 10:03:55",="189",="25.83988",="12.44674",="0.1160879",="10102054",="10102676",="24.00179",="24.01458",="0",PacketEnd
="2025-09-30 오전 10:03:55",="192",="25.84051",="12.4396",="0.09567957",="10102054",="10102675",="24.00182",="24.01464",="0",PacketEnd
="2025-09-30 오전 10:03:55",="195",="25.84114",="12.4396",="0.08295084",="10102054",="10102675",="24.00186",="24.01466",="0",PacketEnd
="2025-09-30 오전 10:03:55",="198",="25.84177",="12.44674",="0.0764524",="10102053",="10102675",="24.00189",="24.01473",="0",PacketEnd
="2025-09-30 오전 10:03:55",="201",="25.84239",="12.4396",="0.07499883",="10102053",="10102674",="24.00194",="24.01477",="0",PacketEnd
="2025-09-30 오전 10:03:55",="204",="25.84236",="12.4396",="0.07247882",="10102053",="10102674",="24.00197",="24.01482",="0",PacketEnd
="2025-09-30 오전 10:03:55",="207",="25.84277",="12.42532",="0.06796943",="10102053",="10102673",="24.00201",="24.01484",="0",PacketEnd
="2025-09-30 오전 10:03:55",="210",="25.84318",="12.4396",="0.06388804",="10102053",="10102674",="24.00203",="24.01491",="0",PacketEnd
="2025-09-30 오전 10:03:55",="213",="25.84315",="12.4396",="0.05723592",="10102053",="10102674",="24.00207",="24.01495",="0",PacketEnd
="2025-09-30 오전 10:03:55",="222",="25.84216",="12.4396",="0.02943375",="10102053",="10102674",="24.00215",="24.01511",="0",PacketEnd
="2025-09-30 오전 10:03:55",="225",="25.84213",="12.4396",="0.01795793",="10102053",="10102674",="24.00219",="24.01514",="0",PacketEnd
="2025-09-30 오전 10:03:55",="228",="25.84209",="12.4396",="0.008664274",="10102053",="10102674",="24.00222",="24.01522",="0",PacketEnd
="2025-09-30 오전 10:03:55",="231",="25.84206",="12.4396",="0.002461103",="10102053",="10102674",="24.00229",="24.01526",="0",PacketEnd
="2025-09-30 오전 10:03:55",="234",="25.84202",="12.4396",="0.0007913781",="10102053",="10102674",="24.00231",="24.01533",="0",PacketEnd
="2025-09-30 오전 10:03:55",="237",="25.84198",="12.4396",="-0.0001909341",="10102053",="10102674",="24.00235",="24.01536",="0",PacketEnd
="2025-09-30 오전 10:03:55",="240",="25.84194",="12.4396",="-0.001019089",="10102053",="10102674",="24.00237",="24.01544",="0",PacketEnd
="2025-09-30 오전 10:03:55",="243",="25.84191",="12.43246",="-0.001677013",="10102054",="10102674",="24.00242",="24.01549",="0",PacketEnd
="2025-09-30 오전 10:03:55",="246",="25.84187",="12.43246",="-0.002231341",="10102054",="10102674",="24.00245",="24.01557",="0",PacketEnd
="2025-09-30 오전 10:03:55",="249",="25.84182",="12.43246",="-0.002724237",="10102055",="10102675",="24.0025",="24.0156",="0",PacketEnd
="2025-09-30 오전 10:03:55",="252",="25.84178",="12.43246",="-0.00314353",="10102055",="10102675",="24.00252",="24.01567",="0",PacketEnd
="2025-09-30 오전 10:03:55",="255",="25.84174",="12.43246",="-0.003498049",="10102055",="10102675",="24.00257",="24.01571",="0",PacketEnd
="2025-09-30 오전 10:03:55",="2",="25.8417",="12.43246",="-0.003784035",="10102055",="10102675",="24.00261",="24.01581",="0",PacketEnd
="2025-09-30 오전 10:03:55",="5",="25.84166",="12.43246",="-0.003982829",="10102055",="10102675",="24.00269",="24.01584",="0",PacketEnd
="2025-09-30 오전 10:03:55",="8",="25.84162",="12.43246",="-0.004136851",="10102055",="10102675",="24.00272",="24.01591",="0",PacketEnd
="2025-09-30 오전 10:03:55",="16",="25.84151",="12.43246",="-0.00450215",="10102054",="10102674",="24.00287",="24.01608",="0",PacketEnd
="2025-09-30 오전 10:03:56",="19",="25.84147",="12.43246",="-0.004582633",="10102054",="10102674",="24.00296",="24.01612",="0",PacketEnd
="2025-09-30 오전 10:03:56",="22",="25.84142",="12.4396",="-0.004671503",="10102053",="10102674",="24.003",="24.01619",="0",PacketEnd
="2025-09-30 오전 10:03:56",="25",="25.84182",="12.43246",="-0.003424279",="10102052",="10102673",="24.00307",="24.01623",="0",PacketEnd
="2025-09-30 오전 10:03:56",="28",="25.84244",="12.43246",="0.001379868",="10102052",="10102673",="24.0031",="24.01631",="0",PacketEnd
="2025-09-30 오전 10:03:56",="31",="25.84306",="12.43246",="0.009055508",="10102052",="10102673",="24.00321",="24.01635",="0",PacketEnd
="2025-09-30 오전 10:03:56",="34",="25.84368",="12.42532",="0.01906737",="10102053",="10102673",="24.00325",="24.01643",="0",PacketEnd
="2025-09-30 오전 10:03:56",="37",="25.84386",="12.42532",="0.02831465",="10102053",="10102673",="24.00334",="24.01646",="0",PacketEnd
="2025-09-30 오전 10:03:56",="40",="25.84382",="12.42532",="0.03199631",="10102053",="10102673",="24.00337",="24.01653",="0",PacketEnd
="2025-09-30 오전 10:03:56",="43",="25.84378",="12.42532",="0.03118818",="10102053",="10102673",="24.00345",="24.01658",="0",PacketEnd
="2025-09-30 오전 10:03:56",="46",="25.84374",="12.42532",="0.0267504",="10102053",="10102673",="24.00349",="24.01667",="0",PacketEnd
="2025-09-30 오전 10:03:56",="49",="25.8437",="12.42532",="0.02070874",="10102053",="10102673",="24.00358",="24.01672",="0",PacketEnd
="2025-09-30 오전 10:03:56",="52",="25.84365",="12.42532",="0.01578496",="10102053",="10102673",="24.00361",="24.01678",="0",PacketEnd
="2025-09-30 오전 10:03:56",="55",="25.84361",="12.42532",="0.01178003",="10102053",="10102673",="24.00368",="24.01682",="0",PacketEnd
="2025-09-30 오전 10:03:56",="58",="25.84356",="12.42532",="0.008548018",="10102053",="10102673",="24.00371",="24.01688",="0",PacketEnd
="2025-09-30 오전 10:03:56",="61",="25.84353",="12.42532",="0.005945874",="10102053",="10102673",="24.00379",="24.01692",="0",PacketEnd
="2025-09-30 오전 10:03:56",="70",="25.84343",="12.42532",="0.001063771",="10102053",="10102673",="24.00391",="24.01707",="0",PacketEnd
="2025-09-30 오전 10:03:56",="73",="25.84339",="12.42532",="7.00543E-05",="10102053",="10102673",="24.00398",="24.01713",="0",PacketEnd
="2025-09-30 오전 10:03:56",="76",="25.84269",="12.4396",="-0.003347658",="10102053",="10102674",="24.00402",="24.01721",="0",PacketEnd
="2025-09-30 오전 10:03:56",="79",="25.84199",="12.44674",="-0.009903594",="10102052",="10102674",="24.00409",="24.01724",="0",PacketEnd
="2025-09-30 오전 10:03:56",="82",="25.84129",="12.44674",="-0.01903549",="10102052",="10102674",="24.00412",="24.0173",="0",PacketEnd
="2025-09-30 오전 10:03:56",="85",="25.8406",="12.44674",="-0.03019704",="10102052",="10102674",="24.00418",="24.01733",="0",PacketEnd
="2025-09-30 오전 10:03:56",="88",="25.84079",="12.43246",="-0.0373637",="10102052",="10102673",="24.00422",="24.0174",="0",PacketEnd
="2025-09-30 오전 10:03:56",="91",="25.84141",="12.44674",="-0.03598744",="10102051",="10102673",="24.0043",="24.01744",="0",PacketEnd
="2025-09-30 오전 10:03:56",="94",="25.84204",="12.44674",="-0.02725602",="10102051",="10102673",="24.00435",="24.0175",="0",PacketEnd
="2025-09-30 오전 10:03:56",="97",="25.84266",="12.44674",="-0.01264141",="10102051",="10102673",="24.00441",="24.01753",="0",PacketEnd
="2025-09-30 오전 10:03:56",="100",="25.84241",="12.46099",="0.0006747245",="10102051",="10102674",="24.00444",="24.0176",="0",PacketEnd
="2025-09-30 오전 10:03:56",="103",="25.84171",="12.46099",="0.004677741",="10102051",="10102674",="24.00452",="24.01763",="0",PacketEnd
="2025-09-30 오전 10:03:56",="106",="25.84102",="12.46811",="0.0003517432",="10102051",="10102675",="24.00456",="24.0177",="0",PacketEnd
="2025-09-30 오전 10:03:56",="109",="25.84032",="12.46811",="-0.01071783",="10102051",="10102675",="24.00464",="24.01774",="0",PacketEnd
="2025-09-30 오전 10:03:57",="118",="25.84022",="12.46099",="-0.02771112",="10102051",="10102674",="24.00478",="24.01789",="0",PacketEnd
="2025-09-30 오전 10:03:57",="120",="25.8402",="12.46099",="-0.02589061",="10102051",="10102674",="24.00482",="24.01792",="0",PacketEnd
="2025-09-30 오전 10:03:57",="123",="25.84016",="12.46099",="-0.02171863",="10102051",="10102674",="24.0049",="24.01795",="0",PacketEnd
="2025-09-30 오전 10:03:57",="126",="25.84013",="12.46099",="-0.01831165",="10102051",="10102674",="24.00494",="24.01801",="0",PacketEnd
="2025-09-30 오전 10:03:57",="129",="25.8401",="12.46099",="-0.01555577",="10102051",="10102674",="24.005",="24.01805",="0",PacketEnd
="2025-09-30 오전 10:03:57",="132",="25.84006",="12.46099",="-0.0133591",="10102051",="10102674",="24.00505",="24.01813",="0",PacketEnd
="2025-09-30 오전 10:03:57",="135",="25.84002",="12.46099",="-0.01159003",="10102051",="10102674",="24.00514",="24.01817",="0",PacketEnd
="2025-09-30 오전 10:03:57",="138",="25.83998",="12.46099",="-0.01021424",="10102051",="10102674",="24.00517",="24.01823",="0",PacketEnd
="2025-09-30 오전 10:03:57",="141",="25.83995",="12.46099",="-0.009103975",="10102051",="10102674",="24.00524",="24.01826",="0",PacketEnd
="2025-09-30 오전 10:03:57",="144",="25.83992",="12.44674",="-0.00818844",="10102052",="10102674",="24.00528",="24.01831",="0",PacketEnd
="2025-09-30 오전 10:03:57",="147",="25.83988",="12.44674",="-0.007450747",="10102052",="10102674",="24.00536",="24.01836",="0",PacketEnd
="2025-09-30 오전 10:03:57",="150",="25.83985",="12.4396",="-0.006816556",="10102053",="10102674",="24.00541",="24.01843",="0",PacketEnd
="2025-09-30 오전 10:03:57",="153",="25.83981",="12.4396",="-0.006291049",="10102053",="10102674",="24.00548",="24.01847",="0",PacketEnd
="2025-09-30 오전 10:03:57",="156",="25.83977",="12.4396",="-0.005920646",="10102053",="10102674",="24.00552",="24.01855",="0",PacketEnd
="2025-09-30 오전 10:03:57",="159",="25.83973",="12.44674",="-0.005646538",="10102053",="10102675",="24.00559",="24.01859",="0",PacketEnd
="2025-09-30 오전 10:03:56",="67",="25.84346",="12.42532",="0.002316508",="10102053",="10102673",="24.00388",="24.01702",="0",PacketEnd
="2025-09-30 오전 10:03:57",="166",="25.83964",="12.4396",="-0.005297132",="10102053",="10102674",="24.00571",="24.01875",="0",PacketEnd
="2025-09-30 오전 10:03:57",="169",="25.8396",="12.44674",="-0.005203373",="10102053",="10102675",="24.00578",="24.01877",="0",PacketEnd
="2025-09-30 오전 10:03:57",="172",="25.83956",="12.44674",="-0.005120502",="10102052",="10102674",="24.00581",="24.01883",="0",PacketEnd
="2025-09-30 오전 10:03:57",="175",="25.83952",="12.44674",="-0.005048781",="10102052",="10102674",="24.00589",="24.01887",="0",PacketEnd
="2025-09-30 오전 10:03:57",="178",="25.83949",="12.44674",="-0.004950931",="10102052",="10102674",="24.00594",="24.01894",="0",PacketEnd
="2025-09-30 오전 10:03:57",="181",="25.83945",="12.46099",="-0.004831946",="10102051",="10102674",="24.00601",="24.01896",="0",PacketEnd
="2025-09-30 오전 10:03:57",="184",="25.83965",="12.44674",="-0.004231634",="10102051",="10102673",="24.00603",="24.01902",="0",PacketEnd
="2025-09-30 오전 10:03:57",="187",="25.84027",="12.45387",="-0.0003450933",="10102050",="10102673",="24.00609",="24.01906",="0",PacketEnd
="2025-09-30 오전 10:03:57",="190",="25.84023",="12.46811",="0.004003547",="10102050",="10102674",="24.00614",="24.01913",="0",PacketEnd
="2025-09-30 오전 10:03:57",="193",="25.8402",="12.46099",="0.007521649",="10102051",="10102674",="24.00623",="24.01917",="0",PacketEnd
="2025-09-30 오전 10:03:57",="196",="25.83994",="12.46099",="0.009428273",="10102051",="10102674",="24.00627",="24.01922",="0",PacketEnd
="2025-09-30 오전 10:03:57",="199",="25.83925",="12.46099",="0.004182701",="10102051",="10102674",="24.00634",="24.01925",="0",PacketEnd
="2025-09-30 오전 10:03:57",="202",="25.83922",="12.46099",="-0.002422198",="10102051",="10102674",="24.00638",="24.01929",="0",PacketEnd
="2025-09-30 오전 10:03:57",="205",="25.8392",="12.46099",="-0.007739865",="10102051",="10102674",="24.00648",="24.01931",="0",PacketEnd
="2025-09-30 오전 10:03:57",="208",="25.83917",="12.46099",="-0.01152212",="10102051",="10102674",="24.00653",="24.01937",="0",PacketEnd
="2025-09-30 오전 10:03:58",="211",="25.83915",="12.46099",="-0.01111475",="10102051",="10102674",="24.00662",="24.01939",="0",PacketEnd
="2025-09-30 오전 10:03:58",="220",="25.83906",="12.46099",="-0.007389296",="10102051",="10102674",="24.00678",="24.01956",="0",PacketEnd
="2025-09-30 오전 10:03:58",="223",="25.83903",="12.46099",="-0.006663711",="10102051",="10102674",="24.00687",="24.01959",="0",PacketEnd
="2025-09-30 오전 10:03:58",="226",="25.83899",="12.46099",="-0.006134342",="10102051",="10102674",="24.00691",="24.01965",="0",PacketEnd
="2025-09-30 오전 10:03:58",="229",="25.83895",="12.46099",="-0.005735553",="10102051",="10102674",="24.00698",="24.01967",="0",PacketEnd
="2025-09-30 오전 10:03:58",="232",="25.83892",="12.46099",="-0.005416118",="10102051",="10102674",="24.00702",="24.01973",="0",PacketEnd
="2025-09-30 오전 10:03:58",="235",="25.83889",="12.46099",="-0.005164491",="10102051",="10102674",="24.00712",="24.01977",="0",PacketEnd
="2025-09-30 오전 10:03:58",="238",="25.83886",="12.46099",="-0.00491723",="10102051",="10102674",="24.00717",="24.01983",="0",PacketEnd
="2025-09-30 오전 10:03:58",="241",="25.83883",="12.46099",="-0.004709659",="10102051",="10102674",="24.00723",="24.01986",="0",PacketEnd
="2025-09-30 오전 10:03:58",="244",="25.83879",="12.46099",="-0.004546177",="10102051",="10102674",="24.00726",="24.01992",="0",PacketEnd
="2025-09-30 오전 10:03:58",="247",="25.83876",="12.46099",="-0.004424872",="10102051",="10102674",="24.00733",="24.01997",="0",PacketEnd
="2025-09-30 오전 10:03:58",="250",="25.83872",="12.46099",="-0.004356165",="10102051",="10102674",="24.00737",="24.02005",="0",PacketEnd
="2025-09-30 오전 10:03:58",="253",="25.83868",="12.46099",="-0.00434069",="10102051",="10102674",="24.00745",="24.02009",="0",PacketEnd
="2025-09-30 오전 10:03:58",="0",="25.83864",="12.46099",="-0.0043758",="10102051",="10102674",="24.00747",="24.02015",="0",PacketEnd
="2025-09-30 오전 10:03:58",="3",="25.83861",="12.46099",="-0.004413857",="10102051",="10102674",="24.00754",="24.02018",="0",PacketEnd
="2025-09-30 오전 10:03:58",="6",="25.83857",="12.46099",="-0.004448281",="10102051",="10102674",="24.00757",="24.02024",="0",PacketEnd
="2025-09-30 오전 10:03:58",="15",="25.83847",="12.44674",="-0.004358012",="10102052",="10102674",="24.00774",="24.02037",="0",PacketEnd
="2025-09-30 오전 10:03:58",="18",="25.83843",="12.44674",="-0.004309111",="10102052",="10102674",="24.00777",="24.02044",="0",PacketEnd
="2025-09-30 오전 10:03:58",="21",="25.8384",="12.45387",="-0.004265917",="10102052",="10102675",="24.00783",="24.02047",="0",PacketEnd
="2025-09-30 오전 10:03:58",="24",="25.83836",="12.45387",="-0.00422709",="10102052",="10102675",="24.00786",="24.02056",="0",PacketEnd
="2025-09-30 오전 10:03:58",="27",="25.83833",="12.45387",="-0.004232376",="10102052",="10102675",="24.00792",="24.0206",="0",PacketEnd
="2025-09-30 오전 10:03:58",="30",="25.83829",="12.45387",="-0.004244197",="10102052",="10102675",="24.00794",="24.02066",="0",PacketEnd
="2025-09-30 오전 10:03:58",="33",="25.83825",="12.45387",="-0.004286563",="10102052",="10102675",="24.00799",="24.02069",="0",PacketEnd
="2025-09-30 오전 10:03:58",="36",="25.83821",="12.45387",="-0.004345829",="10102052",="10102675",="24.00801",="24.02076",="0",PacketEnd
="2025-09-30 오전 10:03:58",="39",="25.83818",="12.45387",="-0.004367992",="10102052",="10102675",="24.00809",="24.0208",="0",PacketEnd
="2025-09-30 오전 10:03:58",="42",="25.83814",="12.44674",="-0.004371097",="10102053",="10102675",="24.00812",="24.02087",="0",PacketEnd
="2025-09-30 오전 10:03:58",="45",="25.83811",="12.44674",="-0.004359283",="10102053",="10102675",="24.00816",="24.0209",="0",PacketEnd
="2025-09-30 오전 10:03:58",="48",="25.83807",="12.44674",="-0.00435727",="10102053",="10102675",="24.00818",="24.02097",="0",PacketEnd
="2025-09-30 오전 10:03:58",="51",="25.83803",="12.4396",="-0.004352004",="10102054",="10102675",="24.00823",="24.02101",="0",PacketEnd
="2025-09-30 오전 10:03:58",="54",="25.83777",="12.44674",="-0.004837999",="10102054",="10102676",="24.00825",="24.0211",="0",PacketEnd
="2025-09-30 오전 10:03:59",="57",="25.83707",="12.44674",="-0.00865733",="10102054",="10102676",="24.00831",="24.02114",="0",PacketEnd
="2025-09-30 오전 10:03:59",="60",="25.83637",="12.44674",="-0.01551914",="10102054",="10102676",="24.00833",="24.02121",="0",PacketEnd
="2025-09-30 오전 10:03:59",="69",="25.83515",="12.44674",="-0.04083622",="10102054",="10102676",="24.00848",="24.02135",="0",PacketEnd
="2025-09-30 오전 10:03:59",="72",="25.83511",="12.44674",="-0.04145423",="10102054",="10102676",="24.00851",="24.02142",="0",PacketEnd
="2025-09-30 오전 10:03:59",="75",="25.83508",="12.44674",="-0.03812057",="10102054",="10102676",="24.00858",="24.02146",="0",PacketEnd
="2025-09-30 오전 10:03:59",="78",="25.83504",="12.44674",="-0.03208904",="10102054",="10102676",="24.00862",="24.02152",="0",PacketEnd
="2025-09-30 오전 10:03:59",="81",="25.835",="12.44674",="-0.02682023",="10102054",="10102676",="24.00869",="24.02156",="0",PacketEnd
="2025-09-30 오전 10:03:59",="84",="25.83496",="12.44674",="-0.02254844",="10102054",="10102676",="24.00872",="24.02165",="0",PacketEnd
="2025-09-30 오전 10:03:59",="87",="25.83492",="12.44674",="-0.0191331",="10102054",="10102676",="24.00881",="24.02169",="0",PacketEnd
="2025-09-30 오전 10:03:59",="90",="25.83488",="12.44674",="-0.01638842",="10102054",="10102676",="24.00885",="24.02175",="0",PacketEnd
="2025-09-30 오전 10:03:59",="93",="25.83484",="12.44674",="-0.01418962",="10102054",="10102676",="24.00893",="24.02178",="0",PacketEnd
="2025-09-30 오전 10:03:59",="96",="25.83481",="12.44674",="-0.01239151",="10102054",="10102676",="24.00896",="24.02184",="0",PacketEnd
="2025-09-30 오전 10:03:59",="99",="25.83478",="12.44674",="-0.01086727",="10102054",="10102676",="24.00907",="24.02187",="0",PacketEnd
="2025-09-30 오전 10:03:59",="102",="25.83474",="12.4396",="-0.009584066",="10102055",="10102676",="24.00913",="24.02193",="0",PacketEnd
="2025-09-30 오전 10:03:59",="105",="25.83471",="12.4396",="-0.008484899",="10102055",="10102676",="24.00922",="24.02196",="0",PacketEnd
="2025-09-30 오전 10:03:59",="108",="25.83468",="12.4396",="-0.007566624",="10102055",="10102676",="24.00926",="24.02201",="0",PacketEnd
="2025-09-30 오전 10:03:59",="111",="25.83466",="12.4396",="-0.00682018",="10102055",="10102676",="24.00933",="24.02205",="0",PacketEnd
="2025-09-30 오전 10:03:59",="120",="25.83456",="12.4396",="-0.005313425",="10102055",="10102676",="24.00948",="24.02217",="0",PacketEnd
="2025-09-30 오전 10:03:59",="123",="25.83454",="12.4396",="-0.004968681",="10102055",="10102676",="24.00955",="24.0222",="0",PacketEnd
="2025-09-30 오전 10:03:59",="126",="25.83451",="12.4396",="-0.00466795",="10102055",="10102676",="24.00958",="24.02224",="0",PacketEnd
="2025-09-30 오전 10:03:59",="129",="25.83449",="12.4396",="-0.00439137",="10102055",="10102676",="24.00968",="24.02227",="0",PacketEnd
="2025-09-30 오전 10:03:59",="132",="25.83446",="12.4396",="-0.004146291",="10102055",="10102676",="24.00972",="24.02231",="0",PacketEnd
="2025-09-30 오전 10:03:59",="135",="25.83444",="12.4396",="-0.003930349",="10102055",="10102676",="24.0098",="24.02233",="0",PacketEnd
="2025-09-30 오전 10:03:59",="138",="25.83441",="12.4396",="-0.003733042",="10102055",="10102676",="24.00983",="24.02239",="0",PacketEnd
="2025-09-30 오전 10:03:59",="141",="25.83439",="12.4396",="-0.003581234",="10102055",="10102676",="24.0099",="24.02242",="0",PacketEnd
="2025-09-30 오전 10:03:59",="144",="25.83436",="12.4396",="-0.00345819",="10102055",="10102676",="24.00993",="24.02248",="0",PacketEnd
="2025-09-30 오전 10:03:59",="147",="25.83433",="12.4396",="-0.003395619",="10102055",="10102676",="24.00999",="24.02251",="0",PacketEnd
="2025-09-30 오전 10:03:59",="150",="25.8343",="12.4396",="-0.003410848",="10102055",="10102676",="24.01002",="24.02256",="0",PacketEnd
="2025-09-30 오전 10:03:59",="153",="25.83427",="12.4396",="-0.003430481",="10102055",="10102676",="24.01008",="24.02258",="0",PacketEnd
="2025-09-30 오전 10:04:00",="156",="25.83424",="12.4396",="-0.003456",="10102055",="10102676",="24.01011",="24.02262",="0",PacketEnd
="2025-09-30 오전 10:04:00",="159",="25.83422",="12.4396",="-0.003443589",="10102055",="10102676",="24.01018",="24.02265",="0",PacketEnd
="2025-09-30 오전 10:04:00",="162",="25.83419",="12.45387",="-0.003390323",="10102055",="10102677",="24.01021",="24.02271",="0",PacketEnd
="2025-09-30 오전 10:04:00",="171",="25.83411",="12.45387",="-0.003292829",="10102055",="10102677",="24.01035",="24.02284",="0",PacketEnd
="2025-09-30 오전 10:04:00",="174",="25.83407",="12.45387",="-0.003342827",="10102055",="10102677",="24.01038",="24.02291",="0",PacketEnd
="2025-09-30 오전 10:04:00",="177",="25.83403",="12.45387",="-0.00345252",="10102055",="10102677",="24.01045",="24.02295",="0",PacketEnd
="2025-09-30 오전 10:04:00",="180",="25.83399",="12.46099",="-0.00360608",="10102055",="10102678",="24.01048",="24.02302",="0",PacketEnd
="2025-09-30 오전 10:04:00",="183",="25.83352",="12.46811",="-0.005084038",="10102055",="10102679",="24.01053",="24.02304",="0",PacketEnd
="2025-09-30 오전 10:04:00",="186",="25.83282",="12.47523",="-0.01006834",="10102055",="10102680",="24.01056",="24.0231",="0",PacketEnd
="2025-09-30 오전 10:04:00",="189",="25.83214",="12.47523",="-0.01782929",="10102055",="10102680",="24.01064",="24.02312",="0",PacketEnd
="2025-09-30 오전 10:04:00",="192",="25.83145",="12.47523",="-0.02785393",="10102055",="10102680",="24.01069",="24.02317",="0",PacketEnd
="2025-09-30 오전 10:04:00",="195",="25.8312",="12.46099",="-0.03704723",="10102056",="10102680",="24.01076",="24.0232",="0",PacketEnd
="2025-09-30 오전 10:04:00",="198",="25.83117",="12.46099",="-0.04066075",="10102056",="10102680",="24.01079",="24.02327",="0",PacketEnd
="2025-09-30 오전 10:04:00",="201",="25.83114",="12.45387",="-0.03981884",="10102057",="10102680",="24.01085",="24.0233",="0",PacketEnd
="2025-09-30 오전 10:04:00",="204",="25.8311",="12.4396",="-0.03536181",="10102058",="10102679",="24.01087",="24.02337",="0",PacketEnd
="2025-09-30 오전 10:04:00",="207",="25.83106",="12.42532",="-0.02934857",="10102059",="10102679",="24.01095",="24.02341",="0",PacketEnd
="2025-09-30 오전 10:04:00",="210",="25.83103",="12.41817",="-0.02450295",="10102060",="10102679",="24.01098",="24.02347",="0",PacketEnd
="2025-09-30 오전 10:04:00",="213",="25.831",="12.40386",="-0.02062221",="10102062",="10102679",="24.01105",="24.02349",="0",PacketEnd
="2025-09-30 오전 10:04:00",="216",="25.83096",="12.40386",="-0.01748672",="10102062",="10102679",="24.01109",="24.02355",="0",PacketEnd
="2025-09-30 오전 10:04:00",="225",="25.83088",="12.38236",="-0.01098772",="10102064",="10102679",="24.01132",="24.02364",="0",PacketEnd
="2025-09-30 오전 10:04:00",="227",="25.83087",="12.38953",="-0.009970973",="10102063",="10102679",="24.01135",="24.02367",="0",PacketEnd
="2025-09-30 오전 10:04:00",="230",="25.27515",="24.38594",="-1.923569",="10104062",="10106679",="24.01139",="24.02374",="0",PacketEnd
="2025-09-30 오전 10:04:00",="233",="24.16375",="12.41817",="-8.837297",="10108059",="10108678",="24.01148",="24.02377",="0",PacketEnd
="2025-09-30 오전 10:04:00",="236",="22.35708",="24.39984",="-23.51542",="10110058",="10112678",="24.01154",="24.02383",="0",PacketEnd
="2025-09-30 오전 10:04:00",="239",="19.99471",="12.45387",="-47.9263",="10114055",="10114677",="24.01162",="24.02387",="0",PacketEnd
="2025-09-30 오전 10:04:00",="242",="17.49409",="24.40679",="-80.09482",="10116054",="10118676",="24.01166",="24.02392",="0",PacketEnd
="2025-09-30 오전 10:04:00",="245",="14.99391",="12.46099",="-115.085",="10120052",="10120676",="24.01175",="24.02394",="0",PacketEnd
="2025-09-30 오전 10:04:00",="248",="12.49483",="24.41721",="-148.6322",="10122051",="10124675",="24.0118",="24.02399",="0",PacketEnd
="2025-09-30 오전 10:04:00",="251",="9.996192",="12.45387",="-177.5559",="10126052",="10126675",="24.0119",="24.02401",="0",PacketEnd
="2025-09-30 오전 10:04:01",="254",="7.497777",="24.41026",="-200.939",="10128052",="10130675",="24.01195",="24.02406",="0",PacketEnd
="2025-09-30 오전 10:04:01",="1",="5.04868",="12.45387",="-219.6933",="10132052",="10132675",="24.01202",="24.02408",="0",PacketEnd
="2025-09-30 오전 10:04:01",="4",="3.733849",="24.41026",="-230.6095",="10134052",="10136675",="24.01206",="24.02416",="0",PacketEnd
="2025-09-30 오전 10:04:01",="7",="3.528187",="12.45387",="-228.3021",="10138052",="10138675",="24.01215",="24.0242",="0",PacketEnd
="2025-09-30 오전 10:04:01",="10",="4.709756",="24.41026",="-207.8746",="10140052",="10142675",="24.01219",="24.02427",="0",PacketEnd
="2025-09-30 오전 10:04:01",="19",="11.94172",="12.45387",="-43.62154",="10150052",="10150675",="24.01238",="24.02439",="0",PacketEnd
="2025-09-30 오전 10:04:01",="22",="14.29698",="12.45387",="18.31864",="10152052",="10152675",="24.01243",="24.02445",="0",PacketEnd
="2025-09-30 오전 10:04:01",="25",="16.09742",="12.45387",="68.76785",="10152052",="10152675",="24.01251",="24.02448",="0",PacketEnd
="2025-09-30 오전 10:04:01",="28",="17.20568",="12.45387",="102.8947",="10152052",="10152675",="24.01254",="24.02454",="0",PacketEnd
="2025-09-30 오전 10:04:01",="31",="17.75913",="12.45387",="120.372",="10152052",="10152675",="24.01261",="24.02457",="0",PacketEnd
="2025-09-30 오전 10:04:01",="34",="17.7591",="12.45387",="121.2477",="10152052",="10152675",="24.01264",="24.02465",="0",PacketEnd
="2025-09-30 오전 10:04:01",="37",="17.75906",="12.45387",="110.6292",="10152052",="10152675",="24.0127",="24.02469",="0",PacketEnd
="2025-09-30 오전 10:04:01",="40",="17.75902",="12.45387",="94.41933",="10152052",="10152675",="24.01272",="24.02477",="0",PacketEnd
="2025-09-30 오전 10:04:01",="43",="17.75898",="12.45387",="77.12969",="10152052",="10152675",="24.01277",="24.02481",="0",PacketEnd
="2025-09-30 오전 10:04:01",="46",="17.75895",="12.45387",="62.38884",="10152052",="10152675",="24.0128",="24.02487",="0",PacketEnd
="2025-09-30 오전 10:04:01",="49",="17.75891",="12.45387",="50.46506",="10152052",="10152675",="24.01286",="24.0249",="0",PacketEnd
="2025-09-30 오전 10:04:01",="52",="17.75887",="12.45387",="40.82001",="10152052",="10152675",="24.01289",="24.02496",="0",PacketEnd
="2025-09-30 오전 10:04:01",="55",="17.75884",="12.45387",="33.01823",="10152052",="10152675",="24.01296",="24.02498",="0",PacketEnd
="2025-09-30 오전 10:04:01",="58",="17.75882",="12.45387",="26.70747",="10152052",="10152675",="24.01299",="24.02503",="0",PacketEnd
="2025-09-30 오전 10:04:01",="61",="17.75879",="12.45387",="21.6028",="10152052",="10152675",="24.01304",="24.02505",="0",PacketEnd
="2025-09-30 오전 10:04:01",="64",="17.75876",="12.45387",="17.47371",="10152052",="10152675",="24.01307",="24.02512",="0",PacketEnd
="2025-09-30 오전 10:04:01",="73",="17.75866",="12.46099",="9.246541",="10152052",="10152676",="24.01323",="24.02526",="0",PacketEnd
="2025-09-30 오전 10:04:01",="76",="17.75862",="12.46099",="7.478691",="10152052",="10152676",="24.01326",="24.02531",="0",PacketEnd
="2025-09-30 오전 10:04:01",="79",="17.75859",="12.45387",="6.048664",="10152053",="10152676",="24.01333",="24.02534",="0",PacketEnd
="2025-09-30 오전 10:04:01",="82",="17.75856",="12.45387",="4.891956",="10152053",="10152676",="24.01338",="24.0254",="0",PacketEnd
="2025-09-30 오전 10:04:01",="85",="17.75853",="12.44674",="3.956318",="10152054",="10152676",="24.01347",="24.02543",="0",PacketEnd
="2025-09-30 오전 10:04:01",="88",="17.7585",="12.44674",="3.199516",="10152054",="10152676",="24.01351",="24.0255",="0",PacketEnd
="2025-09-30 오전 10:04:01",="91",="17.75847",="12.44674",="2.58736",="10152054",="10152676",="24.01358",="24.02553",="0",PacketEnd
="2025-09-30 오전 10:04:01",="94",="17.75843",="12.44674",="2.092159",="10152054",="10152676",="24.01362",="24.02562",="0",PacketEnd
="2025-09-30 오전 10:04:01",="97",="17.75839",="12.44674",="1.691553",="10152054",="10152676",="24.01369",="24.02567",="0",PacketEnd
="2025-09-30 오전 10:04:02",="100",="17.75835",="12.44674",="1.36744",="10152054",="10152676",="24.01373",="24.02576",="0",PacketEnd
="2025-09-30 오전 10:04:02",="103",="17.7583",="12.4396",="1.105187",="10152055",="10152676",="24.0138",="24.02579",="0",PacketEnd
="2025-09-30 오전 10:04:02",="106",="17.75958",="12.45387",="0.8981533",="10152055",="10152677",="24.01383",="24.02588",="0",PacketEnd
="2025-09-30 오전 10:04:02",="109",="17.76085",="12.45387",="0.7382317",="10152055",="10152677",="24.0139",="24.02592",="0",PacketEnd
="2025-09-30 오전 10:04:02",="112",="17.76213",="12.45387",="0.6164426",="10152055",="10152677",="24.01394",="24.02598",="0",PacketEnd
="2025-09-30 오전 10:04:02",="115",="17.76341",="12.45387",="0.5255329",="10152055",="10152677",="24.01402",="24.02602",="0",PacketEnd
="2025-09-30 오전 10:04:02",="118",="17.76338",="12.46099",="0.4492798",="10152055",="10152678",="24.01405",="24.0261",="0",PacketEnd
="2025-09-30 오전 10:04:02",="127",="17.76324",="12.46099",="0.2574587",="10152055",="10152678",="24.01419",="24.02629",="0",PacketEnd
="2025-09-30 오전 10:04:02",="130",="17.7632",="12.46099",="0.2072353",="10152055",="10152678",="24.01422",="24.0264",="0",PacketEnd
="2025-09-30 오전 10:04:02",="133",="17.76314",="12.46099",="0.1665477",="10152055",="10152678",="24.01427",="24.02644",="0",PacketEnd
="2025-09-30 오전 10:04:02",="136",="17.7631",="12.46099",="0.1336001",="10152055",="10152678",="24.0143",="24.02651",="0",PacketEnd
="2025-09-30 오전 10:04:02",="139",="17.76305",="12.46099",="0.1069458",="10152055",="10152678",="24.01437",="24.02654",="0",PacketEnd
="2025-09-30 오전 10:04:02",="142",="17.76301",="12.46099",="0.08542962",="10152055",="10152678",="24.01441",="24.02661",="0",PacketEnd
="2025-09-30 오전 10:04:02",="145",="17.76297",="12.46099",="0.06809846",="10152055",="10152678",="24.01448",="24.02664",="0",PacketEnd
="2025-09-30 오전 10:04:02",="148",="17.76294",="12.46099",="0.05414892",="10152055",="10152678",="24.01452",="24.02671",="0",PacketEnd
="2025-09-30 오전 10:04:02",="151",="17.7629",="12.46099",="0.04293787",="10152055",="10152678",="24.01458",="24.02675",="0",PacketEnd
="2025-09-30 오전 10:04:02",="154",="17.76287",="12.46099",="0.0338977",="10152055",="10152678",="24.01461",="24.02684",="0",PacketEnd
="2025-09-30 오전 10:04:02",="157",="17.76282",="12.46099",="0.02656617",="10152055",="10152678",="24.01467",="24.02689",="0",PacketEnd
="2025-09-30 오전 10:04:02",="160",="17.76278",="12.46099",="0.02058759",="10152055",="10152678",="24.0147",="24.02699",="0",PacketEnd
="2025-09-30 오전 10:04:02",="163",="17.76272",="12.46099",="0.01565652",="10152055",="10152678",="24.01477",="24.02704",="0",PacketEnd
="2025-09-30 오전 10:04:02",="166",="17.76268",="12.46099",="0.01159908",="10152055",="10152678",="24.0148",="24.02711",="0",PacketEnd
="2025-09-30 오전 10:04:02",="169",="17.76264",="12.46099",="0.008311286",="10152055",="10152678",="24.01488",="24.02714",="0",PacketEnd
="2025-09-30 오전 10:04:02",="178",="17.76253",="12.46099",="0.002017113",="10152055",="10152678",="24.01503",="24.02729",="0",PacketEnd
="2025-09-30 오전 10:04:02",="181",="17.76249",="12.44674",="0.0007901349",="10152056",="10152678",="24.01509",="24.02733",="0",PacketEnd
="2025-09-30 오전 10:04:02",="184",="17.76246",="12.4396",="-0.000147684",="10152057",="10152678",="24.01511",="24.02743",="0",PacketEnd
="2025-09-30 오전 10:04:02",="187",="17.76241",="12.43246",="-0.0009223987",="10152058",="10152678",="24.01517",="24.02748",="0",PacketEnd
="2025-09-30 오전 10:04:02",="190",="17.76237",="12.43246",="-0.001625873",="10152058",="10152678",="24.0152",="24.02758",="0",PacketEnd
="2025-09-30 오전 10:04:02",="193",="17.76231",="12.41817",="-0.00229748",="10152059",="10152678",="24.01526",="24.02763",="0",PacketEnd
="2025-09-30 오전 10:04:02",="196",="17.76226",="12.41102",="-0.002949576",="10152060",="10152678",="24.01529",="24.02772",="0",PacketEnd
="2025-09-30 오전 10:04:03",="199",="17.76221",="12.41102",="-0.003530965",="10152060",="10152678",="24.01535",="24.02776",="0",PacketEnd
="2025-09-30 오전 10:04:03",="202",="17.76217",="12.41102",="-0.0040114",="10152060",="10152678",="24.01539",="24.02783",="0",PacketEnd
="2025-09-30 오전 10:04:03",="205",="17.76212",="12.40386",="-0.004355517",="10152061",="10152678",="24.01547",="24.02787",="0",PacketEnd
="2025-09-30 오전 10:04:03",="208",="17.76208",="12.41102",="-0.00457971",="10152061",="10152679",="24.01551",="24.02795",="0",PacketEnd
="2025-09-30 오전 10:04:03",="211",="17.76204",="12.41102",="-0.004720956",="10152061",="10152679",="24.01557",="24.028",="0",PacketEnd
="2025-09-30 오전 10:04:03",="214",="17.762",="12.41102",="-0.004806309",="10152061",="10152679",="24.01559",="24.0281",="0",PacketEnd
="2025-09-30 오전 10:04:03",="217",="17.76195",="12.41102",="-0.004894346",="10152061",="10152679",="24.01564",="24.02815",="0",PacketEnd
="2025-09-30 오전 10:04:03",="220",="17.76189",="12.41102",="-0.005009299",="10152061",="10152679",="24.01567",="24.02825",="0",PacketEnd
="2025-09-30 오전 10:04:03",="223",="17.76184",="12.41817",="-0.005146024",="10152061",="10152680",="24.01573",="24.0283",="0",PacketEnd
="2025-09-30 오전 10:04:03",="232",="17.7617",="12.41817",="-0.005538211",="10152061",="10152680",="24.01587",="24.02849",="0",PacketEnd
="2025-09-30 오전 10:04:03",="235",="17.76166",="12.41817",="-0.005557987",="10152061",="10152680",="24.01595",="24.02852",="0",PacketEnd
="2025-09-30 오전 10:04:03",="238",="17.76163",="12.41817",="-0.005478443",="10152061",="10152680",="24.01599",="24.02859",="0",PacketEnd
="2025-09-30 오전 10:04:03",="241",="17.76159",="12.41817",="-0.005341975",="10152061",="10152680",="24.01604",="24.02862",="0",PacketEnd
="2025-09-30 오전 10:04:03",="244",="17.76155",="12.41817",="-0.005191751",="10152061",="10152680",="24.01607",="24.02872",="0",PacketEnd
="2025-09-30 오전 10:04:03",="247",="17.76151",="12.41817",="-0.005056158",="10152061",="10152680",="24.01613",="24.02876",="0",PacketEnd
="2025-09-30 오전 10:04:03",="250",="17.76147",="12.41102",="-0.004987095",="10152062",="10152680",="24.01616",="24.02886",="0",PacketEnd
="2025-09-30 오전 10:04:03",="253",="17.76142",="12.3967",="-0.004997871",="10152063",="10152680",="24.01622",="24.02891",="0",PacketEnd
="2025-09-30 오전 10:04:03",="0",="17.76137",="12.3967",="-0.005071418",="10152063",="10152680",="24.01625",="24.02897",="0",PacketEnd
="2025-09-30 오전 10:04:03",="3",="17.76132",="12.38953",="-0.005163218",="10152064",="10152680",="24.01632",="24.02901",="0",PacketEnd
="2025-09-30 오전 10:04:03",="6",="17.76129",="12.38236",="-0.005218728",="10152065",="10152680",="24.01636",="24.02907",="0",PacketEnd
="2025-09-30 오전 10:04:03",="9",="17.76125",="12.38953",="-0.005200113",="10152066",="10152681",="24.01643",="24.0291",="0",PacketEnd
="2025-09-30 오전 10:04:03",="12",="17.76122",="12.3967",="-0.005098355",="10152066",="10152682",="24.01646",="24.02917",="0",PacketEnd
="2025-09-30 오전 10:04:03",="15",="17.76118",="12.38236",="-0.004950681",="10152067",="10152682",="24.01652",="24.0292",="0",PacketEnd
="2025-09-30 오전 10:04:03",="18",="17.76159",="12.40386",="-0.003904047",="10152067",="10152684",="24.01655",="24.02929",="0",PacketEnd
="2025-09-30 오전 10:04:03",="27",="17.76541",="12.41102",="0.03594577",="10152067",="10152685",="24.01669",="24.02948",="0",PacketEnd
="2025-09-30 오전 10:04:03",="30",="17.76625",="12.41102",="0.05665633",="10152067",="10152685",="24.01672",="24.02956",="0",PacketEnd
="2025-09-30 오전 10:04:03",="33",="17.7662",="12.41102",="0.06737652",="10152067",="10152685",="24.01678",="24.02959",="0",PacketEnd
="2025-09-30 오전 10:04:03",="36",="17.76616",="12.41102",="0.06847721",="10152067",="10152685",="24.01682",="24.02965",="0",PacketEnd
="2025-09-30 오전 10:04:03",="39",="17.76613",="12.40386",="0.06185636",="10152068",="10152685",="24.01689",="24.02969",="0",PacketEnd
="2025-09-30 오전 10:04:03",="42",="17.76609",="12.40386",="0.04987515",="10152068",="10152685",="24.01693",="24.02977",="0",PacketEnd
="2025-09-30 오전 10:04:04",="45",="17.76605",="12.40386",="0.03945116",="10152068",="10152685",="24.01698",="24.02982",="0",PacketEnd
="2025-09-30 오전 10:04:04",="48",="17.76601",="12.40386",="0.03102941",="10152068",="10152685",="24.017",="24.02992",="0",PacketEnd
="2025-09-30 오전 10:04:04",="51",="17.76596",="12.40386",="0.02416143",="10152068",="10152685",="24.01705",="24.02997",="0",PacketEnd
="2025-09-30 오전 10:04:04",="54",="17.76591",="12.40386",="0.01854035",="10152068",="10152685",="24.01707",="24.03007",="0",PacketEnd
="2025-09-30 오전 10:04:04",="57",="17.76585",="12.40386",="0.01389846",="10152068",="10152685",="24.01712",="24.03012",="0",PacketEnd
="2025-09-30 오전 10:04:04",="60",="17.7658",="12.40386",="0.01007546",="10152068",="10152685",="24.01715",="24.0302",="0",PacketEnd
="2025-09-30 오전 10:04:04",="63",="17.76575",="12.40386",="0.006983545",="10152068",="10152685",="24.01721",="24.03024",="0",PacketEnd
="2025-09-30 오전 10:04:04",="66",="17.76571",="12.40386",="0.004501265",="10152068",="10152685",="24.01724",="24.03031",="0",PacketEnd
="2025-09-30 오전 10:04:04",="69",="17.76567",="12.40386",="0.002560005",="10152068",="10152685",="24.01731",="24.03034",="0",PacketEnd
="2025-09-30 오전 10:04:04",="72",="17.76564",="12.40386",="0.001095693",="10152068",="10152685",="24.01734",="24.0304",="0",PacketEnd
="2025-09-30 오전 10:04:04",="81",="17.76553",="12.40386",="-0.001492389",="10152068",="10152685",="24.01746",="24.03055",="0",PacketEnd
="2025-09-30 오전 10:04:04",="84",="17.76549",="12.40386",="-0.002039289",="10152068",="10152685",="24.01748",="24.03063",="0",PacketEnd
="2025-09-30 오전 10:04:04",="87",="17.76545",="12.40386",="-0.002518117",="10152068",="10152685",="24.01754",="24.03067",="0",PacketEnd
="2025-09-30 오전 10:04:04",="90",="17.76541",="12.40386",="-0.002937214",="10152068",="10152685",="24.01756",="24.03073",="0",PacketEnd
="2025-09-30 오전 10:04:04",="93",="17.76538",="12.40386",="-0.003264768",="10152068",="10152685",="24.01762",="24.03075",="0",PacketEnd
="2025-09-30 오전 10:04:04",="96",="17.76535",="12.40386",="-0.003492251",="10152068",="10152685",="24.01765",="24.03078",="0",PacketEnd
="2025-09-30 오전 10:04:04",="99",="17.76532",="12.3967",="-0.003588263",="10152069",="10152685",="24.01772",="24.03079",="0",PacketEnd
="2025-09-30 오전 10:04:04",="102",="17.7653",="12.3967",="-0.00355709",="10152069",="10152685",="24.01775",="24.03084",="0",PacketEnd
="2025-09-30 오전 10:04:04",="105",="17.76528",="12.3967",="-0.003444907",="10152069",="10152685",="24.0178",="24.03088",="0",PacketEnd
="2025-09-30 오전 10:04:04",="108",="17.76525",="12.40386",="-0.003322903",="10152069",="10152686",="24.01782",="24.03096",="0",PacketEnd
="2025-09-30 오전 10:04:04",="111",="17.76522",="12.38953",="-0.003257535",="10152070",="10152686",="24.01786",="24.031",="0",PacketEnd
="2025-09-30 오전 10:04:04",="114",="17.76518",="12.38953",="-0.003303858",="10152070",="10152686",="24.01789",="24.03108",="0",PacketEnd
="2025-09-30 오전 10:04:04",="117",="17.76514",="12.38953",="-0.003464739",="10152070",="10152686",="24.01793",="24.03112",="0",PacketEnd
="2025-09-30 오전 10:04:04",="120",="17.7651",="12.38953",="-0.003670906",="10152070",="10152686",="24.01796",="24.03118",="0",PacketEnd
="2025-09-30 오전 10:04:04",="123",="17.76506",="12.38953",="-0.003877509",="10152070",="10152686",="24.01801",="24.03121",="0",PacketEnd
="2025-09-30 오전 10:04:04",="132",="17.76497",="12.38953",="-0.004055903",="10152070",="10152686",="24.01813",="24.03135",="0",PacketEnd
="2025-09-30 오전 10:04:04",="135",="17.76493",="12.38953",="-0.004012937",="10152070",="10152686",="24.01817",="24.0314",="0",PacketEnd
="2025-09-30 오전 10:04:04",="138",="17.7649",="12.38953",="-0.003979213",="10152070",="10152686",="24.0182",="24.03149",="0",PacketEnd
="2025-09-30 오전 10:04:04",="141",="17.76485",="12.38953",="-0.004015183",="10152070",="10152686",="24.01824",="24.03154",="0",PacketEnd
="2025-09-30 오전 10:04:05",="144",="17.7648",="12.38953",="-0.004142963",="10152070",="10152686",="24.01827",="24.03163",="0",PacketEnd
="2025-09-30 오전 10:04:05",="147",="17.76476",="12.38953",="-0.004347349",="10152070",="10152686",="24.01832",="24.03168",="0",PacketEnd
="2025-09-30 오전 10:04:05",="150",="17.76471",="12.38953",="-0.004581925",="10152070",="10152686",="24.01835",="24.03176",="0",PacketEnd
="2025-09-30 오전 10:04:05",="153",="17.76466",="12.38953",="-0.00479981",="10152071",="10152687",="24.01841",="24.0318",="0",PacketEnd
="2025-09-30 오전 10:04:05",="156",="17.76462",="12.3967",="-0.004941953",="10152072",="10152688",="24.01845",="24.03184",="0",PacketEnd
="2025-09-30 오전 10:04:05",="159",="17.76459",="12.37519",="-0.004969717",="10152074",="10152688",="24.01852",="24.03186",="0",PacketEnd
="2025-09-30 오전 10:04:05",="162",="17.76456",="12.37519",="-0.004915113",="10152075",="10152689",="24.01856",="24.03193",="0",PacketEnd
="2025-09-30 오전 10:04:05",="165",="17.76541",="12.38236",="-0.002127544",="10152075",="10152690",="24.01861",="24.03197",="0",PacketEnd
="2025-09-30 오전 10:04:05",="168",="17.7667",="12.38953",="0.007755134",="10152075",="10152691",="24.01864",="24.03205",="0",PacketEnd
="2025-09-30 오전 10:04:05",="171",="17.76798",="12.38953",="0.02331165",="10152075",="10152691",="24.01869",="24.03209",="0",PacketEnd
="2025-09-30 오전 10:04:05",="174",="17.76926",="12.38953",="0.04342567",="10152075",="10152691",="24.01871",="24.03218",="0",PacketEnd
="2025-09-30 오전 10:04:05",="183",="17.76957",="12.40386",="0.06747691",="10152075",="10152692",="24.01886",="24.03233",="0",PacketEnd
="2025-09-30 오전 10:04:05",="186",="17.76953",="12.40386",="0.0585311",="10152075",="10152692",="24.0189",="24.03237",="0",PacketEnd
="2025-09-30 오전 10:04:05",="189",="17.7695",="12.40386",="0.04643206",="10152075",="10152692",="24.01897",="24.03239",="0",PacketEnd
="2025-09-30 오전 10:04:05",="192",="17.76947",="12.3967",="0.03674703",="10152076",="10152692",="24.01901",="24.03245",="0",PacketEnd
="2025-09-30 오전 10:04:05",="195",="17.76945",="12.3967",="0.02900011",="10152076",="10152692",="24.01907",="24.03249",="0",PacketEnd
="2025-09-30 오전 10:04:05",="198",="17.76941",="12.3967",="0.02278417",="10152076",="10152692",="24.0191",="24.03257",="0",PacketEnd
="2025-09-30 오전 10:04:05",="201",="17.76938",="12.3967",="0.01774029",="10152076",="10152692",="24.01916",="24.03261",="0",PacketEnd
="2025-09-30 오전 10:04:05",="204",="17.76933",="12.3967",="0.01359055",="10152076",="10152692",="24.01917",="24.0327",="0",PacketEnd
="2025-09-30 오전 10:04:05",="207",="17.76929",="12.3967",="0.01013152",="10152076",="10152692",="24.01922",="24.03274",="0",PacketEnd
="2025-09-30 오전 10:04:05",="210",="17.76925",="12.38236",="0.007261161",="10152076",="10152691",="24.01924",="24.03281",="0",PacketEnd
="2025-09-30 오전 10:04:05",="213",="17.76921",="12.38236",="0.004896369",="10152076",="10152691",="24.0193",="24.03284",="0",PacketEnd
="2025-09-30 오전 10:04:05",="216",="17.76917",="12.38236",="0.002988191",="10152076",="10152691",="24.01933",="24.03289",="0",PacketEnd
="2025-09-30 오전 10:04:05",="219",="17.76914",="12.38236",="0.001532922",="10152076",="10152691",="24.0194",="24.03291",="0",PacketEnd
="2025-09-30 오전 10:04:05",="222",="17.76911",="12.38236",="0.000428406",="10152076",="10152691",="24.01943",="24.03298",="0",PacketEnd
="2025-09-30 오전 10:04:05",="225",="17.76908",="12.38236",="-0.0003856082",="10152076",="10152691",="24.01949",="24.03303",="0",PacketEnd
="2025-09-30 오전 10:04:05",="228",="17.76904",="12.38236",="-0.001056291",="10152076",="10152691",="24.01951",="24.03313",="0",PacketEnd
="2025-09-30 오전 10:04:05",="237",="17.76889",="12.3967",="-0.002875661",="10152076",="10152692",="24.01962",="24.03332",="0",PacketEnd
="2025-09-30 오전 10:04:05",="240",="17.76884",="12.38236",="-0.003423777",="10152076",="10152691",="24.01964",="24.03341",="0",PacketEnd
="2025-09-30 오전 10:04:05",="243",="17.76879",="12.38236",="-0.003899702",="10152076",="10152691",="24.01969",="24.03345",="0",PacketEnd
="2025-09-30 오전 10:04:06",="246",="17.76875",="12.38236",="-0.004272958",="10152076",="10152691",="24.01972",="24.03351",="0",PacketEnd
="2025-09-30 오전 10:04:06",="249",="17.76871",="12.38236",="-0.004523349",="10152076",="10152691",="24.01978",="24.03353",="0",PacketEnd
="2025-09-30 오전 10:04:06",="252",="17.76868",="12.38236",="-0.004626956",="10152076",="10152691",="24.0198",="24.0336",="0",PacketEnd
="2025-09-30 오전 10:04:06",="255",="17.76864",="12.38236",="-0.00462014",="10152076",="10152691",="24.01985",="24.03365",="0",PacketEnd
="2025-09-30 오전 10:04:06",="2",="17.7686",="12.38236",="-0.004586508",="10152076",="10152691",="24.01987",="24.03375",="0",PacketEnd
="2025-09-30 오전 10:04:06",="5",="17.76856",="12.38236",="-0.004578032",="10152076",="10152691",="24.01992",="24.0338",="0",PacketEnd
="2025-09-30 오전 10:04:06",="8",="17.7685",="12.38236",="-0.004667497",="10152076",="10152691",="24.01993",="24.03391",="0",PacketEnd
="2025-09-30 오전 10:04:06",="11",="17.76845",="12.3967",="-0.004848188",="10152076",="10152692",="24.01999",="24.03395",="0",PacketEnd
="2025-09-30 오전 10:04:06",="14",="17.74066",="7.790236",="-0.06818497",="10152076",="10152292",="24.02001",="24.03404",="0",PacketEnd
="2025-09-30 오전 10:04:06",="17",="17.54643",="15.60283",="-0.8916715",="10150475",="10151491",="24.02009",="24.03408",="0",PacketEnd
="2025-09-30 오전 10:04:06",="20",="17.0748",="7.766011",="-3.753859",="10149674",="10149889",="24.02013",="24.03413",="0",PacketEnd
="2025-09-30 오전 10:04:06",="23",="16.38125",="15.60841",="-9.643285",="10148073",="10149089",="24.02021",="24.03417",="0",PacketEnd
="2025-09-30 오전 10:04:06",="32",="13.44066",="7.729507",="-45.94301",="10144873",="10145085",="24.02037",="24.03442",="0",PacketEnd
="2025-09-30 오전 10:04:06",="35",="12.44196",="15.58049",="-59.29307",="10143273",="10144285",="24.02044",="24.03447",="0",PacketEnd
="2025-09-30 오전 10:04:06",="38",="11.44325",="7.70506",="-70.81539",="10142472",="10142683",="24.02048",="24.03457",="0",PacketEnd
="2025-09-30 오전 10:04:06",="41",="10.44454",="15.5749",="-80.18512",="10140870",="10141882",="24.02056",="24.03463",="0",PacketEnd
="2025-09-30 오전 10:04:06",="44",="9.445839",="7.70506",="-87.76431",="10140069",="10140280",="24.0206",="24.03473",="0",PacketEnd
="2025-09-30 오전 10:04:06",="47",="8.447134",="15.5749",="-93.89508",="10138467",="10139479",="24.02072",="24.03477",="0",PacketEnd
="2025-09-30 오전 10:04:06",="50",="7.448435",="7.717295",="-98.85419",="10137666",="10137877",="24.02077",="24.03483",="0",PacketEnd
="2025-09-30 오전 10:04:06",="53",="6.449741",="15.5749",="-102.8655",="10136064",="10137076",="24.02088",="24.03487",="0",PacketEnd
="2025-09-30 오전 10:04:06",="56",="5.45017",="7.717295",="-106.1144",="10135263",="10135475",="24.02094",="24.03497",="0",PacketEnd
="2025-09-30 오전 10:04:06",="59",="4.451476",="15.59725",="-108.7432",="10133660",="10134675",="24.02103",="24.03502",="0",PacketEnd
="2025-09-30 오전 10:04:06",="62",="3.451894",="7.790236",="-110.8738",="10132859",="10133076",="24.02107",="24.03513",="0",PacketEnd
="2025-09-30 오전 10:04:06",="65",="2.508669",="12.41102",="-112.4316",="10132058",="10132676",="24.02114",="24.03518",="0",PacketEnd
="2025-09-30 오전 10:04:06",="68",="1.815984",="12.41102",="-112.4413",="10132058",="10132676",="24.02118",="24.0353",="0",PacketEnd
="2025-09-30 오전 10:04:06",="71",="1.344341",="12.3967",="-109.8277",="10132059",="10132676",="24.02126",="24.03535",="0",PacketEnd
="2025-09-30 오전 10:04:06",="74",="1.150984",="12.38953",="-103.6005",="10132060",="10132676",="24.0213",="24.03544",="0",PacketEnd
="2025-09-30 오전 10:04:06",="83",="1.123117",="12.38953",="-67.29677",="10132060",="10132676",="24.02156",="24.03554",="0",PacketEnd
="2025-09-30 오전 10:04:07",="86",="1.123084",="12.38953",="-54.84532",="10132060",="10132676",="24.02162",="24.03563",="0",PacketEnd
="2025-09-30 오전 10:04:07",="89",="1.123047",="12.38953",="-44.36489",="10132060",="10132676",="24.0217",="24.03568",="0",PacketEnd
="2025-09-30 오전 10:04:07",="92",="1.123003",="12.38953",="-35.88732",="10132060",="10132676",="24.02174",="24.03578",="0",PacketEnd
="2025-09-30 오전 10:04:07",="95",="1.122954",="12.38953",="-29.02993",="10132060",="10132676",="24.02181",="24.03583",="0",PacketEnd
="2025-09-30 오전 10:04:07",="98",="1.122901",="12.38953",="-23.48314",="10132060",="10132676",="24.02184",="24.03593",="0",PacketEnd
="2025-09-30 오전 10:04:07",="101",="1.122848",="12.38953",="-18.99648",="10132060",="10132676",="24.02192",="24.03598",="0",PacketEnd
="2025-09-30 오전 10:04:07",="104",="1.122798",="12.38953",="-15.36729",="10132060",="10132676",="24.02195",="24.03606",="0",PacketEnd
="2025-09-30 오전 10:04:07",="107",="1.122753",="12.38953",="-12.43167",="10132060",="10132676",="24.02204",="24.03608",="0",PacketEnd
="2025-09-30 오전 10:04:07",="110",="1.122716",="12.38236",="-10.05699",="10132061",="10132676",="24.02208",="24.03613",="0",PacketEnd
="2025-09-30 오전 10:04:07",="113",="1.122685",="12.38236",="-8.136014",="10132061",="10132676",="24.02216",="24.03615",="0",PacketEnd
="2025-09-30 오전 10:04:07",="116",="1.122658",="12.38236",="-6.582016",="10132061",="10132676",="24.0222",="24.03622",="0",PacketEnd
="2025-09-30 오전 10:04:07",="119",="1.122628",="12.38236",="-5.324891",="10132061",="10132676",="24.02225",="24.03626",="0",PacketEnd
="2025-09-30 오전 10:04:07",="122",="1.122594",="12.38236",="-4.30797",="10132061",="10132676",="24.02228",="24.03633",="0",PacketEnd
="2025-09-30 오전 10:04:07",="125",="1.122556",="12.38236",="-3.485414",="10132061",="10132676",="24.02232",="24.03637",="0",PacketEnd
="2025-09-30 오전 10:04:07",="128",="1.122515",="12.38236",="-2.820124",="10132061",="10132676",="24.02235",="24.03645",="0",PacketEnd
="2025-09-30 오전 10:04:07",="137",="1.1224",="12.35363",="-1.494792",="10132064",="10132676",="24.02251",="24.03657",="0",PacketEnd
="2025-09-30 오전 10:04:07",="140",="1.122371",="12.34644",="-1.209976",="10132065",="10132676",="24.02255",="24.0366",="0",PacketEnd
="2025-09-30 오전 10:04:07",="143",="1.122347",="12.33924",="-0.9795063",="10132066",="10132676",="24.02262",="24.03662",="0",PacketEnd
="2025-09-30 오전 10:04:07",="146",="1.122327",="12.33924",="-0.7929683",="10132066",="10132676",="24.02266",="24.03666",="0",PacketEnd
="2025-09-30 오전 10:04:07",="149",="1.122306",="12.33924",="-0.6419861",="10132066",="10132676",="24.02271",="24.03669",="0",PacketEnd
="2025-09-30 오전 10:04:07",="152",="1.122282",="12.33924",="-0.5198134",="10132066",="10132676",="24.02275",="24.03674",="0",PacketEnd
="2025-09-30 오전 10:04:07",="155",="1.122256",="12.33924",="-0.4209888",="10132066",="10132676",="24.0228",="24.03677",="0",PacketEnd
="2025-09-30 오전 10:04:07",="158",="1.122229",="12.33924",="-0.3410866",="10132066",="10132676",="24.02283",="24.03682",="0",PacketEnd
="2025-09-30 오전 10:04:07",="161",="1.122202",="12.33924",="-0.2764924",="10132066",="10132676",="24.0229",="24.03685",="0",PacketEnd
="2025-09-30 오전 10:04:07",="164",="1.122175",="12.33924",="-0.2242639",="10132066",="10132676",="24.02292",="24.03688",="0",PacketEnd
="2025-09-30 오전 10:04:07",="167",="1.122152",="12.33924",="-0.1820089",="10132066",="10132676",="24.02301",="24.03689",="0",PacketEnd
="2025-09-30 오전 10:04:07",="170",="1.122135",="12.33924",="-0.1477833",="10132066",="10132676",="24.02305",="24.03691",="0",PacketEnd
="2025-09-30 오전 10:04:07",="173",="1.122122",="12.33924",="-0.1200255",="10132066",="10132676",="24.02313",="24.03691",="0",PacketEnd
="2025-09-30 오전 10:04:07",="176",="1.122111",="12.33924",="-0.09748162",="10132066",="10132676",="24.02317",="24.03696",="0",PacketEnd
="2025-09-30 오전 10:04:07",="179",="1.122096",="12.33924",="-0.07918756",="10132066",="10132676",="24.02323",="24.03699",="0",PacketEnd
="2025-09-30 오전 10:04:08",="188",="1.12202",="12.35363",="-0.0429355",="10132066",="10132677",="24.02334",="24.03713",="0",PacketEnd
="2025-09-30 오전 10:04:08",="191",="1.12199",="12.35363",="-0.03531202",="10132066",="10132677",="24.02339",="24.03716",="0",PacketEnd
="2025-09-30 오전 10:04:08",="194",="1.121959",="12.36082",="-0.02921197",="10132066",="10132678",="24.02342",="24.03721",="0",PacketEnd
="2025-09-30 오전 10:04:08",="197",="1.121929",="12.36082",="-0.02431349",="10132066",="10132678",="24.0235",="24.03723",="0",PacketEnd
="2025-09-30 오전 10:04:08",="200",="1.121903",="12.36082",="-0.02034542",="10132066",="10132678",="24.02354",="24.03727",="0",PacketEnd
="2025-09-30 오전 10:04:08",="203",="1.121879",="12.36082",="-0.01710817",="10132066",="10132678",="24.02361",="24.03729",="0",PacketEnd
="2025-09-30 오전 10:04:08",="206",="1.121855",="12.36082",="-0.01444692",="10132066",="10132678",="24.02366",="24.03736",="0",PacketEnd
="2025-09-30 오전 10:04:08",="209",="1.121827",="12.36082",="-0.01227373",="10132066",="10132678",="24.02371",="24.0374",="0",PacketEnd
="2025-09-30 오전 10:04:08",="212",="1.121796",="12.36082",="-0.01053006",="10132066",="10132678",="24.02374",="24.03746",="0",PacketEnd
="2025-09-30 오전 10:04:08",="215",="1.12176",="12.36082",="-0.009171306",="10132066",="10132678",="24.02379",="24.0375",="0",PacketEnd
="2025-09-30 오전 10:04:08",="218",="1.121724",="12.36082",="-0.00814968",="10132066",="10132678",="24.02382",="24.03756",="0",PacketEnd
="2025-09-30 오전 10:04:08",="221",="1.121689",="12.36082",="-0.007373335",="10132066",="10132678",="24.02388",="24.0376",="0",PacketEnd
="2025-09-30 오전 10:04:08",="224",="1.121655",="12.36082",="-0.006769733",="10132066",="10132678",="24.02391",="24.03765",="0",PacketEnd
="2025-09-30 오전 10:04:08",="227",="1.121624",="12.34644",="-0.006268917",="10132067",="10132678",="24.02401",="24.03767",="0",PacketEnd
="2025-09-30 오전 10:04:08",="230",="1.121598",="12.34644",="-0.005811088",="10132067",="10132678",="24.02405",="24.0377",="0",PacketEnd
="2025-09-30 오전 10:04:08",="233",="1.121575",="12.34644",="-0.005374365",="10132067",="10132678",="24.02415",="24.03772",="0",PacketEnd
="2025-09-30 오전 10:04:08",="242",="1.121486",="12.35363",="-0.004326332",="10132067",="10132679",="24.02432",="24.03793",="0",PacketEnd
="2025-09-30 오전 10:04:08",="245",="1.121444",="12.35363",="-0.004213221",="10132067",="10132679",="24.02438",="24.03797",="0",PacketEnd
="2025-09-30 오전 10:04:08",="248",="1.121399",="12.35363",="-0.004251925",="10132067",="10132679",="24.02442",="24.03805",="0",PacketEnd
="2025-09-30 오전 10:04:08",="251",="1.121356",="12.35363",="-0.004373211",="10132067",="10132679",="24.02449",="24.03809",="0",PacketEnd
="2025-09-30 오전 10:04:08",="254",="1.121313",="12.36082",="-0.00452481",="10132067",="10132680",="24.02453",="24.03816",="0",PacketEnd
="2025-09-30 오전 10:04:08",="1",="1.121275",="12.36082",="-0.004641124",="10132067",="10132680",="24.02462",="24.03818",="0",PacketEnd
="2025-09-30 오전 10:04:08",="4",="1.121242",="12.35363",="-0.004674922",="10132068",="10132680",="24.02467",="24.03823",="0",PacketEnd
="2025-09-30 오전 10:04:08",="7",="1.121215",="12.35363",="-0.004621328",="10132068",="10132680",="24.02477",="24.03825",="0",PacketEnd
="2025-09-30 오전 10:04:08",="10",="1.121188",="12.35363",="-0.004478275",="10132068",="10132680",="24.02482",="24.03833",="0",PacketEnd
="2025-09-30 오전 10:04:08",="13",="1.121155",="12.35363",="-0.004317471",="10132068",="10132680",="24.0249",="24.03838",="0",PacketEnd
="2025-09-30 오전 10:04:08",="16",="1.121116",="12.35363",="-0.004203614",="10132068",="10132680",="24.02493",="24.03846",="0",PacketEnd
="2025-09-30 오전 10:04:08",="19",="1.121072",="12.34644",="-0.004186079",="10132068",="10132679",="24.02499",="24.03851",="0",PacketEnd
="2025-09-30 오전 10:04:08",="22",="1.121024",="12.34644",="-0.004291839",="10132068",="10132679",="24.02501",="24.03859",="0",PacketEnd
="2025-09-30 오전 10:04:08",="25",="1.120979",="12.34644",="-0.004458482",="10132068",="10132679",="24.02507",="24.03864",="0",PacketEnd
="2025-09-30 오전 10:04:08",="28",="1.120934",="12.33924",="-0.004639952",="10132068",="10132678",="24.02511",="24.0387",="0",PacketEnd
="2025-09-30 오전 10:04:09",="31",="1.120894",="12.33924",="-0.004781956",="10132068",="10132678",="24.02518",="24.03873",="0",PacketEnd
="2025-09-30 오전 10:04:09",="40",="1.120803",="12.34644",="-0.004650665",="10132068",="10132679",="24.02534",="24.03889",="0",PacketEnd
="2025-09-30 오전 10:04:09",="43",="1.120769",="12.34644",="-0.004484385",="10132068",="10132679",="24.02541",="24.03893",="0",PacketEnd
="2025-09-30 오전 10:04:09",="46",="1.120729",="12.34644",="-0.004362762",="10132068",="10132679",="24.02544",="24.03902",="0",PacketEnd
="2025-09-30 오전 10:04:09",="49",="1.120684",="12.34644",="-0.004336928",="10132068",="10132679",="24.02549",="24.03906",="0",PacketEnd
="2025-09-30 오전 10:04:09",="52",="1.120637",="12.34644",="-0.004433096",="10132068",="10132679",="24.02551",="24.03915",="0",PacketEnd
="2025-09-30 오전 10:04:09",="55",="1.120592",="12.34644",="-0.004584853",="10132068",="10132679",="24.02556",="24.03919",="0",PacketEnd
="2025-09-30 오전 10:04:09",="58",="1.120548",="12.34644",="-0.00474385",="10132068",="10132679",="24.0256",="24.03925",="0",PacketEnd
="2025-09-30 오전 10:04:09",="61",="1.12051",="12.35363",="-0.00485409",="10132068",="10132680",="24.02567",="24.03927",="0",PacketEnd
="2025-09-30 오전 10:04:09",="64",="1.120918",="12.36801",="-0.003965035",="10132068",="10132681",="24.02571",="24.03931",="0",PacketEnd
="2025-09-30 오전 10:04:09",="67",="1.122212",="12.36801",="0.00364006",="10132068",="10132681",="24.02579",="24.03933",="0",PacketEnd
="2025-09-30 오전 10:04:09",="70",="1.123508",="12.37519",="0.01747959",="10132068",="10132682",="24.02582",="24.03942",="0",PacketEnd
="2025-09-30 오전 10:04:09",="73",="1.124797",="12.37519",="0.03630509",="10132069",="10132683",="24.0259",="24.03946",="0",PacketEnd
="2025-09-30 오전 10:04:09",="76",="1.12564",="12.38953",="0.05729206",="10132069",="10132684",="24.02593",="24.03954",="0",PacketEnd
="2025-09-30 오전 10:04:09",="79",="1.125597",="12.38953",="0.06818848",="10132069",="10132684",="24.02597",="24.03959",="0",PacketEnd
="2025-09-30 오전 10:04:09",="82",="1.125552",="12.3967",="0.06931025",="10132069",="10132685",="24.02599",="24.03967",="0",PacketEnd
="2025-09-30 오전 10:04:09",="91",="1.125426",="12.38236",="0.03976898",="10132070",="10132685",="24.02617",="24.03979",="0",PacketEnd
="2025-09-30 오전 10:04:09",="94",="1.125395",="12.38236",="0.0312456",="10132070",="10132685",="24.02621",="24.03983",="0",PacketEnd
="2025-09-30 오전 10:04:09",="97",="1.125369",="12.38236",="0.02444406",="10132070",="10132685",="24.02629",="24.03985",="0",PacketEnd
="2025-09-30 오전 10:04:09",="100",="1.125346",="12.38236",="0.01906164",="10132070",="10132685",="24.02633",="24.03993",="0",PacketEnd
="2025-09-30 오전 10:04:09",="103",="1.125317",="12.38236",="0.01478049",="10132070",="10132685",="24.0264",="24.03996",="0",PacketEnd
="2025-09-30 오전 10:04:09",="106",="1.125284",="12.38236",="0.01132583",="10132070",="10132685",="24.02644",="24.04004",="0",PacketEnd
="2025-09-30 오전 10:04:09",="109",="1.125246",="12.38236",="0.008481536",="10132070",="10132685",="24.02647",="24.04007",="0",PacketEnd
="2025-09-30 오전 10:04:09",="112",="1.125206",="12.38236",="0.006086441",="10132070",="10132685",="24.02649",="24.04015",="0",PacketEnd
="2025-09-30 오전 10:04:09",="115",="1.125167",="12.38236",="0.004081088",="10132070",="10132685",="24.02656",="24.04019",="0",PacketEnd
="2025-09-30 오전 10:04:09",="118",="1.125129",="12.38236",="0.002420841",="10132070",="10132685",="24.0266",="24.04024",="0",PacketEnd
="2025-09-30 오전 10:04:09",="121",="1.125096",="12.38236",="0.001088294",="10132070",="10132685",="24.02669",="24.04026",="0",PacketEnd
="2025-09-30 오전 10:04:09",="124",="1.125069",="12.38236",="6.966801E-05",="10132070",="10132685",="24.02673",="24.04029",="0",PacketEnd
="2025-09-30 오전 10:04:09",="127",="1.125046",="12.38236",="-0.0006685759",="10132070",="10132685",="24.02682",="24.04031",="0",PacketEnd
="2025-09-30 오전 10:04:09",="130",="1.125026",="12.38236",="-0.001162001",="10132070",="10132685",="24.02686",="24.04037",="0",PacketEnd
="2025-09-30 오전 10:04:10",="133",="1.125",="12.38236",="-0.001502224",="10132070",="10132685",="24.02694",="24.04041",="0",PacketEnd
="2025-09-30 오전 10:04:10",="136",="1.124968",="12.38236",="-0.001782937",="10132070",="10132685",="24.02698",="24.04049",="0",PacketEnd
="2025-09-30 오전 10:04:10",="145",="1.124849",="12.38953",="-0.002798238",="10132070",="10132686",="24.02712",="24.04064",="0",PacketEnd
="2025-09-30 오전 10:04:10",="148",="1.124809",="12.3967",="-0.003160315",="10132070",="10132687",="24.02717",="24.0407",="0",PacketEnd
="2025-09-30 오전 10:04:10",="151",="1.124774",="12.3967",="-0.00346255",="10132070",="10132687",="24.02726",="24.04073",="0",PacketEnd
="2025-09-30 오전 10:04:10",="154",="1.124743",="12.3967",="-0.003665391",="10132070",="10132687",="24.02731",="24.04077",="0",PacketEnd
="2025-09-30 오전 10:04:10",="157",="1.124715",="12.3967",="-0.003759191",="10132070",="10132687",="24.02739",="24.04079",="0",PacketEnd
="2025-09-30 오전 10:04:10",="160",="1.124689",="12.3967",="-0.003752274",="10132070",="10132687",="24.02743",="24.04087",="0",PacketEnd
="2025-09-30 오전 10:04:10",="163",="1.124657",="12.3967",="-0.003705705",="10132070",="10132687",="24.02751",="24.04092",="0",PacketEnd
="2025-09-30 오전 10:04:10",="166",="1.124619",="12.3967",="-0.003689249",="10132070",="10132687",="24.02754",="24.04101",="0",PacketEnd
="2025-09-30 오전 10:04:10",="169",="1.125456",="12.41102",="-0.001110284",="10132070",="10132688",="24.02758",="24.04105",="0",PacketEnd
="2025-09-30 오전 10:04:10",="172",="1.12673",="12.41102",="0.008434656",="10132070",="10132688",="24.0276",="24.04114",="0",PacketEnd
="2025-09-30 오전 10:04:10",="175",="1.128005",="12.3967",="0.02363438",="10132072",="10132688",="24.02767",="24.04118",="0",PacketEnd
="2025-09-30 오전 10:04:10",="178",="1.129281",="12.3967",="0.04344886",="10132072",="10132688",="24.02771",="24.04125",="0",PacketEnd
="2025-09-30 오전 10:04:10",="181",="1.12968",="12.3967",="0.06176044",="10132072",="10132688",="24.02779",="24.04128",="0",PacketEnd
="2025-09-30 오전 10:04:10",="184",="1.129645",="12.3967",="0.06905139",="10132072",="10132688",="24.02783",="24.04132",="0",PacketEnd
="2025-09-30 오전 10:04:10",="187",="1.129615",="12.3967",="0.0674609",="10132072",="10132688",="24.02792",="24.04135",="0",PacketEnd
="2025-09-30 오전 10:04:10",="196",="1.129514",="12.40386",="0.03707618",="10132071",="10132688",="24.02806",="24.04156",="0",PacketEnd
="2025-09-30 오전 10:04:10",="199",="1.129469",="12.40386",="0.02918674",="10132071",="10132688",="24.02811",="24.04161",="0",PacketEnd
="2025-09-30 오전 10:04:10",="202",="1.129421",="12.40386",="0.02269528",="10132071",="10132688",="24.02813",="24.0417",="0",PacketEnd
="2025-09-30 오전 10:04:10",="205",="1.129373",="12.40386",="0.0173489",="10132071",="10132688",="24.02819",="24.04175",="0",PacketEnd
="2025-09-30 오전 10:04:10",="208",="1.129325",="12.40386",="0.01296061",="10132071",="10132688",="24.02823",="24.04184",="0",PacketEnd
="2025-09-30 오전 10:04:10",="211",="1.12928",="12.40386",="0.009393192",="10132071",="10132688",="24.02831",="24.04186",="0",PacketEnd
="2025-09-30 오전 10:04:10",="214",="1.129241",="12.40386",="0.006544173",="10132072",="10132689",="24.02836",="24.04191",="0",PacketEnd
="2025-09-30 오전 10:04:10",="217",="1.129207",="12.38953",="0.004310803",="10132074",="10132690",="24.02844",="24.04193",="0",PacketEnd
="2025-09-30 오전 10:04:10",="220",="1.129178",="12.38953",="0.002609575",="10132075",="10132691",="24.02848",="24.042",="0",PacketEnd
="2025-09-30 오전 10:04:10",="223",="1.129148",="12.36082",="0.001331315",="10132078",="10132691",="24.02855",="24.04204",="0",PacketEnd
="2025-09-30 오전 10:04:10",="226",="1.129115",="12.36801",="0.0003489944",="10132079",="10132692",="24.02858",="24.04211",="0",PacketEnd
="2025-09-30 오전 10:04:10",="229",="1.129078",="12.37519",="-0.0004460085",="10132079",="10132693",="24.02862",="24.04215",="0",PacketEnd
="2025-09-30 오전 10:04:11",="232",="1.130361",="12.40386",="0.004032632",="10132079",="10132696",="24.02864",="24.04222",="0",PacketEnd
="2025-09-30 오전 10:04:11",="235",="1.131643",="12.41102",="0.01517534",="10132079",="10132697",="24.0287",="24.04226",="0",PacketEnd
="2025-09-30 오전 10:04:11",="238",="1.132927",="12.41817",="0.031727",="10132079",="10132698",="24.02874",="24.04231",="0",PacketEnd
="2025-09-30 오전 10:04:11",="241",="1.134215",="12.41817",="0.05269567",="10132079",="10132698",="24.02881",="24.04233",="0",PacketEnd
="2025-09-30 오전 10:04:11",="250",="1.134149",="12.41817",="0.06681414",="10132079",="10132698",="24.02896",="24.04243",="0",PacketEnd
="2025-09-30 오전 10:04:11",="253",="1.134128",="12.41817",="0.05593608",="10132079",="10132698",="24.02903",="24.04246",="0",PacketEnd
="2025-09-30 오전 10:04:11",="0",="1.1341",="12.41102",="0.04474743",="10132080",="10132698",="24.02906",="24.04252",="0",PacketEnd
="2025-09-30 오전 10:04:11",="3",="1.134068",="12.41102",="0.03565138",="10132080",="10132698",="24.0291",="24.04256",="0",PacketEnd
="2025-09-30 오전 10:04:11",="6",="1.134033",="12.41102",="0.02820177",="10132080",="10132698",="24.02911",="24.04263",="0",PacketEnd
="2025-09-30 오전 10:04:11",="9",="1.133997",="12.41102",="0.02208928",="10132080",="10132698",="24.02917",="24.04266",="0",PacketEnd
="2025-09-30 오전 10:04:11",="12",="1.133962",="12.41102",="0.01708464",="10132080",="10132698",="24.02921",="24.04273",="0",PacketEnd
="2025-09-30 오전 10:04:11",="15",="1.133928",="12.41102",="0.01301366",="10132080",="10132698",="24.02928",="24.04274",="0",PacketEnd
="2025-09-30 오전 10:04:11",="18",="1.133898",="12.41102",="0.009742597",="10132080",="10132698",="24.02931",="24.04279",="0",PacketEnd
="2025-09-30 오전 10:04:11",="21",="1.133872",="12.41102",="0.007142166",="10132080",="10132698",="24.02938",="24.04281",="0",PacketEnd
="2025-09-30 오전 10:04:11",="24",="1.133847",="12.41102",="0.005101829",="10132080",="10132698",="24.02942",="24.04287",="0",PacketEnd
="2025-09-30 오전 10:04:11",="27",="1.133819",="12.41102",="0.003497506",="10132080",="10132698",="24.02948",="24.04291",="0",PacketEnd
="2025-09-30 오전 10:04:11",="30",="1.133787",="12.41102",="0.002200484",="10132080",="10132698",="24.02951",="24.04298",="0",PacketEnd
="2025-09-30 오전 10:04:11",="33",="1.133752",="12.41102",="0.001109895",="10132080",="10132698",="24.02955",="24.04302",="0",PacketEnd
="2025-09-30 오전 10:04:11",="36",="1.133713",="12.41102",="0.0001541756",="10132080",="10132698",="24.02957",="24.04309",="0",PacketEnd
="2025-09-30 오전 10:04:11",="45",="1.133608",="12.41102",="-0.00195185",="10132081",="10132699",="24.02975",="24.04319",="0",PacketEnd
="2025-09-30 오전 10:04:11",="48",="1.133583",="12.41102",="-0.002351149",="10132081",="10132699",="24.02979",="24.04322",="0",PacketEnd
="2025-09-30 오전 10:04:11",="51",="1.133561",="12.41102",="-0.002594798",="10132081",="10132699",="24.02986",="24.04324",="0",PacketEnd
="2025-09-30 오전 10:04:11",="54",="1.133541",="12.41102",="-0.002697082",="10132081",="10132699",="24.0299",="24.0433",="0",PacketEnd
="2025-09-30 오전 10:04:11",="57",="1.133518",="12.41102",="-0.002711154",="10132081",="10132699",="24.02997",="24.04333",="0",PacketEnd
="2025-09-30 오전 10:04:11",="60",="1.133489",="12.41102",="-0.002720185",="10132081",="10132699",="24.03",="24.0434",="0",PacketEnd
="2025-09-30 오전 10:04:11",="63",="1.133455",="12.41102",="-0.002782136",="10132081",="10132699",="24.03004",="24.04344",="0",PacketEnd
="2025-09-30 오전 10:04:11",="66",="1.133417",="12.41102",="-0.002929831",="10132081",="10132699",="24.03006",="24.04352",="0",PacketEnd
="2025-09-30 오전 10:04:11",="69",="1.133377",="12.41102",="-0.003148988",="10132081",="10132699",="24.03011",="24.04356",="0",PacketEnd
="2025-09-30 오전 10:04:11",="72",="1.133337",="12.41102",="-0.003401253",="10132081",="10132699",="24.03015",="24.04363",="0",PacketEnd
="2025-09-30 오전 10:04:12",="74",="1.133311",="12.41102",="-0.00356558",="10132081",="10132699",="24.03019",="24.04365",="0",PacketEnd
="2025-09-30 오전 10:04:12",="77",="1.133276",="12.42532",="-0.003769912",="10132078",="10132698",="24.03026",="24.04368",="0",PacketEnd
="2025-09-30 오전 10:04:12",="80",="1.133243",="12.41817",="-0.003907891",="10132077",="10132696",="24.0303",="24.04374",="0",PacketEnd
="2025-09-30 오전 10:04:12",="83",="1.133213",="12.43246",="-0.003968053",="10132075",="10132695",="24.03037",="24.04377",="0",PacketEnd
="2025-09-30 오전 10:04:12",="86",="1.131859",="12.41102",="-0.009139515",="10132074",="10132692",="24.03041",="24.04385",="0",PacketEnd
="2025-09-30 오전 10:04:12",="95",="1.12778",="12.42532",="-0.05946171",="10132069",="10132688",="24.03053",="24.044",="0",PacketEnd
="2025-09-30 오전 10:04:12",="98",="1.126419",="12.41102",="-0.07927454",="10132068",="10132686",="24.03056",="24.04407",="0",PacketEnd
="2025-09-30 오전 10:04:12",="101",="1.12506",="12.42532",="-0.09531964",="10132066",="10132685",="24.03065",="24.04411",="0",PacketEnd
="2025-09-30 오전 10:04:12",="104",="1.123704",="12.41102",="-0.1082852",="10132065",="10132683",="24.03069",="24.04415",="0",PacketEnd
="2025-09-30 오전 10:04:12",="107",="1.122353",="12.41817",="-0.1187249",="10132063",="10132682",="24.03077",="24.04417",="0",PacketEnd
="2025-09-30 오전 10:04:12",="110",="1.121886",="12.41102",="-0.122832",="10132062",="10132680",="24.03082",="24.04422",="0",PacketEnd
="2025-09-30 오전 10:04:12",="113",="1.120541",="12.41817",="-0.1252927",="10132060",="10132679",="24.0309",="24.04424",="0",PacketEnd
="2025-09-30 오전 10:04:12",="116",="1.119193",="12.41102",="-0.1272207",="10132059",="10132677",="24.03094",="24.04432",="0",PacketEnd
="2025-09-30 오전 10:04:12",="119",="1.117841",="12.4396",="-0.1287706",="10132055",="10132676",="24.03101",="24.04435",="0",PacketEnd
="2025-09-30 오전 10:04:12",="122",="1.116485",="12.42532",="-0.1343274",="10132053",="10132673",="24.03104",="24.04442",="0",PacketEnd
="2025-09-30 오전 10:04:12",="125",="1.115127",="12.4396",="-0.1396705",="10132051",="10132672",="24.03109",="24.04446",="0",PacketEnd
="2025-09-30 오전 10:04:12",="128",="1.113769",="12.4396",="-0.14406",="10132051",="10132672",="24.03112",="24.04452",="0",PacketEnd
="2025-09-30 오전 10:04:12",="131",="1.112413",="12.4396",="-0.1476428",="10132051",="10132672",="24.03122",="24.04455",="0",PacketEnd
="2025-09-30 오전 10:04:12",="134",="1.111501",="12.4396",="-0.1496334",="10132051",="10132672",="24.03127",="24.04459",="0",PacketEnd
="2025-09-30 오전 10:04:12",="137",="1.111473",="12.4396",="-0.1444108",="10132051",="10132672",="24.03136",="24.04461",="0",PacketEnd
="2025-09-30 오전 10:04:12",="140",="1.111448",="12.4396",="-0.1325473",="10132051",="10132672",="24.0314",="24.04467",="0",PacketEnd
="2025-09-30 오전 10:04:12",="149",="1.111367",="12.44674",="-0.07717405",="10132051",="10132673",="24.03159",="24.04479",="0",PacketEnd
="2025-09-30 오전 10:04:12",="152",="1.111334",="12.46099",="-0.06306464",="10132051",="10132674",="24.03161",="24.04486",="0",PacketEnd
="2025-09-30 오전 10:04:12",="155",="1.1113",="12.46099",="-0.05170411",="10132051",="10132674",="24.03165",="24.04489",="0",PacketEnd
="2025-09-30 오전 10:04:12",="158",="1.111265",="12.46099",="-0.0425664",="10132051",="10132674",="24.03168",="24.04494",="0",PacketEnd
="2025-09-30 오전 10:04:12",="161",="1.111234",="12.46099",="-0.03519262",="10132051",="10132674",="24.03176",="24.04497",="0",PacketEnd
="2025-09-30 오전 10:04:12",="164",="1.111206",="12.46099",="-0.02921086",="10132051",="10132674",="24.03179",="24.045",="0",PacketEnd
="2025-09-30 오전 10:04:12",="167",="1.111183",="12.46099",="-0.02432286",="10132051",="10132674",="24.03187",="24.04502",="0",PacketEnd
="2025-09-30 오전 10:04:12",="170",="1.111164",="12.46099",="-0.02028307",="10132051",="10132674",="24.0319",="24.04505",="0",PacketEnd
="2025-09-30 오전 10:04:12",="173",="1.111147",="12.46099",="-0.01692952",="10132051",="10132674",="24.03198",="24.04506",="0",PacketEnd
="2025-09-30 오전 10:04:13",="176",="1.111129",="12.46099",="-0.01415087",="10132051",="10132674",="24.03201",="24.04511",="0",PacketEnd
="2025-09-30 오전 10:04:13",="179",="1.111108",="12.46099",="-0.01187453",="10132051",="10132674",="24.03206",="24.04514",="0",PacketEnd
="2025-09-30 오전 10:04:13",="182",="1.111524",="12.46811",="-0.00915106",="10132051",="10132675",="24.03208",="24.04519",="0",PacketEnd
="2025-09-30 오전 10:04:13",="185",="1.112818",="12.46811",="-0.00020836",="10132051",="10132675",="24.03211",="24.04522",="0",PacketEnd
="2025-09-30 오전 10:04:13",="188",="1.114112",="12.46811",="0.01454168",="10132051",="10132675",="24.03214",="24.04527",="0",PacketEnd
="2025-09-30 오전 10:04:13",="191",="1.115405",="12.45387",="0.03400453",="10132052",="10132675",="24.03221",="24.0453",="0",PacketEnd
="2025-09-30 오전 10:04:13",="200",="1.116214",="12.45387",="0.06855233",="10132052",="10132675",="24.03236",="24.0454",="0",PacketEnd
="2025-09-30 오전 10:04:13",="203",="1.11619",="12.44674",="0.06235066",="10132053",="10132675",="24.03243",="24.04543",="0",PacketEnd
="2025-09-30 오전 10:04:13",="206",="1.116165",="12.44674",="0.05067401",="10132053",="10132675",="24.03247",="24.0455",="0",PacketEnd
="2025-09-30 오전 10:04:13",="209",="1.116134",="12.44674",="0.04041796",="10132053",="10132675",="24.03251",="24.04553",="0",PacketEnd
="2025-09-30 오전 10:04:13",="212",="1.116101",="12.44674",="0.03206756",="10132053",="10132675",="24.03253",="24.0456",="0",PacketEnd
="2025-09-30 오전 10:04:13",="215",="1.116067",="12.44674",="0.02525",="10132053",="10132675",="24.03257",="24.04563",="0",PacketEnd
="2025-09-30 오전 10:04:13",="218",="1.116032",="12.44674",="0.01967774",="10132053",="10132675",="24.0326",="24.04569",="0",PacketEnd
="2025-09-30 오전 10:04:13",="221",="1.115999",="12.44674",="0.01514549",="10132053",="10132675",="24.03269",="24.04572",="0",PacketEnd
="2025-09-30 오전 10:04:13",="224",="1.115968",="12.44674",="0.01148102",="10132053",="10132675",="24.03272",="24.04576",="0",PacketEnd
="2025-09-30 오전 10:04:13",="227",="1.11594",="12.44674",="0.008546316",="10132053",="10132675",="24.03281",="24.04578",="0",PacketEnd
="2025-09-30 오전 10:04:13",="230",="1.115914",="12.44674",="0.006220571",="10132053",="10132675",="24.03285",="24.04584",="0",PacketEnd
="2025-09-30 오전 10:04:13",="233",="1.115888",="12.44674",="0.004382204",="10132053",="10132675",="24.03294",="24.04587",="0",PacketEnd
="2025-09-30 오전 10:04:13",="236",="1.115857",="12.44674",="0.002914528",="10132053",="10132675",="24.03298",="24.04596",="0",PacketEnd
="2025-09-30 오전 10:04:13",="239",="1.11582",="12.44674",="0.001692428",="10132053",="10132675",="24.03303",="24.046",="0",PacketEnd
="2025-09-30 오전 10:04:13",="242",="1.115778",="12.44674",="0.0006197696",="10132053",="10132675",="24.03306",="24.04609",="0",PacketEnd
="2025-09-30 오전 10:04:13",="245",="1.11573",="12.44674",="-0.0003599926",="10132053",="10132675",="24.0331",="24.04614",="0",PacketEnd
="2025-09-30 오전 10:04:13",="254",="1.115595",="12.44674",="-0.002719223",="10132053",="10132675",="24.03329",="24.04633",="0",PacketEnd
="2025-09-30 오전 10:04:13",="1",="1.115556",="12.44674",="-0.003218027",="10132053",="10132675",="24.03338",="24.04635",="0",PacketEnd
="2025-09-30 오전 10:04:13",="4",="1.11552",="12.44674",="-0.003553163",="10132053",="10132675",="24.03343",="24.04643",="0",PacketEnd
="2025-09-30 오전 10:04:13",="7",="1.115484",="12.44674",="-0.003766595",="10132053",="10132675",="24.03353",="24.04646",="0",PacketEnd
="2025-09-30 오전 10:04:13",="10",="1.115446",="12.44674",="-0.003904006",="10132053",="10132675",="24.03358",="24.04656",="0",PacketEnd
="2025-09-30 오전 10:04:13",="13",="1.115403",="12.44674",="-0.004024907",="10132053",="10132675",="24.03364",="24.0466",="0",PacketEnd
="2025-09-30 오전 10:04:13",="16",="1.115358",="12.44674",="-0.00417012",="10132053",="10132675",="24.03366",="24.04669",="0",PacketEnd
="2025-09-30 오전 10:04:14",="19",="1.11531",="12.44674",="-0.004348845",="10132053",="10132675",="24.03372",="24.04674",="0",PacketEnd
="2025-09-30 오전 10:04:14",="22",="1.115264",="12.45387",="-0.004549279",="10132053",="10132676",="24.03375",="24.04682",="0",PacketEnd
="2025-09-30 오전 10:04:14",="25",="1.11522",="12.45387",="-0.004729597",="10132053",="10132676",="24.03386",="24.04685",="0",PacketEnd
="2025-09-30 오전 10:04:14",="28",="1.11518",="12.45387",="-0.004856711",="10132053",="10132676",="24.03392",="24.0469",="0",PacketEnd
="2025-09-30 오전 10:04:14",="31",="1.115147",="12.45387",="-0.004894407",="10132053",="10132676",="24.03403",="24.04692",="0",PacketEnd
="2025-09-30 오전 10:04:14",="34",="1.115119",="12.45387",="-0.004821458",="10132053",="10132676",="24.03408",="24.04697",="0",PacketEnd
="2025-09-30 오전 10:04:14",="37",="1.115094",="12.45387",="-0.004656351",="10132053",="10132676",="24.03419",="24.04699",="0",PacketEnd
="2025-09-30 오전 10:04:14",="40",="1.115068",="12.45387",="-0.004430579",="10132053",="10132676",="24.03424",="24.04706",="0",PacketEnd
="2025-09-30 오전 10:04:14",="49",="1.11497",="12.44674",="-0.003961812",="10132053",="10132675",="24.03439",="24.0472",="0",PacketEnd
="2025-09-30 오전 10:04:14",="52",="1.114934",="12.44674",="-0.003957785",="10132053",="10132675",="24.03442",="24.04726",="0",PacketEnd
="2025-09-30 오전 10:04:14",="55",="1.1149",="12.4396",="-0.003990401",="10132054",="10132675",="24.03451",="24.04729",="0",PacketEnd
="2025-09-30 오전 10:04:14",="58",="1.114869",="12.4396",="-0.004019261",="10132054",="10132675",="24.03456",="24.04733",="0",PacketEnd
="2025-09-30 오전 10:04:14",="61",="1.114841",="12.4396",="-0.004007044",="10132054",="10132675",="24.03464",="24.04735",="0",PacketEnd
="2025-09-30 오전 10:04:14",="64",="1.114816",="12.4396",="-0.003937247",="10132054",="10132675",="24.03469",="24.04741",="0",PacketEnd
="2025-09-30 오전 10:04:14",="67",="1.114789",="12.4396",="-0.00383213",="10132054",="10132675",="24.03478",="24.04744",="0",PacketEnd
="2025-09-30 오전 10:04:14",="70",="1.114759",="12.44674",="-0.003725357",="10132054",="10132676",="24.03482",="24.04752",="0",PacketEnd
="2025-09-30 오전 10:04:14",="73",="1.114724",="12.4396",="-0.003667452",="10132055",="10132676",="24.03488",="24.04755",="0",PacketEnd
="2025-09-30 오전 10:04:14",="76",="1.114687",="12.45387",="-0.003682985",="10132055",="10132677",="24.03489",="24.04762",="0",PacketEnd
="2025-09-30 오전 10:04:14",="79",="1.114649",="12.45387",="-0.003762479",="10132055",="10132677",="24.03493",="24.04766",="0",PacketEnd
="2025-09-30 오전 10:04:14",="82",="1.114611",="12.45387",="-0.00388102",="10132055",="10132677",="24.03495",="24.04772",="0",PacketEnd
="2025-09-30 오전 10:04:14",="85",="1.114576",="12.45387",="-0.003990358",="10132055",="10132677",="24.03502",="24.04775",="0",PacketEnd
="2025-09-30 오전 10:04:14",="88",="1.114544",="12.45387",="-0.004060854",="10132055",="10132677",="24.03506",="24.0478",="0",PacketEnd
="2025-09-30 오전 10:04:14",="91",="1.114515",="12.45387",="-0.004070452",="10132055",="10132677",="24.03513",="24.04782",="0",PacketEnd
="2025-09-30 오전 10:04:14",="94",="1.114489",="12.45387",="-0.004011759",="10132055",="10132677",="24.03516",="24.04788",="0",PacketEnd
="2025-09-30 오전 10:04:14",="103",="1.114398",="12.4396",="-0.003741162",="10132056",="10132677",="24.03531",="24.04802",="0",PacketEnd
="2025-09-30 오전 10:04:14",="106",="1.114359",="12.43246",="-0.003748043",="10132057",="10132677",="24.03533",="24.0481",="0",PacketEnd
="2025-09-30 오전 10:04:14",="109",="1.114319",="12.42532",="-0.003822782",="10132058",="10132677",="24.03537",="24.04815",="0",PacketEnd
="2025-09-30 오전 10:04:14",="112",="1.114277",="12.42532",="-0.003964257",="10132058",="10132677",="24.0354",="24.04821",="0",PacketEnd
="2025-09-30 오전 10:04:14",="115",="1.114237",="12.40386",="-0.004122319",="10132060",="10132677",="24.03549",="24.04825",="0",PacketEnd
="2025-09-30 오전 10:04:15",="118",="1.114201",="12.40386",="-0.00425078",="10132060",="10132677",="24.03553",="24.0483",="0",PacketEnd
="2025-09-30 오전 10:04:15",="121",="1.114169",="12.3967",="-0.004317731",="10132061",="10132677",="24.03561",="24.04832",="0",PacketEnd
="2025-09-30 오전 10:04:15",="124",="1.114141",="12.40386",="-0.004293783",="10132061",="10132678",="24.03565",="24.04838",="0",PacketEnd
="2025-09-30 오전 10:04:15",="127",="1.114111",="12.40386",="-0.004212293",="10132061",="10132678",="24.03573",="24.04842",="0",PacketEnd
="2025-09-30 오전 10:04:15",="130",="1.114079",="12.40386",="-0.004109141",="10132061",="10132678",="24.03578",="24.04849",="0",PacketEnd
="2025-09-30 오전 10:04:15",="133",="1.114044",="12.40386",="-0.004032946",="10132061",="10132678",="24.03583",="24.04852",="0",PacketEnd
="2025-09-30 오전 10:04:15",="136",="1.114006",="12.40386",="-0.004019819",="10132061",="10132678",="24.03585",="24.0486",="0",PacketEnd
="2025-09-30 오전 10:04:15",="139",="1.113967",="12.40386",="-0.004058945",="10132061",="10132678",="24.03589",="24.04864",="0",PacketEnd
="2025-09-30 오전 10:04:15",="142",="1.113928",="12.40386",="-0.004139543",="10132061",="10132678",="24.03592",="24.0487",="0",PacketEnd
="2025-09-30 오전 10:04:15",="145",="1.113891",="12.40386",="-0.004223689",="10132061",="10132678",="24.03598",="24.04873",="0",PacketEnd
="2025-09-30 오전 10:04:15",="148",="1.113858",="12.40386",="-0.004272394",="10132061",="10132678",="24.03601",="24.04878",="0",PacketEnd
="2025-09-30 오전 10:04:15",="157",="1.11378",="12.40386",="-0.004040966",="10132061",="10132678",="24.03617",="24.04887",="0",PacketEnd
="2025-09-30 오전 10:04:15",="160",="1.113756",="12.40386",="-0.003870824",="10132061",="10132678",="24.0362",="24.04893",="0",PacketEnd
="2025-09-30 오전 10:04:15",="163",="1.113728",="12.40386",="-0.003710567",="10132061",="10132678",="24.03623",="24.04896",="0",PacketEnd
="2025-09-30 오전 10:04:15",="166",="1.113696",="12.3967",="-0.003609197",="10132062",="10132678",="24.03624",="24.04903",="0",PacketEnd
="2025-09-30 오전 10:04:15",="169",="1.113663",="12.38236",="-0.003574159",="10132063",="10132678",="24.03626",="24.04906",="0",PacketEnd
="2025-09-30 오전 10:04:15",="172",="1.113628",="12.38236",="-0.003606463",="10132063",="10132678",="24.03628",="24.04912",="0",PacketEnd
="2025-09-30 오전 10:04:15",="175",="1.113595",="12.37519",="-0.003671803",="10132064",="10132678",="24.03634",="24.04914",="0",PacketEnd
="2025-09-30 오전 10:04:15",="178",="1.113566",="12.36801",="-0.00372466",="10132065",="10132678",="24.03637",="24.04919",="0",PacketEnd
="2025-09-30 오전 10:04:15",="181",="1.113539",="12.36082",="-0.003737661",="10132066",="10132678",="24.03642",="24.04921",="0",PacketEnd
="2025-09-30 오전 10:04:15",="184",="1.113516",="12.36082",="-0.003684149",="10132066",="10132678",="24.03644",="24.04926",="0",PacketEnd
="2025-09-30 오전 10:04:15",="187",="1.113493",="12.36082",="-0.003583026",="10132066",="10132678",="24.03649",="24.04928",="0",PacketEnd
="2025-09-30 오전 10:04:15",="190",="1.113469",="12.36082",="-0.0034617",="10132066",="10132678",="24.03652",="24.04934",="0",PacketEnd
="2025-09-30 오전 10:04:15",="193",="1.113442",="12.37519",="-0.003353755",="10132065",="10132679",="24.03655",="24.04937",="0",PacketEnd
="2025-09-30 오전 10:04:15",="196",="1.11341",="12.37519",="-0.00330225",="10132065",="10132679",="24.03657",="24.04944",="0",PacketEnd
="2025-09-30 오전 10:04:15",="199",="1.113377",="12.38236",="-0.003315504",="10132064",="10132679",="24.0366",="24.04947",="0",PacketEnd
="2025-09-30 오전 10:04:15",="208",="1.113276",="12.41102",="-0.003615668",="10132062",="10132680",="24.03669",="24.04961",="0",PacketEnd
="2025-09-30 오전 10:04:15",="211",="1.113249",="12.41817",="-0.00367459",="10132061",="10132680",="24.03675",="24.04962",="0",PacketEnd
="2025-09-30 오전 10:04:15",="214",="1.113225",="12.41817",="-0.003655995",="10132061",="10132680",="24.03677",="24.04967",="0",PacketEnd
="2025-09-30 오전 10:04:15",="217",="1.113203",="12.41817",="-0.003572573",="10132061",="10132680",="24.03683",="24.04969",="0",PacketEnd
="2025-09-30 오전 10:04:16",="220",="1.113181",="12.41817",="-0.003447423",="10132061",="10132680",="24.03686",="24.04974",="0",PacketEnd
="2025-09-30 오전 10:04:16",="223",="1.113157",="12.41817",="-0.003316888",="10132061",="10132680",="24.03689",="24.04977",="0",PacketEnd
="2025-09-30 오전 10:04:16",="226",="1.113129",="12.41817",="-0.003228643",="10132061",="10132680",="24.0369",="24.04983",="0",PacketEnd
="2025-09-30 오전 10:04:16",="229",="1.113098",="12.41817",="-0.003197222",="10132061",="10132680",="24.03693",="24.04987",="0",PacketEnd
="2025-09-30 오전 10:04:16",="232",="1.113065",="12.41817",="-0.003233752",="10132061",="10132680",="24.03694",="24.04992",="0",PacketEnd
="2025-09-30 오전 10:04:16",="235",="1.113032",="12.41817",="-0.003315966",="10132061",="10132680",="24.03699",="24.04995",="0",PacketEnd
="2025-09-30 오전 10:04:16",="238",="1.113001",="12.41817",="-0.003407904",="10132061",="10132680",="24.03702",="24.05001",="0",PacketEnd
="2025-09-30 오전 10:04:16",="241",="1.112971",="12.41817",="-0.003486851",="10132061",="10132680",="24.03707",="24.05003",="0",PacketEnd
="2025-09-30 오전 10:04:16",="244",="1.112944",="12.41102",="-0.003525541",="10132062",="10132680",="24.03709",="24.05008",="0",PacketEnd
="2025-09-30 오전 10:04:16",="247",="1.112918",="12.41102",="-0.003521413",="10132062",="10132680",="24.03714",="24.0501",="0",PacketEnd
="2025-09-30 오전 10:04:16",="250",="1.112894",="12.41102",="-0.003478141",="10132062",="10132680",="24.03716",="24.05015",="0",PacketEnd
="2025-09-30 오전 10:04:16",="253",="1.11287",="12.3967",="-0.003404147",="10132063",="10132680",="24.03719",="24.05017",="0",PacketEnd
="2025-09-30 오전 10:04:16",="6",="1.114117",="12.40386",="0.00198714",="10132064",="10132681",="24.03724",="24.05028",="0",PacketEnd
="2025-09-30 오전 10:04:16",="9",="1.115415",="12.40386",="0.01379246",="10132065",="10132682",="24.03729",="24.0503",="0",PacketEnd
="2025-09-30 오전 10:04:16",="12",="1.116715",="12.40386",="0.03093001",="10132066",="10132683",="24.03732",="24.05034",="0",PacketEnd
="2025-09-30 오전 10:04:16",="15",="1.118016",="12.38953",="0.05238753",="10132067",="10132683",="24.03736",="24.05035",="0",PacketEnd
="2025-09-30 오전 10:04:16",="18",="1.117997",="12.40386",="0.06701418",="10132067",="10132684",="24.03739",="24.05039",="0",PacketEnd
="2025-09-30 오전 10:04:16",="21",="1.117978",="12.41102",="0.07129943",="10132067",="10132685",="24.03744",="24.05041",="0",PacketEnd
="2025-09-30 오전 10:04:16",="23",="1.117966",="12.04004",="0.06939801",="10132107",="10132685",="24.03747",="24.05042",="0",PacketEnd
="2025-09-30 오전 10:04:16",="26",="1.140402",="12.77022",="0.1386256",="10132186",="10132844",="24.03749",="24.05048",="0",PacketEnd
="2025-09-30 오전 10:04:16",="29",="1.184851",="12.04744",="0.4039825",="10132345",="10132924",="24.03752",="24.0505",="0",PacketEnd
="2025-09-30 오전 10:04:16",="32",="1.256598",="12.77022",="0.9801176",="10132425",="10133083",="24.03754",="24.05056",="0",PacketEnd
="2025-09-30 오전 10:04:16",="35",="1.35036",="12.41102",="1.944769",="10132544",="10133162",="24.03757",="24.05058",="0",PacketEnd
="2025-09-30 오전 10:04:16",="38",="1.449406",="12.77022",="3.215031",="10132663",="10133321",="24.03762",="24.05062",="0",PacketEnd
="2025-09-30 오전 10:04:16",="41",="1.548454",="12.05483",="4.596218",="10132821",="10133401",="24.03769",="24.05064",="0",PacketEnd
="2025-09-30 오전 10:04:16",="44",="1.647501",="12.78408",="5.919928",="10132900",="10133559",="24.03772",="24.0507",="0",PacketEnd
="2025-09-30 오전 10:04:16",="47",="1.746547",="12.05483",="7.06001",="10133059",="10133639",="24.03779",="24.05074",="0",PacketEnd
="2025-09-30 오전 10:04:16",="56",="2.043672",="12.79792",="9.331467",="10133376",="10134037",="24.03792",="24.0509",="0",PacketEnd
="2025-09-30 오전 10:04:16",="59",="2.14359",="12.06959",="9.822096",="10133534",="10134116",="24.03796",="24.05094",="0",PacketEnd
="2025-09-30 오전 10:04:17",="62",="2.243067",="12.80484",="10.22223",="10133613",="10134275",="24.03797",="24.051",="0",PacketEnd
="2025-09-30 오전 10:04:17",="65",="2.342545",="12.45387",="10.55001",="10133732",="10134355",="24.038",="24.05103",="0",PacketEnd
="2025-09-30 오전 10:04:17",="68",="2.442464",="12.81175",="10.81941",="10133852",="10134515",="24.03806",="24.05108",="0",PacketEnd
="2025-09-30 오전 10:04:17",="71",="2.541506",="12.0917",="11.03547",="10134012",="10134595",="24.03812",="24.05111",="0",PacketEnd
="2025-09-30 오전 10:04:17",="74",="2.636146",="12.44674",="11.20042",="10134053",="10134675",="24.03816",="24.05116",="0",PacketEnd
="2025-09-30 오전 10:04:17",="77",="2.708772",="12.44674",="11.21731",="10134053",="10134675",="24.03822",="24.05118",="0",PacketEnd
="2025-09-30 오전 10:04:17",="80",="2.75366",="12.44674",="10.96701",="10134053",="10134675",="24.03825",="24.05122",="0",PacketEnd
="2025-09-30 오전 10:04:17",="83",="2.776533",="12.44674",="10.36773",="10134053",="10134675",="24.03832",="24.05124",="0",PacketEnd
="2025-09-30 오전 10:04:17",="86",="2.77651",="12.44674",="9.352845",="10134053",="10134675",="24.03834",="24.05129",="0",PacketEnd
="2025-09-30 오전 10:04:17",="89",="2.776487",="12.44674",="8.076359",="10134053",="10134675",="24.03837",="24.05132",="0",PacketEnd
="2025-09-30 오전 10:04:17",="92",="2.776463",="12.44674",="6.735584",="10134053",="10134675",="24.03839",="24.05136",="0",PacketEnd
="2025-09-30 오전 10:04:17",="95",="2.77644",="12.45387",="5.479107",="10134052",="10134675",="24.03842",="24.05137",="0",PacketEnd
="2025-09-30 오전 10:04:17",="98",="2.776421",="12.44674",="4.431492",="10134053",="10134675",="24.03848",="24.0514",="0",PacketEnd
="2025-09-30 오전 10:04:17",="101",="2.776404",="12.44674",="3.584117",="10134053",="10134675",="24.03856",="24.05141",="0",PacketEnd
="2025-09-30 오전 10:04:17",="110",="2.776355",="12.45387",="1.89596",="10134053",="10134676",="24.03871",="24.0515",="0",PacketEnd
="2025-09-30 오전 10:04:17",="113",="2.776337",="12.45387",="1.533249",="10134053",="10134676",="24.03878",="24.05151",="0",PacketEnd
="2025-09-30 오전 10:04:17",="116",="2.776319",="12.45387",="1.239842",="10134053",="10134676",="24.0388",="24.05156",="0",PacketEnd
="2025-09-30 오전 10:04:17",="119",="2.776298",="12.45387",="1.002486",="10134053",="10134676",="24.03884",="24.05158",="0",PacketEnd
="2025-09-30 오전 10:04:17",="122",="2.776274",="12.45387",="0.8104563",="10134053",="10134676",="24.03886",="24.05164",="0",PacketEnd
="2025-09-30 오전 10:04:17",="125",="2.776249",="12.45387",="0.6550834",="10134053",="10134676",="24.0389",="24.05166",="0",PacketEnd
="2025-09-30 오전 10:04:17",="128",="2.776222",="12.45387",="0.5293545",="10134053",="10134676",="24.03895",="24.05171",="0",PacketEnd
="2025-09-30 오전 10:04:17",="131",="2.776196",="12.45387",="0.4276169",="10134053",="10134676",="24.03902",="24.05173",="0",PacketEnd
="2025-09-30 오전 10:04:17",="134",="2.77617",="12.45387",="0.3453017",="10134053",="10134676",="24.03905",="24.05179",="0",PacketEnd
="2025-09-30 오전 10:04:17",="137",="2.776142",="12.45387",="0.2787025",="10134053",="10134676",="24.03912",="24.05182",="0",PacketEnd
="2025-09-30 오전 10:04:17",="140",="2.776114",="12.45387",="0.2248227",="10134053",="10134676",="24.03916",="24.05187",="0",PacketEnd
="2025-09-30 오전 10:04:17",="143",="2.776085",="12.45387",="0.1812245",="10134053",="10134676",="24.03922",="24.0519",="0",PacketEnd
="2025-09-30 오전 10:04:17",="146",="2.776057",="12.45387",="0.1459502",="10134053",="10134676",="24.03924",="24.05196",="0",PacketEnd
="2025-09-30 오전 10:04:17",="149",="2.776027",="12.45387",="0.117404",="10134053",="10134676",="24.03926",="24.05199",="0",PacketEnd
="2025-09-30 오전 10:04:17",="152",="2.775995",="12.45387",="0.09429184",="10134053",="10134676",="24.03927",="24.05205",="0",PacketEnd
="2025-09-30 오전 10:04:18",="161",="2.775904",="12.45387",="0.04816454",="10134053",="10134676",="24.03942",="24.05215",="0",PacketEnd
="2025-09-30 오전 10:04:18",="164",="2.775875",="12.45387",="0.0382686",="10134053",="10134676",="24.03946",="24.05222",="0",PacketEnd
="2025-09-30 오전 10:04:18",="167",="2.775845",="12.45387",="0.03027457",="10134053",="10134676",="24.03952",="24.05225",="0",PacketEnd
="2025-09-30 오전 10:04:18",="170",="2.775816",="12.45387",="0.02381841",="10134053",="10134676",="24.03956",="24.0523",="0",PacketEnd
="2025-09-30 오전 10:04:18",="173",="2.775786",="12.45387",="0.01859509",="10134053",="10134676",="24.03962",="24.05233",="0",PacketEnd
="2025-09-30 오전 10:04:18",="176",="2.775757",="12.45387",="0.01436113",="10134053",="10134676",="24.03964",="24.05239",="0",PacketEnd
="2025-09-30 오전 10:04:18",="179",="2.775725",="12.45387",="0.01093077",="10134053",="10134676",="24.03968",="24.05243",="0",PacketEnd
="2025-09-30 오전 10:04:18",="182",="2.775692",="12.45387",="0.008137456",="10134053",="10134676",="24.0397",="24.05249",="0",PacketEnd
="2025-09-30 오전 10:04:18",="185",="2.775658",="12.45387",="0.005855768",="10134053",="10134676",="24.03974",="24.05252",="0",PacketEnd
="2025-09-30 오전 10:04:18",="188",="2.775625",="12.44674",="0.003985943",="10134054",="10134676",="24.03979",="24.05258",="0",PacketEnd
="2025-09-30 오전 10:04:18",="191",="2.775594",="12.44674",="0.002467526",="10134054",="10134676",="24.03985",="24.0526",="0",PacketEnd
="2025-09-30 오전 10:04:18",="194",="2.775563",="12.44674",="0.001254842",="10134054",="10134676",="24.03989",="24.05267",="0",PacketEnd
="2025-09-30 오전 10:04:18",="197",="2.775531",="12.46099",="0.0002839048",="10134054",="10134677",="24.03996",="24.0527",="0",PacketEnd
="2025-09-30 오전 10:04:18",="200",="2.7755",="12.46099",="-0.0004882352",="10134054",="10134677",="24.03999",="24.05275",="0",PacketEnd
="2025-09-30 오전 10:04:18",="203",="2.77547",="12.45387",="-0.001107506",="10134055",="10134677",="24.04006",="24.05278",="0",PacketEnd
="2025-09-30 오전 10:04:18",="206",="2.775441",="12.45387",="-0.001601372",="10134055",="10134677",="24.04007",="24.05283",="0",PacketEnd
="2025-09-30 오전 10:04:18",="215",="2.775352",="12.43246",="-0.002516796",="10134058",="10134678",="24.04015",="24.05295",="0",PacketEnd
="2025-09-30 오전 10:04:18",="218",="2.775322",="12.43246",="-0.002716664",="10134058",="10134678",="24.04019",="24.053",="0",PacketEnd
="2025-09-30 오전 10:04:18",="221",="2.775294",="12.41817",="-0.002882181",="10134059",="10134678",="24.04024",="24.05302",="0",PacketEnd
="2025-09-30 오전 10:04:18",="224",="2.775263",="12.41102",="-0.003011248",="10134060",="10134678",="24.04027",="24.05311",="0",PacketEnd
="2025-09-30 오전 10:04:18",="227",="2.775229",="12.41102",="-0.003131853",="10134060",="10134678",="24.04033",="24.05315",="0",PacketEnd
="2025-09-30 오전 10:04:18",="230",="2.775192",="12.41102",="-0.003262537",="10134060",="10134678",="24.04035",="24.05322",="0",PacketEnd
="2025-09-30 오전 10:04:18",="233",="2.775153",="12.41102",="-0.003420215",="10134060",="10134678",="24.04041",="24.05325",="0",PacketEnd
="2025-09-30 오전 10:04:18",="236",="2.775115",="12.41102",="-0.003601952",="10134060",="10134678",="24.04042",="24.05334",="0",PacketEnd
="2025-09-30 오전 10:04:18",="239",="2.775074",="12.41102",="-0.003787753",="10134060",="10134678",="24.04044",="24.05339",="0",PacketEnd
="2025-09-30 오전 10:04:18",="242",="2.775029",="12.41102",="-0.003985432",="10134060",="10134678",="24.04045",="24.05348",="0",PacketEnd
="2025-09-30 오전 10:04:18",="245",="2.774981",="12.41102",="-0.004195031",="10134060",="10134678",="24.04048",="24.05352",="0",PacketEnd
="2025-09-30 오전 10:04:18",="248",="2.774933",="12.41102",="-0.004419864",="10134060",="10134678",="24.04053",="24.05361",="0",PacketEnd
="2025-09-30 오전 10:04:18",="251",="2.774887",="12.41102",="-0.004642127",="10134060",="10134678",="24.04058",="24.05365",="0",PacketEnd
="2025-09-30 오전 10:04:18",="254",="2.774841",="12.41102",="-0.004828101",="10134060",="10134678",="24.04061",="24.05375",="0",PacketEnd
="2025-09-30 오전 10:04:18",="1",="2.774795",="12.41102",="-0.004978338",="10134060",="10134678",="24.04067",="24.05379",="0",PacketEnd
="2025-09-30 오전 10:04:19",="10",="2.774655",="12.41817",="-0.005257806",="10134060",="10134679",="24.04077",="24.054",="0",PacketEnd
="2025-09-30 오전 10:04:19",="13",="2.77461",="12.41817",="-0.005314079",="10134060",="10134679",="24.04081",="24.05405",="0",PacketEnd
="2025-09-30 오전 10:04:19",="16",="2.774563",="12.41817",="-0.005358326",="10134060",="10134679",="24.04082",="24.05413",="0",PacketEnd
="2025-09-30 오전 10:04:19",="19",="2.77452",="12.41102",="-0.005384132",="10134061",="10134679",="24.04086",="24.05416",="0",PacketEnd
="2025-09-30 오전 10:04:19",="22",="2.77448",="12.41102",="-0.005376106",="10134061",="10134679",="24.0409",="24.05422",="0",PacketEnd
="2025-09-30 오전 10:04:19",="25",="2.774443",="12.41102",="-0.005323308",="10134061",="10134679",="24.04096",="24.05425",="0",PacketEnd
="2025-09-30 오전 10:04:19",="28",="2.774407",="12.41817",="-0.005217173",="10134061",="10134680",="24.04099",="24.05435",="0",PacketEnd
="2025-09-30 오전 10:04:19",="31",="2.774369",="12.41817",="-0.005091345",="10134061",="10134680",="24.04105",="24.05438",="0",PacketEnd
="2025-09-30 오전 10:04:19",="34",="2.774331",="12.41817",="-0.004969385",="10134061",="10134680",="24.04109",="24.05443",="0",PacketEnd
="2025-09-30 오전 10:04:19",="37",="2.774295",="12.41817",="-0.004868612",="10134061",="10134680",="24.04116",="24.05447",="0",PacketEnd
="2025-09-30 오전 10:04:19",="40",="2.774262",="12.41817",="-0.004780818",="10134061",="10134680",="24.04117",="24.05453",="0",PacketEnd
="2025-09-30 오전 10:04:19",="43",="2.774229",="12.41817",="-0.004678725",="10134061",="10134680",="24.0412",="24.05457",="0",PacketEnd
="2025-09-30 오전 10:04:19",="46",="2.774195",="12.41102",="-0.004574792",="10134062",="10134680",="24.04121",="24.05463",="0",PacketEnd
="2025-09-30 오전 10:04:19",="49",="2.775041",="12.41102",="-0.001829951",="10134063",="10134681",="24.04125",="24.05466",="0",PacketEnd
="2025-09-30 오전 10:04:19",="52",="2.776327",="12.41817",="0.007959284",="10134063",="10134682",="24.04128",="24.05473",="0",PacketEnd
="2025-09-30 오전 10:04:19",="61",="2.779301",="12.41817",="0.06204337",="10134066",="10134684",="24.04142",="24.05489",="0",PacketEnd
="2025-09-30 오전 10:04:19",="64",="2.77926",="12.42532",="0.0694187",="10134066",="10134685",="24.04145",="24.05497",="0",PacketEnd
="2025-09-30 오전 10:04:19",="67",="2.779217",="12.42532",="0.06776559",="10134066",="10134685",="24.0415",="24.05501",="0",PacketEnd
="2025-09-30 오전 10:04:19",="70",="2.779174",="12.42532",="0.05880781",="10134066",="10134685",="24.04152",="24.05509",="0",PacketEnd
="2025-09-30 오전 10:04:19",="73",="2.779131",="12.42532",="0.04660296",="10134066",="10134685",="24.04155",="24.05513",="0",PacketEnd
="2025-09-30 오전 10:04:19",="76",="2.779087",="12.42532",="0.03671157",="10134066",="10134685",="24.04156",="24.05521",="0",PacketEnd
="2025-09-30 오전 10:04:19",="79",="2.779047",="12.42532",="0.02871516",="10134066",="10134685",="24.04159",="24.05524",="0",PacketEnd
="2025-09-30 오전 10:04:19",="82",="2.779009",="12.42532",="0.02227165",="10134066",="10134685",="24.04163",="24.05529",="0",PacketEnd
="2025-09-30 오전 10:04:19",="85",="2.778975",="12.42532",="0.017105",="10134066",="10134685",="24.0417",="24.05532",="0",PacketEnd
="2025-09-30 오전 10:04:19",="88",="2.778943",="12.42532",="0.01299104",="10134066",="10134685",="24.04174",="24.05539",="0",PacketEnd
="2025-09-30 오전 10:04:19",="91",="2.778912",="12.41102",="0.009719436",="10134067",="10134685",="24.04181",="24.05542",="0",PacketEnd
="2025-09-30 오전 10:04:19",="94",="2.778881",="12.41102",="0.007115754",="10134067",="10134685",="24.04184",="24.05547",="0",PacketEnd
="2025-09-30 오전 10:04:19",="97",="2.778851",="12.41102",="0.005034032",="10134067",="10134685",="24.04192",="24.05549",="0",PacketEnd
="2025-09-30 오전 10:04:19",="100",="2.778822",="12.41102",="0.003367944",="10134067",="10134685",="24.04195",="24.05555",="0",PacketEnd
="2025-09-30 오전 10:04:19",="103",="2.778793",="12.41102",="0.002041964",="10134067",="10134685",="24.04199",="24.05559",="0",PacketEnd
="2025-09-30 오전 10:04:20",="106",="2.778762",="12.41817",="0.0009682817",="10134067",="10134686",="24.04202",="24.05565",="0",PacketEnd
="2025-09-30 오전 10:04:20",="115",="2.778671",="12.41817",="-0.001207302",="10134067",="10134686",="24.0422",="24.05575",="0",PacketEnd
="2025-09-30 오전 10:04:20",="118",="2.778645",="12.41817",="-0.001654663",="10134067",="10134686",="24.04224",="24.05581",="0",PacketEnd
="2025-09-30 오전 10:04:20",="121",="2.778618",="12.41817",="-0.001989911",="10134067",="10134686",="24.04233",="24.05582",="0",PacketEnd
="2025-09-30 오전 10:04:20",="124",="2.778591",="12.41817",="-0.0022372",="10134068",="10134687",="24.04237",="24.05587",="0",PacketEnd
="2025-09-30 오전 10:04:20",="127",="2.778566",="12.41817",="-0.002417605",="10134068",="10134687",="24.04245",="24.05589",="0",PacketEnd
="2025-09-30 오전 10:04:20",="130",="2.779864",="12.43246",="0.002622517",="10134068",="10134688",="24.04249",="24.05593",="0",PacketEnd
="2025-09-30 오전 10:04:20",="133",="2.781162",="12.4396",="0.01429507",="10134068",="10134689",="24.04253",="24.05596",="0",PacketEnd
="2025-09-30 오전 10:04:20",="136",="2.782458",="12.44674",="0.03132413",="10134068",="10134690",="24.04255",="24.05601",="0",PacketEnd
="2025-09-30 오전 10:04:20",="139",="2.783753",="12.44674",="0.05267474",="10134068",="10134690",="24.0426",="24.05604",="0",PacketEnd
="2025-09-30 오전 10:04:20",="142",="2.783726",="12.45387",="0.06716422",="10134068",="10134691",="24.04265",="24.05609",="0",PacketEnd
="2025-09-30 오전 10:04:20",="145",="2.783697",="12.45387",="0.07128327",="10134068",="10134691",="24.04274",="24.05613",="0",PacketEnd
="2025-09-30 오전 10:04:20",="148",="2.783665",="12.45387",="0.06700084",="10134068",="10134691",="24.04278",="24.05621",="0",PacketEnd
="2025-09-30 오전 10:04:20",="151",="2.783629",="12.44674",="0.05591023",="10134069",="10134691",="24.04288",="24.05625",="0",PacketEnd
="2025-09-30 오전 10:04:20",="154",="2.78359",="12.44674",="0.0444685",="10134069",="10134691",="24.04292",="24.05631",="0",PacketEnd
="2025-09-30 오전 10:04:20",="157",="2.783553",="12.43246",="0.0351554",="10134070",="10134691",="24.04302",="24.05634",="0",PacketEnd
="2025-09-30 오전 10:04:20",="166",="2.783452",="12.43246",="0.01658021",="10134070",="10134691",="24.04313",="24.0565",="0",PacketEnd
="2025-09-30 오전 10:04:20",="169",="2.783418",="12.43246",="0.0126333",="10134070",="10134691",="24.04319",="24.05653",="0",PacketEnd
="2025-09-30 오전 10:04:20",="172",="2.783384",="12.43246",="0.009448974",="10134070",="10134691",="24.04324",="24.0566",="0",PacketEnd
="2025-09-30 오전 10:04:20",="175",="2.783349",="12.43246",="0.006867046",="10134070",="10134691",="24.04332",="24.05664",="0",PacketEnd
="2025-09-30 오전 10:04:20",="178",="2.78331",="12.44674",="0.004754526",="10134070",="10134692",="24.04336",="24.05673",="0",PacketEnd
="2025-09-30 오전 10:04:20",="181",="2.783269",="12.44674",="0.003003547",="10134070",="10134692",="24.04345",="24.05678",="0",PacketEnd
="2025-09-30 오전 10:04:20",="184",="2.783224",="12.44674",="0.001530501",="10134070",="10134692",="24.04349",="24.05685",="0",PacketEnd
="2025-09-30 오전 10:04:20",="187",="2.78318",="12.44674",="0.0002846396",="10134070",="10134692",="24.04357",="24.05688",="0",PacketEnd
="2025-09-30 오전 10:04:20",="190",="2.78314",="12.45387",="-0.0007443848",="10134070",="10134693",="24.0436",="24.05695",="0",PacketEnd
="2025-09-30 오전 10:04:20",="193",="2.783102",="12.45387",="-0.001563617",="10134070",="10134693",="24.04364",="24.057",="0",PacketEnd
="2025-09-30 오전 10:04:20",="196",="2.783066",="12.45387",="-0.00218714",="10134070",="10134693",="24.04366",="24.05705",="0",PacketEnd
="2025-09-30 오전 10:04:20",="197",="2.783054",="12.45387",="-0.002357354",="10134070",="10134693",="24.04368",="24.05705",="0",PacketEnd
="2025-09-30 오전 10:04:20",="200",="2.816485",="13.49659",="0.1125512",="10134189",="10134931",="24.04372",="24.05711",="0",PacketEnd
="2025-09-30 오전 10:04:20",="203",="2.88338",="12.45387",="0.5286764",="10134428",="10135051",="24.0438",="24.05715",="0",PacketEnd
="2025-09-30 오전 10:04:21",="206",="2.991666",="13.49659",="1.4114",="10134547",="10135289",="24.04384",="24.05723",="0",PacketEnd
="2025-09-30 오전 10:04:21",="209",="3.132532",="12.45387",="2.873467",="10134785",="10135408",="24.04392",="24.05727",="0",PacketEnd
="2025-09-30 오전 10:04:21",="212",="3.281762",="13.50312",="4.796572",="10134904",="10135647",="24.04396",="24.05733",="0",PacketEnd
="2025-09-30 오전 10:04:21",="221",="3.726818",="12.46099",="10.58617",="10135499",="10136123",="24.04413",="24.05747",="0",PacketEnd
="2025-09-30 오전 10:04:21",="224",="3.874731",="13.50312",="11.96509",="10135618",="10136361",="24.04415",="24.05754",="0",PacketEnd
="2025-09-30 오전 10:04:21",="227",="4.023524",="12.46099",="13.07822",="10135856",="10136480",="24.0442",="24.05756",="0",PacketEnd
="2025-09-30 오전 10:04:21",="230",="4.17232",="13.50312",="13.98441",="10135975",="10136718",="24.04424",="24.05762",="0",PacketEnd
="2025-09-30 오전 10:04:21",="233",="4.321116",="12.46099",="14.71671",="10136213",="10136837",="24.04433",="24.05766",="0",PacketEnd
="2025-09-30 오전 10:04:21",="236",="4.469912",="13.49659",="15.31576",="10136332",="10137074",="24.04438",="24.05773",="0",PacketEnd
="2025-09-30 오전 10:04:21",="239",="4.617825",="12.45387",="15.79846",="10136571",="10137194",="24.04448",="24.05777",="0",PacketEnd
="2025-09-30 오전 10:04:21",="242",="4.766176",="13.50964",="16.18314",="10136691",="10137434",="24.04452",="24.05784",="0",PacketEnd
="2025-09-30 오전 10:04:21",="245",="4.915408",="12.45387",="16.49763",="10136931",="10137554",="24.04462",="24.05787",="0",PacketEnd
="2025-09-30 오전 10:04:21",="248",="5.056715",="12.46099",="16.73668",="10137051",="10137674",="24.04466",="24.05793",="0",PacketEnd
="2025-09-30 오전 10:04:21",="251",="5.165438",="12.46811",="16.76436",="10137050",="10137674",="24.04471",="24.05798",="0",PacketEnd
="2025-09-30 오전 10:04:21",="254",="5.232332",="12.46811",="16.39791",="10137050",="10137674",="24.04474",="24.05804",="0",PacketEnd
="2025-09-30 오전 10:04:21",="1",="5.26576",="12.46811",="15.49892",="10137050",="10137674",="24.04479",="24.05808",="0",PacketEnd
="2025-09-30 오전 10:04:21",="4",="5.265723",="12.46811",="13.97788",="10137050",="10137674",="24.04484",="24.05815",="0",PacketEnd
="2025-09-30 오전 10:04:21",="13",="5.2656",="12.46099",="8.178964",="10137051",="10137674",="24.04507",="24.05833",="0",PacketEnd
="2025-09-30 오전 10:04:21",="16",="5.265555",="12.46099",="6.614964",="10137051",="10137674",="24.04512",="24.0584",="0",PacketEnd
="2025-09-30 오전 10:04:21",="19",="5.265513",="12.46099",="5.349827",="10137051",="10137674",="24.0452",="24.05843",="0",PacketEnd
="2025-09-30 오전 10:04:21",="22",="5.265474",="12.46099",="4.326462",="10137051",="10137674",="24.04525",="24.0585",="0",PacketEnd
="2025-09-30 오전 10:04:21",="25",="5.265438",="12.46099",="3.498704",="10137051",="10137674",="24.0453",="24.05854",="0",PacketEnd
="2025-09-30 오전 10:04:21",="28",="5.265403",="12.46099",="2.82919",="10137051",="10137674",="24.04532",="24.0586",="0",PacketEnd
="2025-09-30 오전 10:04:21",="31",="5.265369",="12.46099",="2.287675",="10137051",="10137674",="24.04536",="24.05862",="0",PacketEnd
="2025-09-30 오전 10:04:21",="34",="5.265337",="12.46099",="1.849692",="10137051",="10137674",="24.0454",="24.05868",="0",PacketEnd
="2025-09-30 오전 10:04:21",="37",="5.265305",="12.46099",="1.495436",="10137051",="10137674",="24.04548",="24.05872",="0",PacketEnd
="2025-09-30 오전 10:04:21",="40",="5.265269",="12.46099",="1.208883",="10137051",="10137674",="24.04552",="24.05882",="0",PacketEnd
="2025-09-30 오전 10:04:21",="43",="5.265228",="12.44674",="0.9770632",="10137052",="10137674",="24.0456",="24.05886",="0",PacketEnd
="2025-09-30 오전 10:04:21",="46",="5.265185",="12.44674",="0.7894881",="10137052",="10137674",="24.04564",="24.05893",="0",PacketEnd
="2025-09-30 오전 10:04:22",="49",="5.265143",="12.44674",="0.6376998",="10137052",="10137674",="24.04571",="24.05896",="0",PacketEnd
="2025-09-30 오전 10:04:22",="52",="5.265106",="12.44674",="0.5148955",="10137052",="10137674",="24.04575",="24.05902",="0",PacketEnd
="2025-09-30 오전 10:04:22",="55",="5.26507",="12.44674",="0.4155779",="10137052",="10137674",="24.04579",="24.05906",="0",PacketEnd
="2025-09-30 오전 10:04:22",="58",="5.265034",="12.44674",="0.3352786",="10137052",="10137674",="24.0458",="24.05913",="0",PacketEnd
="2025-09-30 오전 10:04:22",="67",="5.264932",="12.44674",="0.1754519",="10137052",="10137674",="24.04592",="24.05926",="0",PacketEnd
="2025-09-30 오전 10:04:22",="70",="5.264895",="12.45387",="0.14113",="10137052",="10137675",="24.04595",="24.05935",="0",PacketEnd
="2025-09-30 오전 10:04:22",="73",="5.264854",="12.45387",="0.1133429",="10137052",="10137675",="24.04601",="24.05939",="0",PacketEnd
="2025-09-30 오전 10:04:22",="76",="5.264812",="12.45387",="0.0908158",="10137052",="10137675",="24.04604",="24.05947",="0",PacketEnd
="2025-09-30 오전 10:04:22",="79",="5.264769",="12.44674",="0.07254276",="10137053",="10137675",="24.04611",="24.05951",="0",PacketEnd
="2025-09-30 오전 10:04:22",="82",="5.264725",="12.44674",="0.05771461",="10137053",="10137675",="24.04614",="24.05959",="0",PacketEnd
="2025-09-30 오전 10:04:22",="85",="5.264681",="12.44674",="0.04569789",="10137053",="10137675",="24.04617",="24.05964",="0",PacketEnd
="2025-09-30 오전 10:04:22",="88",="5.264639",="12.44674",="0.03597698",="10137053",="10137675",="24.04618",="24.05971",="0",PacketEnd
="2025-09-30 오전 10:04:22",="91",="5.264597",="12.44674",="0.02811751",="10137053",="10137675",="24.04621",="24.05975",="0",PacketEnd
="2025-09-30 오전 10:04:22",="94",="5.264556",="12.44674",="0.0217711",="10137053",="10137675",="24.04625",="24.05982",="0",PacketEnd
="2025-09-30 오전 10:04:22",="97",="5.264516",="12.44674",="0.01665588",="10137053",="10137675",="24.0463",="24.05986",="0",PacketEnd
="2025-09-30 오전 10:04:22",="100",="5.264475",="12.44674",="0.01253059",="10137053",="10137675",="24.04634",="24.05995",="0",PacketEnd
="2025-09-30 오전 10:04:22",="103",="5.264431",="12.44674",="0.009187874",="10137053",="10137675",="24.0464",="24.06",="0",PacketEnd
="2025-09-30 오전 10:04:22",="106",="5.264387",="12.44674",="0.006467634",="10137053",="10137675",="24.04642",="24.06007",="0",PacketEnd
="2025-09-30 오전 10:04:22",="109",="5.264344",="12.4396",="0.004248179",="10137054",="10137675",="24.04648",="24.06011",="0",PacketEnd
="2025-09-30 오전 10:04:22",="112",="5.264304",="12.4396",="0.002449619",="10137054",="10137675",="24.04651",="24.06018",="0",PacketEnd
="2025-09-30 오전 10:04:22",="121",="5.264189",="12.4396",="-0.000984331",="10137054",="10137675",="24.04659",="24.06032",="0",PacketEnd
="2025-09-30 오전 10:04:22",="124",="5.264154",="12.4396",="-0.001664204",="10137054",="10137675",="24.04663",="24.06038",="0",PacketEnd
="2025-09-30 오전 10:04:22",="127",="5.264119",="12.4396",="-0.002186878",="10137054",="10137675",="24.0467",="24.06042",="0",PacketEnd
="2025-09-30 오전 10:04:22",="130",="5.264082",="12.4396",="-0.002599898",="10137054",="10137675",="24.04674",="24.0605",="0",PacketEnd
="2025-09-30 오전 10:04:22",="133",="5.264045",="12.4396",="-0.0029278",="10137054",="10137675",="24.04681",="24.06054",="0",PacketEnd
="2025-09-30 오전 10:04:22",="136",="5.264006",="12.4396",="-0.003209699",="10137054",="10137675",="24.04684",="24.0606",="0",PacketEnd
="2025-09-30 오전 10:04:22",="139",="5.263969",="12.4396",="-0.003454847",="10137054",="10137675",="24.04692",="24.06063",="0",PacketEnd
="2025-09-30 오전 10:04:22",="142",="5.263936",="12.4396",="-0.003644491",="10137054",="10137675",="24.04696",="24.06068",="0",PacketEnd
="2025-09-30 오전 10:04:22",="145",="5.263905",="12.4396",="-0.003767501",="10137054",="10137675",="24.047",="24.06071",="0",PacketEnd
="2025-09-30 오전 10:04:23",="148",="5.263874",="12.4396",="-0.003819619",="10137054",="10137675",="24.04702",="24.06077",="0",PacketEnd
="2025-09-30 오전 10:04:23",="151",="5.263844",="12.4396",="-0.003818227",="10137054",="10137675",="24.04706",="24.0608",="0",PacketEnd
="2025-09-30 오전 10:04:23",="154",="5.263813",="12.44674",="-0.003795555",="10137054",="10137676",="24.04709",="24.06086",="0",PacketEnd
="2025-09-30 오전 10:04:23",="157",="5.263781",="12.44674",="-0.003777473",="10137054",="10137676",="24.04716",="24.0609",="0",PacketEnd
="2025-09-30 오전 10:04:23",="160",="5.263747",="12.44674",="-0.003776578",="10137054",="10137676",="24.0472",="24.06097",="0",PacketEnd
="2025-09-30 오전 10:04:23",="163",="5.263711",="12.44674",="-0.003800782",="10137054",="10137676",="24.04727",="24.06101",="0",PacketEnd
="2025-09-30 오전 10:04:23",="172",="5.263608",="12.44674",="-0.003969576",="10137054",="10137676",="24.0474",="24.06115",="0",PacketEnd
="2025-09-30 오전 10:04:23",="175",="5.263578",="12.44674",="-0.003988477",="10137054",="10137676",="24.04743",="24.06117",="0",PacketEnd
="2025-09-30 오전 10:04:23",="178",="5.26355",="12.44674",="-0.003955472",="10137054",="10137676",="24.04744",="24.06123",="0",PacketEnd
="2025-09-30 오전 10:04:23",="181",="5.263521",="12.44674",="-0.003893555",="10137054",="10137676",="24.04747",="24.06126",="0",PacketEnd
="2025-09-30 오전 10:04:23",="184",="5.263491",="12.44674",="-0.003823615",="10137054",="10137676",="24.04749",="24.06132",="0",PacketEnd
="2025-09-30 오전 10:04:23",="187",="5.263461",="12.44674",="-0.003763784",="10137054",="10137676",="24.04753",="24.06135",="0",PacketEnd
="2025-09-30 오전 10:04:23",="190",="5.26343",="12.44674",="-0.003729184",="10137054",="10137676",="24.04756",="24.06141",="0",PacketEnd
="2025-09-30 오전 10:04:23",="193",="5.263399",="12.44674",="-0.003714608",="10137054",="10137676",="24.04761",="24.06144",="0",PacketEnd
="2025-09-30 오전 10:04:23",="196",="5.263367",="12.44674",="-0.003714663",="10137054",="10137676",="24.04764",="24.06149",="0",PacketEnd
="2025-09-30 오전 10:04:23",="199",="5.263339",="12.44674",="-0.003708006",="10137054",="10137676",="24.0477",="24.06151",="0",PacketEnd
="2025-09-30 오전 10:04:23",="202",="5.263314",="12.44674",="-0.00367854",="10137054",="10137676",="24.04772",="24.06154",="0",PacketEnd
="2025-09-30 오전 10:04:23",="205",="5.263293",="12.44674",="-0.003602444",="10137054",="10137676",="24.04776",="24.06156",="0",PacketEnd
="2025-09-30 오전 10:04:23",="208",="5.263272",="12.44674",="-0.003475345",="10137054",="10137676",="24.04777",="24.06161",="0",PacketEnd
="2025-09-30 오전 10:04:23",="211",="5.263251",="12.44674",="-0.003326448",="10137054",="10137676",="24.04779",="24.06163",="0",PacketEnd
="2025-09-30 오전 10:04:23",="214",="5.263226",="12.44674",="-0.003189337",="10137054",="10137676",="24.04782",="24.06169",="0",PacketEnd
="2025-09-30 오전 10:04:23",="217",="5.263199",="12.4396",="-0.003103672",="10137055",="10137676",="24.04788",="24.06172",="0",PacketEnd
="2025-09-30 오전 10:04:23",="226",="5.263092",="12.4396",="-0.003306543",="10137055",="10137676",="24.04801",="24.06191",="0",PacketEnd
="2025-09-30 오전 10:04:23",="229",="5.263054",="12.4396",="-0.003486442",="10137055",="10137676",="24.04806",="24.06194",="0",PacketEnd
="2025-09-30 오전 10:04:23",="232",="5.26302",="12.4396",="-0.00365878",="10137055",="10137676",="24.04809",="24.06199",="0",PacketEnd
="2025-09-30 오전 10:04:23",="235",="5.262987",="12.4396",="-0.003790252",="10137055",="10137676",="24.04813",="24.06202",="0",PacketEnd
="2025-09-30 오전 10:04:23",="238",="5.262955",="12.4396",="-0.003860869",="10137055",="10137676",="24.04815",="24.0621",="0",PacketEnd
="2025-09-30 오전 10:04:23",="241",="5.262922",="12.4396",="-0.003887262",="10137055",="10137676",="24.04819",="24.06213",="0",PacketEnd
="2025-09-30 오전 10:04:23",="244",="5.262886",="12.4396",="-0.003905421",="10137055",="10137676",="24.04821",="24.0622",="0",PacketEnd
="2025-09-30 오전 10:04:23",="247",="5.262846",="12.4396",="-0.003951796",="10137055",="10137676",="24.04829",="24.06226",="0",PacketEnd
="2025-09-30 오전 10:04:24",="250",="5.262802",="12.4396",="-0.004053292",="10137055",="10137676",="24.04833",="24.06235",="0",PacketEnd
="2025-09-30 오전 10:04:24",="253",="5.262756",="12.45387",="-0.004207575",="10137055",="10137677",="24.04842",="24.0624",="0",PacketEnd
="2025-09-30 오전 10:04:24",="0",="5.262705",="12.45387",="-0.004416206",="10137055",="10137677",="24.04846",="24.06249",="0",PacketEnd
="2025-09-30 오전 10:04:24",="3",="5.262659",="12.45387",="-0.004638809",="10137055",="10137677",="24.04855",="24.06252",="0",PacketEnd
="2025-09-30 오전 10:04:24",="6",="5.262615",="12.46099",="-0.004829353",="10137055",="10137678",="24.04859",="24.0626",="0",PacketEnd
="2025-09-30 오전 10:04:24",="9",="5.262574",="12.46099",="-0.004963769",="10137055",="10137678",="24.04864",="24.06263",="0",PacketEnd
="2025-09-30 오전 10:04:24",="12",="5.262536",="12.46099",="-0.005007348",="10137055",="10137678",="24.04866",="24.0627",="0",PacketEnd
="2025-09-30 오전 10:04:24",="21",="5.262421",="12.46099",="-0.004857688",="10137055",="10137678",="24.04883",="24.06286",="0",PacketEnd
="2025-09-30 오전 10:04:24",="24",="5.262379",="12.46099",="-0.004820957",="10137055",="10137678",="24.04887",="24.06295",="0",PacketEnd
="2025-09-30 오전 10:04:24",="27",="5.262335",="12.44674",="-0.004822423",="10137056",="10137678",="24.04895",="24.06299",="0",PacketEnd
="2025-09-30 오전 10:04:24",="30",="5.262289",="12.44674",="-0.004871122",="10137056",="10137678",="24.04899",="24.06307",="0",PacketEnd
="2025-09-30 오전 10:04:24",="33",="5.262246",="12.44674",="-0.004941047",="10137056",="10137678",="24.04908",="24.0631",="0",PacketEnd
="2025-09-30 오전 10:04:24",="36",="5.262206",="12.44674",="-0.004997028",="10137056",="10137678",="24.04912",="24.06317",="0",PacketEnd
="2025-09-30 오전 10:04:24",="39",="5.26217",="12.4396",="-0.00500717",="10137057",="10137678",="24.04917",="24.0632",="0",PacketEnd
="2025-09-30 오전 10:04:24",="42",="5.262138",="12.43246",="-0.004942933",="10137058",="10137678",="24.04919",="24.06325",="0",PacketEnd
="2025-09-30 오전 10:04:24",="45",="5.262107",="12.41102",="-0.004814554",="10137060",="10137678",="24.04923",="24.06327",="0",PacketEnd
="2025-09-30 오전 10:04:24",="48",="5.262079",="12.40386",="-0.004641712",="10137061",="10137678",="24.04926",="24.06333",="0",PacketEnd
="2025-09-30 오전 10:04:24",="51",="5.26205",="12.38236",="-0.004453922",="10137063",="10137678",="24.04935",="24.06336",="0",PacketEnd
="2025-09-30 오전 10:04:24",="54",="5.26202",="12.37519",="-0.004280603",="10137064",="10137678",="24.04939",="24.06342",="0",PacketEnd
="2025-09-30 오전 10:04:24",="57",="5.26199",="12.36082",="-0.004136105",="10137066",="10137678",="24.04948",="24.06345",="0",PacketEnd
="2025-09-30 오전 10:04:24",="60",="5.261958",="12.36082",="-0.004033086",="10137066",="10137678",="24.04953",="24.0635",="0",PacketEnd
="2025-09-30 오전 10:04:24",="63",="5.261929",="12.36082",="-0.00395757",="10137066",="10137678",="24.04961",="24.06352",="0",PacketEnd
="2025-09-30 오전 10:04:24",="66",="5.261904",="12.36082",="-0.003877873",="10137066",="10137678",="24.04966",="24.06356",="0",PacketEnd
="2025-09-30 오전 10:04:24",="75",="5.261846",="12.36082",="-0.003422399",="10137066",="10137678",="24.04979",="24.06362",="0",PacketEnd
="2025-09-30 오전 10:04:24",="78",="5.261827",="12.36082",="-0.00321788",="10137066",="10137678",="24.04983",="24.06367",="0",PacketEnd
="2025-09-30 오전 10:04:24",="81",="5.261807",="12.36082",="-0.003028419",="10137066",="10137678",="24.0499",="24.06369",="0",PacketEnd
="2025-09-30 오전 10:04:24",="84",="5.261784",="12.36082",="-0.002894883",="10137066",="10137678",="24.04994",="24.06375",="0",PacketEnd
="2025-09-30 오전 10:04:24",="87",="5.261758",="12.36082",="-0.002828065",="10137066",="10137678",="24.05001",="24.06377",="0",PacketEnd
="2025-09-30 오전 10:04:24",="90",="5.261731",="12.36082",="-0.002825239",="10137066",="10137678",="24.05005",="24.06382",="0",PacketEnd
="2025-09-30 오전 10:04:25",="93",="5.261706",="12.36082",="-0.002860711",="10137066",="10137678",="24.05013",="24.06384",="0",PacketEnd
="2025-09-30 오전 10:04:25",="96",="5.261682",="12.36082",="-0.002899954",="10137066",="10137678",="24.05017",="24.06388",="0",PacketEnd
="2025-09-30 오전 10:04:25",="99",="5.262542",="12.36801",="-0.0002688851",="10137066",="10137679",="24.05021",="24.06389",="0",PacketEnd
="2025-09-30 오전 10:04:25",="102",="5.263845",="12.37519",="0.009482368",="10137066",="10137680",="24.05022",="24.06392",="0",PacketEnd
="2025-09-30 오전 10:04:25",="105",="5.265147",="12.37519",="0.02498158",="10137066",="10137680",="24.05024",="24.06394",="0",PacketEnd
="2025-09-30 오전 10:04:25",="108",="5.266448",="12.38953",="0.04512227",="10137066",="10137681",="24.05027",="24.06399",="0",PacketEnd
="2025-09-30 오전 10:04:25",="111",="5.266866",="12.3967",="0.06370318",="10137066",="10137682",="24.05033",="24.06403",="0",PacketEnd
="2025-09-30 오전 10:04:25",="114",="5.266838",="12.40386",="0.07110997",="10137066",="10137683",="24.05035",="24.06409",="0",PacketEnd
="2025-09-30 오전 10:04:25",="117",="5.266807",="12.40386",="0.0694674",="10137066",="10137683",="24.05041",="24.06412",="0",PacketEnd
="2025-09-30 오전 10:04:25",="126",="5.266711",="12.40386",="0.03829335",="10137066",="10137683",="24.05052",="24.06426",="0",PacketEnd
="2025-09-30 오전 10:04:25",="129",="5.266684",="12.40386",="0.03025677",="10137066",="10137683",="24.05055",="24.06428",="0",PacketEnd
="2025-09-30 오전 10:04:25",="132",="5.266659",="12.3967",="0.0237973",="10137066",="10137682",="24.05057",="24.06432",="0",PacketEnd
="2025-09-30 오전 10:04:25",="135",="5.266635",="12.38953",="0.01862331",="10137066",="10137681",="24.0506",="24.06434",="0",PacketEnd
="2025-09-30 오전 10:04:25",="138",="5.266613",="12.37519",="0.01448451",="10137066",="10137680",="24.05063",="24.0644",="0",PacketEnd
="2025-09-30 오전 10:04:25",="141",="5.266586",="12.37519",="0.01115775",="10137066",="10137680",="24.0507",="24.06443",="0",PacketEnd
="2025-09-30 오전 10:04:25",="144",="5.266555",="12.36801",="0.008440669",="10137066",="10137679",="24.05073",="24.0645",="0",PacketEnd
="2025-09-30 오전 10:04:25",="147",="5.265642",="12.36082",="0.003553983",="10137066",="10137678",="24.05081",="24.06453",="0",PacketEnd
="2025-09-30 오전 10:04:25",="150",="5.264286",="12.36082",="-0.00803738",="10137066",="10137678",="24.05084",="24.0646",="0",PacketEnd
="2025-09-30 오전 10:04:25",="153",="5.26293",="12.36082",="-0.02504223",="10137066",="10137678",="24.05091",="24.06463",="0",PacketEnd
="2025-09-30 오전 10:04:25",="156",="5.261576",="12.36082",="-0.04639314",="10137066",="10137678",="24.05095",="24.06469",="0",PacketEnd
="2025-09-30 오전 10:04:25",="159",="5.261104",="12.36082",="-0.06595247",="10137066",="10137678",="24.05099",="24.0647",="0",PacketEnd
="2025-09-30 오전 10:04:25",="162",="5.261078",="12.36082",="-0.0741606",="10137066",="10137678",="24.05101",="24.06475",="0",PacketEnd
="2025-09-30 오전 10:04:25",="165",="5.261053",="12.36082",="-0.07317097",="10137066",="10137678",="24.05105",="24.06478",="0",PacketEnd
="2025-09-30 오전 10:04:25",="168",="5.261466",="12.36801",="-0.06385413",="10137066",="10137679",="24.05108",="24.06485",="0",PacketEnd
="2025-09-30 오전 10:04:25",="171",="5.262755",="12.36801",="-0.04458598",="10137066",="10137679",="24.05116",="24.06489",="0",PacketEnd
="2025-09-30 오전 10:04:25",="180",="5.266156",="12.36082",="0.03155722",="10137067",="10137680",="24.05132",="24.0651",="0",PacketEnd
="2025-09-30 오전 10:04:25",="183",="5.266113",="12.36082",="0.04719971",="10137067",="10137680",="24.05141",="24.06513",="0",PacketEnd
="2025-09-30 오전 10:04:25",="186",="5.266072",="12.36082",="0.05224894",="10137067",="10137680",="24.05145",="24.0652",="0",PacketEnd
="2025-09-30 오전 10:04:25",="189",="5.266033",="12.37519",="0.04876379",="10137067",="10137681",="24.0515",="24.06523",="0",PacketEnd
="2025-09-30 오전 10:04:25",="192",="5.265999",="12.38236",="0.03931199",="10137067",="10137682",="24.05152",="24.06529",="0",PacketEnd
="2025-09-30 오전 10:04:26",="195",="5.265965",="12.38236",="0.03093423",="10137067",="10137682",="24.05157",="24.06533",="0",PacketEnd
="2025-09-30 오전 10:04:26",="198",="5.265931",="12.38953",="0.02420203",="10137067",="10137683",="24.05159",="24.06541",="0",PacketEnd
="2025-09-30 오전 10:04:26",="201",="5.265893",="12.40386",="0.01877209",="10137067",="10137684",="24.05167",="24.06545",="0",PacketEnd
="2025-09-30 오전 10:04:26",="204",="5.26629",="12.41102",="0.0152467",="10137067",="10137685",="24.0517",="24.06554",="0",PacketEnd
="2025-09-30 오전 10:04:26",="207",="5.267566",="12.41102",="0.01912857",="10137067",="10137685",="24.05177",="24.06559",="0",PacketEnd
="2025-09-30 오전 10:04:26",="210",="5.268839",="12.41102",="0.02976904",="10137067",="10137685",="24.05181",="24.06568",="0",PacketEnd
="2025-09-30 오전 10:04:26",="213",="5.270114",="12.40386",="0.04589014",="10137068",="10137685",="24.05188",="24.06571",="0",PacketEnd
="2025-09-30 오전 10:04:26",="216",="5.270954",="12.40386",="0.06469487",="10137068",="10137685",="24.05191",="24.06577",="0",PacketEnd
="2025-09-30 오전 10:04:26",="219",="5.270916",="12.40386",="0.07392588",="10137068",="10137685",="24.05195",="24.06579",="0",PacketEnd
="2025-09-30 오전 10:04:26",="222",="5.270886",="12.40386",="0.07390303",="10137068",="10137685",="24.05196",="24.06584",="0",PacketEnd
="2025-09-30 오전 10:04:26",="231",="5.270794",="12.41102",="0.04280007",="10137068",="10137686",="24.05206",="24.066",="0",PacketEnd
="2025-09-30 오전 10:04:26",="234",="5.270753",="12.41102",="0.03388063",="10137068",="10137686",="24.05209",="24.06609",="0",PacketEnd
="2025-09-30 오전 10:04:26",="237",="5.270709",="12.40386",="0.02657867",="10137069",="10137686",="24.05214",="24.06613",="0",PacketEnd
="2025-09-30 오전 10:04:26",="240",="5.27066",="12.40386",="0.02056275",="10137069",="10137686",="24.05217",="24.06622",="0",PacketEnd
="2025-09-30 오전 10:04:26",="243",="5.270614",="12.40386",="0.01561892",="10137069",="10137686",="24.05222",="24.06626",="0",PacketEnd
="2025-09-30 오전 10:04:26",="246",="5.270571",="12.38953",="0.01159052",="10137070",="10137686",="24.05225",="24.06633",="0",PacketEnd
="2025-09-30 오전 10:04:26",="249",="5.27053",="12.38953",="0.008340747",="10137070",="10137686",="24.05228",="24.06636",="0",PacketEnd
="2025-09-30 오전 10:04:26",="252",="5.270495",="12.38953",="0.005774832",="10137070",="10137686",="24.0523",="24.06642",="0",PacketEnd
="2025-09-30 오전 10:04:26",="255",="5.27046",="12.38953",="0.003769125",="10137070",="10137686",="24.05232",="24.06646",="0",PacketEnd
="2025-09-30 오전 10:04:26",="2",="5.270424",="12.38953",="0.002199187",="10137070",="10137686",="24.05235",="24.06654",="0",PacketEnd
="2025-09-30 오전 10:04:26",="5",="5.270386",="12.38953",="0.0009533009",="10137070",="10137686",="24.05241",="24.06659",="0",PacketEnd
="2025-09-30 오전 10:04:26",="8",="5.270341",="12.38953",="-9.0019E-05",="10137070",="10137686",="24.05245",="24.06668",="0",PacketEnd
="2025-09-30 오전 10:04:26",="11",="5.270296",="12.38953",="-0.0009977409",="10137070",="10137686",="24.05252",="24.06672",="0",PacketEnd
="2025-09-30 오전 10:04:26",="14",="5.270248",="12.38953",="-0.001798579",="10137070",="10137686",="24.05255",="24.06681",="0",PacketEnd
="2025-09-30 오전 10:04:26",="17",="5.270202",="12.38953",="-0.002497799",="10137070",="10137686",="24.05262",="24.06684",="0",PacketEnd
="2025-09-30 오전 10:04:26",="20",="5.270159",="12.3967",="-0.003068279",="10137070",="10137687",="24.05265",="24.06692",="0",PacketEnd
="2025-09-30 오전 10:04:26",="27",="5.270075",="13.47699",="-0.003854912",="10136949",="10137689",="24.05273",="24.06699",="0",PacketEnd
="2025-09-30 오전 10:04:26",="30",="5.203555",="12.4396",="-0.233705",="10136588",="10137209",="24.05277",="24.06706",="0",PacketEnd
="2025-09-30 오전 10:04:26",="33",="5.070985",="14.45215",="-1.059051",="10136107",="10136968",="24.05283",="24.06711",="0",PacketEnd
="2025-09-30 오전 10:04:27",="36",="4.854749",="12.45387",="-2.813078",="10135866",="10136488",="24.05287",="24.06719",="0",PacketEnd
="2025-09-30 오전 10:04:27",="39",="4.57158",="14.46427",="-5.734001",="10135384",="10136247",="24.05295",="24.06723",="0",PacketEnd
="2025-09-30 오전 10:04:27",="42",="4.271236",="12.45387",="-9.587104",="10135143",="10135766",="24.05299",="24.06732",="0",PacketEnd
="2025-09-30 오전 10:04:27",="45",="3.970891",="14.48243",="-13.78774",="10134661",="10135526",="24.05307",="24.06736",="0",PacketEnd
="2025-09-30 오전 10:04:27",="48",="3.67099",="12.45387",="-17.81837",="10134421",="10135044",="24.05311",="24.06742",="0",PacketEnd
="2025-09-30 오전 10:04:27",="51",="3.371093",="14.47638",="-21.2958",="10133939",="10134803",="24.05318",="24.06745",="0",PacketEnd
="2025-09-30 오전 10:04:27",="54",="3.071201",="12.46099",="-24.10772",="10133698",="10134321",="24.05321",="24.0675",="0",PacketEnd
="2025-09-30 오전 10:04:27",="57",="2.770431",="14.47638",="-26.38067",="10133216",="10134080",="24.05326",="24.06753",="0",PacketEnd
="2025-09-30 오전 10:04:27",="60",="2.46922",="12.45387",="-28.22675",="10132975",="10133598",="24.05329",="24.0676",="0",PacketEnd
="2025-09-30 오전 10:04:27",="63",="2.168005",="14.47638",="-29.72757",="10132493",="10133357",="24.05336",="24.06765",="0",PacketEnd
="2025-09-30 오전 10:04:27",="66",="1.866783",="12.45387",="-30.94917",="10132252",="10132875",="24.0534",="24.06774",="0",PacketEnd
="2025-09-30 오전 10:04:27",="69",="1.565559",="14.47032",="-31.94232",="10131772",="10132635",="24.05348",="24.06778",="0",PacketEnd
="2025-09-30 오전 10:04:27",="78",="1.312237",="12.45387",="-29.74475",="10131052",="10131675",="24.05363",="24.06799",="0",PacketEnd
="2025-09-30 오전 10:04:27",="81",="1.439449",="12.44674",="-25.59404",="10131053",="10131675",="24.05369",="24.06801",="0",PacketEnd
="2025-09-30 오전 10:04:27",="84",="1.572611",="12.44674",="-19.93694",="10131053",="10131675",="24.05371",="24.06805",="0",PacketEnd
="2025-09-30 오전 10:04:27",="87",="1.639288",="12.44674",="-14.1011",="10131053",="10131675",="24.05374",="24.06809",="0",PacketEnd
="2025-09-30 오전 10:04:27",="90",="1.639259",="12.44674",="-9.390381",="10131053",="10131675",="24.05379",="24.06815",="0",PacketEnd
="2025-09-30 오전 10:04:27",="93",="1.639228",="12.44674",="-6.188253",="10131053",="10131675",="24.05387",="24.06819",="0",PacketEnd
="2025-09-30 오전 10:04:27",="96",="1.639194",="12.45387",="-4.412537",="10131053",="10131676",="24.05391",="24.06826",="0",PacketEnd
="2025-09-30 오전 10:04:27",="99",="1.639157",="12.44674",="-3.478604",="10131054",="10131676",="24.05401",="24.0683",="0",PacketEnd
="2025-09-30 오전 10:04:27",="102",="1.639118",="12.44674",="-2.814613",="10131054",="10131676",="24.05405",="24.06838",="0",PacketEnd
="2025-09-30 오전 10:04:27",="105",="1.639079",="12.4396",="-2.277566",="10131055",="10131676",="24.05415",="24.06841",="0",PacketEnd
="2025-09-30 오전 10:04:27",="108",="1.639043",="12.4396",="-1.843174",="10131055",="10131676",="24.05418",="24.06846",="0",PacketEnd
="2025-09-30 오전 10:04:27",="111",="1.639011",="12.4396",="-1.491779",="10131055",="10131676",="24.05426",="24.06848",="0",PacketEnd
="2025-09-30 오전 10:04:27",="114",="1.638986",="12.4396",="-1.207475",="10131055",="10131676",="24.05429",="24.06851",="0",PacketEnd
="2025-09-30 오전 10:04:27",="117",="1.638964",="12.44674",="-0.9774092",="10131054",="10131676",="24.05433",="24.06853",="0",PacketEnd
="2025-09-30 오전 10:04:27",="120",="1.638941",="12.4396",="-0.7912243",="10131055",="10131676",="24.05438",="24.06861",="0",PacketEnd
="2025-09-30 오전 10:04:27",="123",="1.638914",="12.4396",="-0.6405759",="10131055",="10131676",="24.05447",="24.06864",="0",PacketEnd
="2025-09-30 오전 10:04:27",="132",="1.6377",="12.45387",="-0.3469234",="10131055",="10131677",="24.05467",="24.06883",="0",PacketEnd
="2025-09-30 오전 10:04:27",="135",="1.637",="12.45387",="-0.2903749",="10131055",="10131677",="24.05477",="24.06886",="0",PacketEnd
="2025-09-30 오전 10:04:28",="138",="1.636304",="12.45387",="-0.2484457",="10131055",="10131677",="24.05481",="24.06892",="0",PacketEnd
="2025-09-30 오전 10:04:28",="141",="1.636051",="12.45387",="-0.2156536",="10131055",="10131677",="24.0549",="24.06894",="0",PacketEnd
="2025-09-30 오전 10:04:28",="144",="1.636023",="12.45387",="-0.1852797",="10131055",="10131677",="24.05492",="24.06898",="0",PacketEnd
="2025-09-30 오전 10:04:28",="147",="1.635996",="12.45387",="-0.1568547",="10131055",="10131677",="24.05496",="24.06901",="0",PacketEnd
="2025-09-30 오전 10:04:28",="150",="1.635967",="12.46099",="-0.1300201",="10131055",="10131678",="24.05502",="24.0691",="0",PacketEnd
="2025-09-30 오전 10:04:28",="153",="1.635933",="12.46099",="-0.1058414",="10131055",="10131678",="24.0551",="24.06914",="0",PacketEnd
="2025-09-30 오전 10:04:28",="156",="1.635894",="12.46099",="-0.08632903",="10131055",="10131678",="24.05515",="24.06922",="0",PacketEnd
="2025-09-30 오전 10:04:28",="159",="1.63585",="12.46099",="-0.07063384",="10131055",="10131678",="24.05525",="24.06927",="0",PacketEnd
="2025-09-30 오전 10:04:28",="162",="1.635805",="12.46099",="-0.05804072",="10131055",="10131678",="24.0553",="24.06935",="0",PacketEnd
="2025-09-30 오전 10:04:28",="165",="1.63576",="12.46099",="-0.04792315",="10131055",="10131678",="24.0554",="24.0694",="0",PacketEnd
="2025-09-30 오전 10:04:28",="168",="1.635717",="12.46099",="-0.03977569",="10131055",="10131678",="24.05544",="24.06945",="0",PacketEnd
="2025-09-30 오전 10:04:28",="171",="1.635681",="12.46099",="-0.03316359",="10131055",="10131678",="24.05552",="24.06947",="0",PacketEnd
="2025-09-30 오전 10:04:28",="174",="1.63565",="12.46099",="-0.02774243",="10131055",="10131678",="24.05555",="24.06951",="0",PacketEnd
="2025-09-30 오전 10:04:28",="183",="1.635557",="12.43246",="-0.01650753",="10131058",="10131678",="24.05574",="24.06969",="0",PacketEnd
="2025-09-30 오전 10:04:28",="186",="1.635512",="12.41817",="-0.01410968",="10131059",="10131678",="24.05579",="24.06979",="0",PacketEnd
="2025-09-30 오전 10:04:28",="189",="1.635463",="12.41102",="-0.01228741",="10131060",="10131678",="24.05588",="24.06983",="0",PacketEnd
="2025-09-30 오전 10:04:28",="192",="1.635414",="12.41102",="-0.01094514",="10131060",="10131678",="24.05593",="24.06992",="0",PacketEnd
="2025-09-30 오전 10:04:28",="195",="1.635365",="12.41102",="-0.009937036",="10131060",="10131678",="24.05602",="24.06997",="0",PacketEnd
="2025-09-30 오전 10:04:28",="198",="1.63532",="12.41102",="-0.009145939",="10131060",="10131678",="24.05606",="24.07003",="0",PacketEnd
="2025-09-30 오전 10:04:28",="201",="1.63528",="12.41102",="-0.008466497",="10131060",="10131678",="24.05614",="24.07005",="0",PacketEnd
="2025-09-30 오전 10:04:28",="204",="1.635246",="12.41102",="-0.007836435",="10131060",="10131678",="24.05617",="24.0701",="0",PacketEnd
="2025-09-30 오전 10:04:28",="207",="1.635214",="12.40386",="-0.0072334",="10131061",="10131678",="24.0562",="24.07014",="0",PacketEnd
="2025-09-30 오전 10:04:28",="210",="1.635182",="12.41102",="-0.006656217",="10131060",="10131678",="24.05626",="24.07023",="0",PacketEnd
="2025-09-30 오전 10:04:28",="213",="1.635144",="12.41102",="-0.006164539",="10131060",="10131678",="24.05634",="24.07028",="0",PacketEnd
="2025-09-30 오전 10:04:28",="216",="1.6351",="12.41102",="-0.005802277",="10131060",="10131678",="24.05639",="24.07037",="0",PacketEnd
="2025-09-30 오전 10:04:28",="219",="1.635052",="12.41102",="-0.005591688",="10131060",="10131678",="24.05647",="24.07042",="0",PacketEnd
="2025-09-30 오전 10:04:28",="222",="1.635002",="12.41102",="-0.005532454",="10131060",="10131678",="24.05651",="24.07051",="0",PacketEnd
="2025-09-30 오전 10:04:28",="225",="1.634953",="12.41102",="-0.005552696",="10131060",="10131678",="24.0566",="24.07056",="0",PacketEnd
="2025-09-30 오전 10:04:28",="228",="1.634908",="12.41102",="-0.005594852",="10131060",="10131678",="24.05663",="24.07061",="0",PacketEnd
="2025-09-30 오전 10:04:29",="237",="1.634812",="12.40386",="-0.005304811",="10131061",="10131678",="24.05674",="24.0707",="0",PacketEnd
="2025-09-30 오전 10:04:29",="240",="1.634787",="12.41102",="-0.005013163",="10131060",="10131678",="24.05679",="24.07077",="0",PacketEnd
="2025-09-30 오전 10:04:29",="243",="1.634758",="12.40386",="-0.004703342",="10131061",="10131678",="24.05686",="24.0708",="0",PacketEnd
="2025-09-30 오전 10:04:29",="246",="1.634725",="12.40386",="-0.0044427",="10131061",="10131678",="24.05691",="24.07087",="0",PacketEnd
="2025-09-30 오전 10:04:29",="249",="1.634689",="12.40386",="-0.00427963",="10131061",="10131678",="24.05699",="24.07091",="0",PacketEnd
="2025-09-30 오전 10:04:29",="252",="1.634652",="12.40386",="-0.004223085",="10131061",="10131678",="24.05703",="24.07097",="0",PacketEnd
="2025-09-30 오전 10:04:29",="255",="1.634615",="12.40386",="-0.004222832",="10131061",="10131678",="24.05712",="24.07101",="0",PacketEnd
="2025-09-30 오전 10:04:29",="2",="1.634583",="12.41102",="-0.00423142",="10131061",="10131679",="24.05715",="24.07104",="0",PacketEnd
="2025-09-30 오전 10:04:29",="5",="1.634556",="12.41102",="-0.004200936",="10131061",="10131679",="24.05722",="24.07105",="0",PacketEnd
="2025-09-30 오전 10:04:29",="8",="1.633875",="12.41817",="-0.006677708",="10131061",="10131680",="24.05724",="24.07108",="0",PacketEnd
="2025-09-30 오전 10:04:29",="11",="1.633197",="12.43246",="-0.01236749",="10131061",="10131681",="24.05728",="24.0711",="0",PacketEnd
="2025-09-30 오전 10:04:29",="14",="1.632517",="12.4396",="-0.02066611",="10131061",="10131682",="24.05733",="24.07117",="0",PacketEnd
="2025-09-30 오전 10:04:29",="17",="1.631833",="12.4396",="-0.03112869",="10131061",="10131682",="24.05739",="24.0712",="0",PacketEnd
="2025-09-30 오전 10:04:29",="20",="1.631143",="12.44674",="-0.04082024",="10131061",="10131683",="24.05743",="24.07126",="0",PacketEnd
="2025-09-30 오전 10:04:29",="23",="1.63045",="12.44674",="-0.04873534",="10131061",="10131683",="24.0575",="24.07129",="0",PacketEnd
="2025-09-30 오전 10:04:29",="32",="1.629029",="12.4396",="-0.06230243",="10131062",="10131683",="24.05764",="24.07144",="0",PacketEnd
="2025-09-30 오전 10:04:29",="35",="1.628999",="12.42532",="-0.05992706",="10131063",="10131683",="24.05769",="24.07146",="0",PacketEnd
="2025-09-30 오전 10:04:29",="38",="1.628973",="12.41817",="-0.05418138",="10131064",="10131683",="24.0577",="24.0715",="0",PacketEnd
="2025-09-30 오전 10:04:29",="41",="1.628948",="12.41102",="-0.04569613",="10131065",="10131683",="24.05772",="24.07153",="0",PacketEnd
="2025-09-30 오전 10:04:29",="44",="1.628921",="12.41102",="-0.03758478",="10131065",="10131683",="24.05775",="24.07162",="0",PacketEnd
="2025-09-30 오전 10:04:29",="47",="1.628886",="12.41817",="-0.03103605",="10131066",="10131684",="24.0578",="24.07166",="0",PacketEnd
="2025-09-30 오전 10:04:29",="50",="1.628844",="12.3967",="-0.02580971",="10131068",="10131684",="24.05783",="24.07175",="0",PacketEnd
="2025-09-30 오전 10:04:29",="53",="1.628798",="12.3967",="-0.02169751",="10131068",="10131684",="24.05788",="24.0718",="0",PacketEnd
="2025-09-30 오전 10:04:29",="56",="1.628751",="12.3967",="-0.01849721",="10131068",="10131684",="24.0579",="24.07188",="0",PacketEnd
="2025-09-30 오전 10:04:29",="59",="1.628705",="12.3967",="-0.01598495",="10131068",="10131684",="24.05796",="24.07193",="0",PacketEnd
="2025-09-30 오전 10:04:29",="62",="1.628662",="12.3967",="-0.01397915",="10131068",="10131684",="24.05798",="24.07199",="0",PacketEnd
="2025-09-30 오전 10:04:29",="65",="1.628623",="12.3967",="-0.01232774",="10131068",="10131684",="24.05802",="24.07201",="0",PacketEnd
="2025-09-30 오전 10:04:29",="68",="1.628591",="12.3967",="-0.01091554",="10131068",="10131684",="24.05803",="24.07206",="0",PacketEnd
="2025-09-30 오전 10:04:29",="71",="1.628561",="12.3967",="-0.009683447",="10131068",="10131684",="24.05805",="24.07209",="0",PacketEnd
="2025-09-30 오전 10:04:29",="74",="1.628529",="12.3967",="-0.008604408",="10131068",="10131684",="24.05809",="24.07219",="0",PacketEnd
="2025-09-30 오전 10:04:30",="83",="1.628398",="12.3967",="-0.006589712",="10131068",="10131684",="24.05822",="24.07238",="0",PacketEnd
="2025-09-30 오전 10:04:30",="86",="1.628347",="12.3967",="-0.006346274",="10131068",="10131684",="24.05824",="24.07247",="0",PacketEnd
="2025-09-30 오전 10:04:30",="89",="1.628297",="12.3967",="-0.00622819",="10131068",="10131684",="24.05829",="24.07252",="0",PacketEnd
="2025-09-30 오전 10:04:30",="92",="1.62825",="12.3967",="-0.00616506",="10131068",="10131684",="24.05832",="24.07258",="0",PacketEnd
="2025-09-30 오전 10:04:30",="95",="1.628209",="12.3967",="-0.006089716",="10131068",="10131684",="24.05836",="24.0726",="0",PacketEnd
="2025-09-30 오전 10:04:30",="98",="1.628176",="12.3967",="-0.005939519",="10131068",="10131684",="24.05837",="24.07264",="0",PacketEnd
="2025-09-30 오전 10:04:30",="101",="1.62815",="12.3967",="-0.005694299",="10131068",="10131684",="24.05839",="24.07267",="0",PacketEnd
="2025-09-30 오전 10:04:30",="104",="1.628123",="12.3967",="-0.005363969",="10131068",="10131684",="24.05841",="24.07275",="0",PacketEnd
="2025-09-30 오전 10:04:30",="107",="1.628092",="12.38953",="-0.005023134",="10131069",="10131684",="24.05845",="24.07279",="0",PacketEnd
="2025-09-30 오전 10:04:30",="110",="1.628055",="12.38953",="-0.004746191",="10131069",="10131684",="24.05848",="24.07287",="0",PacketEnd
="2025-09-30 오전 10:04:30",="113",="1.628015",="12.38953",="-0.004583553",="10131069",="10131684",="24.05853",="24.0729",="0",PacketEnd
="2025-09-30 오전 10:04:30",="116",="1.627971",="12.3967",="-0.004554321",="10131069",="10131685",="24.05857",="24.07299",="0",PacketEnd
="2025-09-30 오전 10:04:30",="119",="1.62793",="12.3967",="-0.004598082",="10131069",="10131685",="24.05862",="24.07302",="0",PacketEnd
="2025-09-30 오전 10:04:30",="122",="1.627891",="12.3967",="-0.00466188",="10131069",="10131685",="24.05865",="24.07307",="0",PacketEnd
="2025-09-30 오전 10:04:30",="125",="1.627858",="12.3967",="-0.004686846",="10131069",="10131685",="24.0587",="24.07309",="0",PacketEnd
="2025-09-30 오전 10:04:30",="128",="1.627831",="12.3967",="-0.004626268",="10131069",="10131685",="24.05872",="24.07312",="0",PacketEnd
="2025-09-30 오전 10:04:30",="137",="1.627544",="12.3967",="-0.006248101",="10131069",="10131685",="24.05886",="24.07323",="0",PacketEnd
="2025-09-30 오전 10:04:30",="140",="1.627515",="12.3967",="-0.006856371",="10131069",="10131685",="24.05889",="24.0733",="0",PacketEnd
="2025-09-30 오전 10:04:30",="143",="1.627483",="12.3967",="-0.00739712",="10131069",="10131685",="24.05897",="24.07333",="0",PacketEnd
="2025-09-30 오전 10:04:30",="146",="1.627669",="12.38236",="-0.005389131",="10131070",="10131685",="24.059",="24.07339",="0",PacketEnd
="2025-09-30 오전 10:04:30",="149",="1.627636",="12.37519",="-0.00381821",="10131071",="10131685",="24.05908",="24.07343",="0",PacketEnd
="2025-09-30 오전 10:04:30",="152",="1.627602",="12.36801",="-0.00258332",="10131072",="10131685",="24.05911",="24.07348",="0",PacketEnd
="2025-09-30 오전 10:04:30",="155",="1.627573",="12.34644",="-0.001583492",="10131074",="10131685",="24.05917",="24.07349",="0",PacketEnd
="2025-09-30 오전 10:04:30",="158",="1.627548",="12.33924",="-0.001993559",="10131075",="10131685",="24.0592",="24.07352",="0",PacketEnd
="2025-09-30 오전 10:04:30",="161",="1.627528",="12.33924",="-0.002256694",="10131075",="10131685",="24.05924",="24.07354",="0",PacketEnd
="2025-09-30 오전 10:04:30",="164",="1.627289",="12.33924",="-0.003642701",="10131075",="10131685",="24.05926",="24.0736",="0",PacketEnd
="2025-09-30 오전 10:04:30",="167",="1.627265",="12.33924",="-0.004715719",="10131075",="10131685",="24.05931",="24.07364",="0",PacketEnd
="2025-09-30 오전 10:04:30",="170",="1.627235",="12.33924",="-0.0055962",="10131075",="10131685",="24.05934",="24.0737",="0",PacketEnd
="2025-09-30 오전 10:04:30",="173",="1.627201",="12.33924",="-0.006373021",="10131075",="10131685",="24.0594",="24.07374",="0",PacketEnd
="2025-09-30 오전 10:04:30",="176",="1.627385",="12.33924",="-0.004580218",="10131075",="10131685",="24.05943",="24.0738",="0",PacketEnd
="2025-09-30 오전 10:04:30",="179",="1.627351",="12.33924",="-0.003196544",="10131075",="10131685",="24.05949",="24.07383",="0",PacketEnd
="2025-09-30 오전 10:04:31",="188",="1.627261",="12.33924",="-0.001714758",="10131075",="10131685",="24.05955",="24.07394",="0",PacketEnd
="2025-09-30 오전 10:04:31",="191",="1.628558",="12.41102",="0.001485912",="10131055",="10131673",="24.05959",="24.07398",="0",PacketEnd
="2025-09-30 오전 10:04:31",="194",="1.634474",="12.34644",="0.03016674",="10131037",="10131648",="24.05962",="24.07406",="0",PacketEnd
="2025-09-30 오전 10:04:31",="197",="1.643468",="12.46811",="0.09913232",="10131011",="10131635",="24.05967",="24.0741",="0",PacketEnd
="2025-09-30 오전 10:04:31",="200",="1.657299",="12.34644",="0.2259354",="10130999",="10131610",="24.0597",="24.07418",="0",PacketEnd
="2025-09-30 오전 10:04:31",="203",="1.672887",="12.45387",="0.4125226",="10130974",="10131597",="24.05976",="24.07422",="0",PacketEnd
="2025-09-30 오전 10:04:31",="206",="1.688258",="12.34644",="0.6256424",="10130961",="10131572",="24.0598",="24.0743",="0",PacketEnd
="2025-09-30 오전 10:04:31",="209",="1.704068",="12.47523",="0.8427014",="10130935",="10131560",="24.05985",="24.07433",="0",PacketEnd
="2025-09-30 오전 10:04:31",="212",="1.71944",="12.36801",="1.035937",="10130922",="10131535",="24.05988",="24.07439",="0",PacketEnd
="2025-09-30 오전 10:04:31",="215",="1.735257",="12.48234",="1.195103",="10130896",="10131522",="24.05994",="24.07441",="0",PacketEnd
="2025-09-30 오전 10:04:31",="218",="1.751079",="12.37519",="1.326464",="10130883",="10131497",="24.05997",="24.07445",="0",PacketEnd
="2025-09-30 오전 10:04:31",="221",="1.766465",="12.44674",="1.431457",="10130863",="10131485",="24.06001",="24.07449",="0",PacketEnd
="2025-09-30 오전 10:04:31",="224",="1.78229",="12.38236",="1.517814",="10130845",="10131460",="24.06006",="24.07456",="0",PacketEnd
="2025-09-30 오전 10:04:31",="227",="1.79811",="12.50365",="1.588097",="10130819",="10131447",="24.06013",="24.07459",="0",PacketEnd
="2025-09-30 오전 10:04:31",="230",="1.813266",="12.3967",="1.642347",="10130806",="10131423",="24.06017",="24.07466",="0",PacketEnd
="2025-09-30 오전 10:04:31",="233",="1.828859",="12.53201",="1.685859",="10130780",="10131411",="24.06023",="24.0747",="0",PacketEnd
="2025-09-30 오전 10:04:31",="239",="1.858726",="12.43246",="1.740236",="10130755",="10131375",="24.06033",="24.0748",="0",PacketEnd
="2025-09-30 오전 10:04:31",="242",="1.870362",="12.43246",="1.743057",="10130755",="10131375",="24.06035",="24.07484",="0",PacketEnd
="2025-09-30 오전 10:04:31",="245",="1.878479",="12.43246",="1.709629",="10130755",="10131375",="24.06039",="24.07485",="0",PacketEnd
="2025-09-30 오전 10:04:31",="248",="1.882199",="12.43246",="1.624302",="10130755",="10131375",="24.06041",="24.07489",="0",PacketEnd
="2025-09-30 오전 10:04:31",="251",="1.882839",="12.4396",="1.478565",="10130754",="10131375",="24.06044",="24.07493",="0",PacketEnd
="2025-09-30 오전 10:04:31",="254",="1.882812",="12.43246",="1.286982",="10130755",="10131375",="24.06048",="24.07501",="0",PacketEnd
="2025-09-30 오전 10:04:31",="1",="1.882779",="12.43246",="1.078923",="10130755",="10131375",="24.06054",="24.07505",="0",PacketEnd
="2025-09-30 오전 10:04:31",="4",="1.882739",="12.4396",="0.8810375",="10130755",="10131376",="24.06058",="24.07513",="0",PacketEnd
="2025-09-30 오전 10:04:31",="7",="1.882695",="12.4396",="0.7118788",="10130755",="10131376",="24.06066",="24.07517",="0",PacketEnd
="2025-09-30 오전 10:04:31",="10",="1.882653",="12.4396",="0.5749477",="10130755",="10131376",="24.06069",="24.07525",="0",PacketEnd
="2025-09-30 오전 10:04:31",="13",="1.882611",="12.4396",="0.4641224",="10130755",="10131376",="24.06076",="24.07529",="0",PacketEnd
="2025-09-30 오전 10:04:31",="16",="1.882573",="12.4396",="0.3744642",="10130755",="10131376",="24.06078",="24.07534",="0",PacketEnd
="2025-09-30 오전 10:04:31",="19",="1.882538",="12.4396",="0.3019861",="10130755",="10131376",="24.06084",="24.07536",="0",PacketEnd
="2025-09-30 오전 10:04:31",="22",="1.88251",="12.4396",="0.2434279",="10130755",="10131376",="24.06086",="24.07541",="0",PacketEnd
="2025-09-30 오전 10:04:32",="25",="1.882483",="12.4396",="0.1961453",="10130755",="10131376",="24.06094",="24.07545",="0",PacketEnd
="2025-09-30 오전 10:04:32",="28",="1.88245",="12.4396",="0.1579528",="10130755",="10131376",="24.06097",="24.07554",="0",PacketEnd
="2025-09-30 오전 10:04:32",="37",="1.882325",="12.45387",="0.08163542",="10130755",="10131377",="24.0612",="24.07571",="0",PacketEnd
="2025-09-30 오전 10:04:32",="40",="1.88228",="12.45387",="0.06507829",="10130755",="10131377",="24.06125",="24.07579",="0",PacketEnd
="2025-09-30 오전 10:04:32",="43",="1.882235",="12.45387",="0.05163344",="10130755",="10131377",="24.06133",="24.07583",="0",PacketEnd
="2025-09-30 오전 10:04:32",="46",="1.882195",="12.45387",="0.04075436",="10130755",="10131377",="24.06137",="24.07588",="0",PacketEnd
="2025-09-30 오전 10:04:32",="49",="1.88216",="12.45387",="0.0320027",="10130755",="10131377",="24.06144",="24.0759",="0",PacketEnd
="2025-09-30 오전 10:04:32",="52",="1.882132",="12.45387",="0.02500664",="10130755",="10131377",="24.06146",="24.07595",="0",PacketEnd
="2025-09-30 오전 10:04:32",="55",="1.882106",="12.4396",="0.01945603",="10130756",="10131377",="24.06153",="24.07599",="0",PacketEnd
="2025-09-30 오전 10:04:32",="58",="1.882074",="12.43246",="0.01503472",="10130757",="10131377",="24.06157",="24.07607",="0",PacketEnd
="2025-09-30 오전 10:04:32",="61",="1.882038",="12.42532",="0.01146588",="10130758",="10131377",="24.06164",="24.07611",="0",PacketEnd
="2025-09-30 오전 10:04:32",="64",="1.881996",="12.41102",="0.008523672",="10130759",="10131377",="24.06168",="24.07619",="0",PacketEnd
="2025-09-30 오전 10:04:32",="67",="1.881952",="12.40386",="0.006042115",="10130760",="10131377",="24.06178",="24.07623",="0",PacketEnd
="2025-09-30 오전 10:04:32",="70",="1.88191",="12.40386",="0.003963968",="10130760",="10131377",="24.06182",="24.07631",="0",PacketEnd
="2025-09-30 오전 10:04:32",="73",="1.881869",="12.40386",="0.002247698",="10130760",="10131377",="24.0619",="24.07634",="0",PacketEnd
="2025-09-30 오전 10:04:32",="76",="1.881835",="12.40386",="0.0008766262",="10130760",="10131377",="24.06193",="24.07638",="0",PacketEnd
="2025-09-30 오전 10:04:32",="79",="1.881804",="12.40386",="-0.000164857",="10130760",="10131377",="24.06199",="24.0764",="0",PacketEnd
="2025-09-30 오전 10:04:32",="88",="1.881719",="12.40386",="-0.00183301",="10130760",="10131377",="24.0621",="24.07658",="0",PacketEnd
="2025-09-30 오전 10:04:32",="91",="1.881681",="12.40386",="-0.002169079",="10130760",="10131377",="24.06217",="24.07663",="0",PacketEnd
="2025-09-30 오전 10:04:32",="94",="1.881637",="12.40386",="-0.002523468",="10130760",="10131377",="24.06221",="24.07671",="0",PacketEnd
="2025-09-30 오전 10:04:32",="97",="1.881591",="12.3967",="-0.002928423",="10130761",="10131377",="24.06229",="24.07676",="0",PacketEnd
="2025-09-30 오전 10:04:32",="100",="1.881546",="12.3967",="-0.003341432",="10130761",="10131377",="24.06233",="24.07684",="0",PacketEnd
="2025-09-30 오전 10:04:32",="103",="1.881503",="12.3967",="-0.003716936",="10130761",="10131377",="24.0624",="24.07687",="0",PacketEnd
="2025-09-30 오전 10:04:32",="106",="1.881466",="12.3967",="-0.004003047",="10130761",="10131377",="24.06243",="24.07691",="0",PacketEnd
="2025-09-30 오전 10:04:32",="109",="1.881434",="12.3967",="-0.00416379",="10130761",="10131377",="24.06249",="24.07693",="0",PacketEnd
="2025-09-30 오전 10:04:32",="112",="1.881408",="12.3967",="-0.004195203",="10130761",="10131377",="24.06251",="24.07698",="0",PacketEnd
="2025-09-30 오전 10:04:32",="115",="1.881381",="12.40386",="-0.004119689",="10130761",="10131378",="24.06257",="24.07703",="0",PacketEnd
="2025-09-30 오전 10:04:32",="118",="1.881346",="12.40386",="-0.004017862",="10130761",="10131378",="24.0626",="24.07713",="0",PacketEnd
="2025-09-30 오전 10:04:32",="121",="1.881306",="12.40386",="-0.00396599",="10130761",="10131378",="24.06267",="24.07717",="0",PacketEnd
="2025-09-30 오전 10:04:33",="124",="1.881257",="12.40386",="-0.004029306",="10130761",="10131378",="24.06272",="24.07727",="0",PacketEnd
="2025-09-30 오전 10:04:33",="127",="1.881206",="12.40386",="-0.004221792",="10130761",="10131378",="24.0628",="24.07732",="0",PacketEnd
="2025-09-30 오전 10:04:33",="130",="1.881155",="12.40386",="-0.004485181",="10130761",="10131378",="24.06283",="24.07742",="0",PacketEnd
="2025-09-30 오전 10:04:33",="133",="1.881106",="12.40386",="-0.004762716",="10130761",="10131378",="24.0629",="24.07745",="0",PacketEnd
="2025-09-30 오전 10:04:33",="142",="1.880992",="12.3967",="-0.005099181",="10130762",="10131378",="24.06301",="24.07759",="0",PacketEnd
="2025-09-30 오전 10:04:33",="145",="1.880961",="12.3967",="-0.004986186",="10130762",="10131378",="24.06308",="24.07763",="0",PacketEnd
="2025-09-30 오전 10:04:33",="148",="1.880928",="12.3967",="-0.004816849",="10130762",="10131378",="24.06311",="24.0777",="0",PacketEnd
="2025-09-30 오전 10:04:33",="151",="1.880892",="12.3967",="-0.004654232",="10130762",="10131378",="24.06319",="24.07774",="0",PacketEnd
="2025-09-30 오전 10:04:33",="154",="1.880852",="12.3967",="-0.004548266",="10130762",="10131378",="24.06323",="24.07782",="0",PacketEnd
="2025-09-30 오전 10:04:33",="157",="1.880812",="12.3967",="-0.004517922",="10130762",="10131378",="24.06331",="24.07786",="0",PacketEnd
="2025-09-30 오전 10:04:33",="160",="1.88077",="12.3967",="-0.004548037",="10130762",="10131378",="24.06335",="24.07794",="0",PacketEnd
="2025-09-30 오전 10:04:33",="163",="1.880289",="12.40386",="-0.005926563",="10130762",="10131379",="24.06343",="24.07797",="0",PacketEnd
="2025-09-30 오전 10:04:33",="166",="1.879595",="12.41102",="-0.0108122",="10130762",="10131380",="24.06346",="24.078",="0",PacketEnd
="2025-09-30 오전 10:04:33",="169",="1.878907",="12.41102",="-0.01849064",="10130762",="10131380",="24.06352",="24.07801",="0",PacketEnd
="2025-09-30 오전 10:04:33",="172",="1.877565",="12.42532",="-0.03096482",="10130762",="10131381",="24.06354",="24.07805",="0",PacketEnd
="2025-09-30 오전 10:04:33",="175",="1.876664",="12.43246",="-0.04586612",="10130762",="10131382",="24.0636",="24.07809",="0",PacketEnd
="2025-09-30 오전 10:04:33",="178",="1.875976",="12.4396",="-0.05785795",="10130762",="10131383",="24.06364",="24.07817",="0",PacketEnd
="2025-09-30 오전 10:04:33",="181",="1.875281",="12.4396",="-0.06756923",="10130762",="10131383",="24.0637",="24.07821",="0",PacketEnd
="2025-09-30 오전 10:04:33",="184",="1.87524",="12.4396",="-0.07034864",="10130762",="10131383",="24.06374",="24.0783",="0",PacketEnd
="2025-09-30 오전 10:04:33",="193",="1.875111",="12.4396",="-0.05043814",="10130762",="10131383",="24.06393",="24.07845",="0",PacketEnd
="2025-09-30 오전 10:04:33",="196",="1.875072",="12.42532",="-0.04177272",="10130763",="10131383",="24.06395",="24.07851",="0",PacketEnd
="2025-09-30 오전 10:04:33",="199",="1.875037",="12.41817",="-0.03472296",="10130764",="10131383",="24.064",="24.07854",="0",PacketEnd
="2025-09-30 오전 10:04:33",="202",="1.875005",="12.41817",="-0.028952",="10130764",="10131383",="24.06402",="24.0786",="0",PacketEnd
="2025-09-30 오전 10:04:33",="205",="1.874972",="12.41102",="-0.02422817",="10130765",="10131383",="24.06408",="24.07865",="0",PacketEnd
="2025-09-30 오전 10:04:33",="208",="1.874933",="12.40386",="-0.02039142",="10130766",="10131383",="24.06411",="24.07875",="0",PacketEnd
="2025-09-30 오전 10:04:33",="211",="1.874888",="12.38953",="-0.01732752",="10130767",="10131383",="24.06417",="24.0788",="0",PacketEnd
="2025-09-30 오전 10:04:33",="214",="1.874177",="12.40386",="-0.01752554",="10130767",="10131384",="24.06421",="24.0789",="0",PacketEnd
="2025-09-30 오전 10:04:33",="217",="1.873464",="12.40386",="-0.02158363",="10130767",="10131384",="24.06429",="24.07895",="0",PacketEnd
="2025-09-30 오전 10:04:33",="220",="1.87275",="12.41102",="-0.02874724",="10130767",="10131385",="24.06433",="24.07905",="0",PacketEnd
="2025-09-30 오전 10:04:33",="223",="1.872038",="12.41102",="-0.03838344",="10130767",="10131385",="24.06439",="24.07909",="0",PacketEnd
="2025-09-30 오전 10:04:34",="226",="1.871992",="12.41102",="-0.04479058",="10130767",="10131385",="24.06442",="24.07914",="0",PacketEnd
="2025-09-30 오전 10:04:34",="229",="1.871953",="12.41102",="-0.04612119",="10130767",="10131385",="24.06448",="24.07916",="0",PacketEnd
="2025-09-30 오전 10:04:34",="232",="1.871921",="12.41102",="-0.04329995",="10130767",="10131385",="24.0645",="24.07922",="0",PacketEnd
="2025-09-30 오전 10:04:34",="235",="1.871891",="12.41102",="-0.03710454",="10130767",="10131385",="24.06458",="24.07926",="0",PacketEnd
="2025-09-30 오전 10:04:34",="238",="1.871858",="12.40386",="-0.03079952",="10130768",="10131385",="24.06461",="24.07935",="0",PacketEnd
="2025-09-30 오전 10:04:34",="247",="1.871732",="12.40386",="-0.01833798",="10130768",="10131385",="24.06483",="24.07952",="0",PacketEnd
="2025-09-30 오전 10:04:34",="250",="1.871687",="12.40386",="-0.01579661",="10130768",="10131385",="24.06487",="24.07961",="0",PacketEnd
="2025-09-30 오전 10:04:34",="253",="1.871642",="12.40386",="-0.0137878",="10130768",="10131385",="24.06495",="24.07964",="0",PacketEnd
="2025-09-30 오전 10:04:34",="0",="1.871603",="12.40386",="-0.01215775",="10130768",="10131385",="24.06499",="24.07968",="0",PacketEnd
="2025-09-30 오전 10:04:34",="3",="1.871571",="12.40386",="-0.01078557",="10130768",="10131385",="24.06506",="24.0797",="0",PacketEnd
="2025-09-30 오전 10:04:34",="6",="1.871544",="12.40386",="-0.009575764",="10130768",="10131385",="24.06509",="24.07975",="0",PacketEnd
="2025-09-30 오전 10:04:34",="9",="1.87152",="12.40386",="-0.008482974",="10130768",="10131385",="24.06516",="24.07978",="0",PacketEnd
="2025-09-30 오전 10:04:34",="12",="1.871489",="12.40386",="-0.007526669",="10130768",="10131385",="24.06519",="24.07987",="0",PacketEnd
="2025-09-30 오전 10:04:34",="15",="1.871452",="12.40386",="-0.006755786",="10130768",="10131385",="24.06526",="24.07992",="0",PacketEnd
="2025-09-30 오전 10:04:34",="18",="1.871407",="12.40386",="-0.00621688",="10130768",="10131385",="24.0653",="24.08002",="0",PacketEnd
="2025-09-30 오전 10:04:34",="21",="1.871358",="12.40386",="-0.005909443",="10130768",="10131385",="24.06538",="24.08006",="0",PacketEnd
="2025-09-30 오전 10:04:34",="24",="1.871308",="12.40386",="-0.005785363",="10130768",="10131385",="24.06542",="24.08016",="0",PacketEnd
="2025-09-30 오전 10:04:34",="27",="1.871258",="12.40386",="-0.005770567",="10130768",="10131385",="24.06549",="24.0802",="0",PacketEnd
="2025-09-30 오전 10:04:34",="30",="1.871211",="12.40386",="-0.005789912",="10130768",="10131385",="24.06552",="24.08027",="0",PacketEnd
="2025-09-30 오전 10:04:34",="33",="1.871168",="12.40386",="-0.005787446",="10130768",="10131385",="24.06558",="24.08031",="0",PacketEnd
="2025-09-30 오전 10:04:34",="42",="1.871056",="12.41102",="-0.00543288",="10130768",="10131386",="24.0657",="24.08049",="0",PacketEnd
="2025-09-30 오전 10:04:34",="45",="1.871017",="12.38953",="-0.005266022",="10130770",="10131386",="24.06576",="24.08053",="0",PacketEnd
="2025-09-30 오전 10:04:34",="48",="1.870974",="12.38953",="-0.005144764",="10130770",="10131386",="24.0658",="24.08062",="0",PacketEnd
="2025-09-30 오전 10:04:34",="51",="1.870931",="12.38953",="-0.005082054",="10130770",="10131386",="24.06588",="24.08066",="0",PacketEnd
="2025-09-30 오전 10:04:34",="54",="1.870887",="12.38953",="-0.005069991",="10130770",="10131386",="24.06592",="24.08074",="0",PacketEnd
="2025-09-30 오전 10:04:34",="57",="1.870846",="12.38953",="-0.005080987",="10130770",="10131386",="24.06599",="24.08077",="0",PacketEnd
="2025-09-30 오전 10:04:34",="60",="1.87081",="12.38953",="-0.005067659",="10130770",="10131386",="24.06602",="24.0808",="0",PacketEnd
="2025-09-30 오전 10:04:34",="63",="1.87078",="12.3967",="-0.004991146",="10130770",="10131387",="24.06608",="24.08082",="0",PacketEnd
="2025-09-30 오전 10:04:34",="66",="1.870538",="12.41102",="-0.005269799",="10130770",="10131388",="24.06611",="24.08085",="0",PacketEnd
="2025-09-30 오전 10:04:35",="69",="1.86986",="12.41102",="-0.008754753",="10130770",="10131388",="24.06618",="24.08087",="0",PacketEnd
="2025-09-30 오전 10:04:35",="72",="1.869181",="12.41817",="-0.01524235",="10130770",="10131389",="24.06622",="24.08092",="0",PacketEnd
="2025-09-30 오전 10:04:35",="75",="1.8685",="12.42532",="-0.02420807",="10130770",="10131390",="24.06628",="24.08094",="0",PacketEnd
="2025-09-30 오전 10:04:35",="78",="1.868036",="12.43246",="-0.03434066",="10130770",="10131391",="24.06633",="24.08099",="0",PacketEnd
="2025-09-30 오전 10:04:35",="81",="1.868011",="12.43246",="-0.03956684",="10130770",="10131391",="24.06642",="24.08101",="0",PacketEnd
="2025-09-30 오전 10:04:35",="84",="1.867985",="12.43246",="-0.0400525",="10130770",="10131391",="24.06647",="24.08106",="0",PacketEnd
="2025-09-30 오전 10:04:35",="87",="1.867961",="12.43246",="-0.03668775",="10130770",="10131391",="24.06655",="24.08107",="0",PacketEnd
="2025-09-30 오전 10:04:35",="96",="1.867905",="12.44674",="-0.02094756",="10130769",="10131391",="24.06669",="24.08115",="0",PacketEnd
="2025-09-30 오전 10:04:35",="99",="1.867888",="12.44674",="-0.01737612",="10130769",="10131391",="24.06677",="24.08117",="0",PacketEnd
="2025-09-30 오전 10:04:35",="102",="1.867869",="12.44674",="-0.0144622",="10130769",="10131391",="24.06681",="24.08123",="0",PacketEnd
="2025-09-30 오전 10:04:35",="105",="1.867845",="12.44674",="-0.01212093",="10130769",="10131391",="24.06689",="24.08126",="0",PacketEnd
="2025-09-30 오전 10:04:35",="108",="1.867816",="12.44674",="-0.01028841",="10130769",="10131391",="24.06694",="24.08132",="0",PacketEnd
="2025-09-30 오전 10:04:35",="111",="1.867345",="12.46099",="-0.0102051",="10130769",="10131392",="24.06704",="24.08135",="0",PacketEnd
="2025-09-30 오전 10:04:35",="114",="1.866651",="12.46099",="-0.01400861",="10130769",="10131392",="24.06709",="24.08142",="0",PacketEnd
="2025-09-30 오전 10:04:35",="117",="1.865958",="12.46099",="-0.0209307",="10130769",="10131392",="24.06717",="24.08145",="0",PacketEnd
="2025-09-30 오전 10:04:35",="120",="1.865266",="12.44674",="-0.03034459",="10130770",="10131392",="24.06721",="24.0815",="0",PacketEnd
="2025-09-30 오전 10:04:35",="123",="1.865016",="12.44674",="-0.0391083",="10130770",="10131392",="24.06728",="24.08152",="0",PacketEnd
="2025-09-30 오전 10:04:35",="126",="1.864989",="12.44674",="-0.04238065",="10130770",="10131392",="24.06731",="24.08157",="0",PacketEnd
="2025-09-30 오전 10:04:35",="129",="1.864963",="12.44674",="-0.04120073",="10130770",="10131392",="24.06737",="24.08159",="0",PacketEnd
="2025-09-30 오전 10:04:35",="132",="1.864938",="12.44674",="-0.03641766",="10130770",="10131392",="24.0674",="24.08165",="0",PacketEnd
="2025-09-30 오전 10:04:35",="135",="1.864911",="12.44674",="-0.03006096",="10130770",="10131392",="24.06746",="24.08168",="0",PacketEnd
="2025-09-30 오전 10:04:35",="138",="1.86488",="12.45387",="-0.0249321",="10130770",="10131393",="24.0675",="24.08175",="0",PacketEnd
="2025-09-30 오전 10:04:35",="147",="1.864778",="12.4396",="-0.0149477",="10130772",="10131393",="24.0677",="24.08187",="0",PacketEnd
="2025-09-30 오전 10:04:35",="150",="1.864749",="12.4396",="-0.01284543",="10130772",="10131393",="24.06772",="24.08191",="0",PacketEnd
="2025-09-30 오전 10:04:35",="153",="1.864724",="12.41817",="-0.01111351",="10130774",="10131393",="24.06779",="24.08192",="0",PacketEnd
="2025-09-30 오전 10:04:35",="156",="1.864704",="12.41102",="-0.009637293",="10130775",="10131393",="24.06782",="24.08195",="0",PacketEnd
="2025-09-30 오전 10:04:35",="159",="1.864684",="12.41102",="-0.008355939",="10130775",="10131393",="24.06787",="24.08198",="0",PacketEnd
="2025-09-30 오전 10:04:35",="162",="1.864663",="12.41817",="-0.007264877",="10130775",="10131394",="24.0679",="24.08204",="0",PacketEnd
="2025-09-30 오전 10:04:35",="165",="1.864637",="12.41817",="-0.006368659",="10130775",="10131394",="24.06796",="24.08207",="0",PacketEnd
="2025-09-30 오전 10:04:35",="168",="1.864605",="12.41817",="-0.005692817",="10130775",="10131394",="24.06799",="24.08215",="0",PacketEnd
="2025-09-30 오전 10:04:36",="171",="1.864571",="12.41817",="-0.00522819",="10130775",="10131394",="24.06806",="24.08218",="0",PacketEnd
="2025-09-30 오전 10:04:36",="174",="1.864533",="12.41817",="-0.004943301",="10130775",="10131394",="24.0681",="24.08225",="0",PacketEnd
="2025-09-30 오전 10:04:36",="177",="1.864497",="12.41817",="-0.00478632",="10130775",="10131394",="24.06815",="24.08228",="0",PacketEnd
="2025-09-30 오전 10:04:36",="180",="1.864243",="12.43246",="-0.00513776",="10130775",="10131395",="24.06818",="24.08234",="0",PacketEnd
="2025-09-30 오전 10:04:36",="183",="1.863551",="12.43246",="-0.008810508",="10130775",="10131395",="24.06824",="24.08236",="0",PacketEnd
="2025-09-30 오전 10:04:36",="186",="1.862861",="12.43246",="-0.01552897",="10130775",="10131395",="24.06827",="24.08242",="0",PacketEnd
="2025-09-30 오전 10:04:36",="189",="1.862171",="12.43246",="-0.0247053",="10130775",="10131395",="24.06832",="24.08245",="0",PacketEnd
="2025-09-30 오전 10:04:36",="192",="1.861699",="12.42532",="-0.03499031",="10130776",="10131395",="24.06834",="24.08253",="0",PacketEnd
="2025-09-30 오전 10:04:36",="201",="1.861574",="12.42532",="-0.03767926",="10130776",="10131395",="24.06848",="24.08272",="0",PacketEnd
="2025-09-30 오전 10:04:36",="204",="1.861523",="12.42532",="-0.0318437",="10130776",="10131395",="24.06851",="24.08282",="0",PacketEnd
="2025-09-30 오전 10:04:36",="207",="1.861473",="12.42532",="-0.02682173",="10130776",="10131395",="24.06857",="24.08286",="0",PacketEnd
="2025-09-30 오전 10:04:36",="210",="1.861426",="12.42532",="-0.02280164",="10130776",="10131395",="24.06859",="24.08293",="0",PacketEnd
="2025-09-30 오전 10:04:36",="213",="1.861384",="12.41102",="-0.01954323",="10130777",="10131395",="24.06864",="24.08295",="0",PacketEnd
="2025-09-30 오전 10:04:36",="216",="1.861346",="12.41102",="-0.01684629",="10130777",="10131395",="24.06866",="24.08302",="0",PacketEnd
="2025-09-30 오전 10:04:36",="219",="1.86131",="12.41102",="-0.01458656",="10130777",="10131395",="24.0687",="24.08306",="0",PacketEnd
="2025-09-30 오전 10:04:36",="222",="1.861274",="12.41102",="-0.01268969",="10130777",="10131395",="24.06872",="24.08314",="0",PacketEnd
="2025-09-30 오전 10:04:36",="225",="1.861236",="12.41102",="-0.01111604",="10130777",="10131395",="24.06876",="24.08318",="0",PacketEnd
="2025-09-30 오전 10:04:36",="228",="1.861196",="12.41102",="-0.009849454",="10130777",="10131395",="24.06878",="24.08326",="0",PacketEnd
="2025-09-30 오전 10:04:36",="231",="1.861154",="12.41102",="-0.008851408",="10130777",="10131395",="24.06883",="24.0833",="0",PacketEnd
="2025-09-30 오전 10:04:36",="234",="1.861112",="12.41102",="-0.008083082",="10130777",="10131395",="24.06886",="24.08337",="0",PacketEnd
="2025-09-30 오전 10:04:36",="237",="1.861071",="12.41102",="-0.007482181",="10130777",="10131395",="24.0689",="24.0834",="0",PacketEnd
="2025-09-30 오전 10:04:36",="240",="1.861035",="12.42532",="-0.006982758",="10130776",="10131395",="24.06891",="24.08346",="0",PacketEnd
="2025-09-30 오전 10:04:36",="243",="1.861003",="12.42532",="-0.006535519",="10130776",="10131395",="24.06894",="24.08347",="0",PacketEnd
="2025-09-30 오전 10:04:36",="252",="1.860928",="12.42532",="-0.005197482",="10130776",="10131395",="24.06899",="24.0836",="0",PacketEnd
="2025-09-30 오전 10:04:36",="255",="1.8609",="12.42532",="-0.004795379",="10130776",="10131395",="24.06901",="24.08364",="0",PacketEnd
="2025-09-30 오전 10:04:36",="2",="1.860866",="12.42532",="-0.004496328",="10130776",="10131395",="24.06902",="24.08372",="0",PacketEnd
="2025-09-30 오전 10:04:36",="5",="1.860828",="12.42532",="-0.004317053",="10130776",="10131395",="24.06905",="24.08376",="0",PacketEnd
="2025-09-30 오전 10:04:36",="8",="1.860787",="12.42532",="-0.004266758",="10130776",="10131395",="24.06907",="24.08384",="0",PacketEnd
="2025-09-30 오전 10:04:36",="11",="1.860747",="12.42532",="-0.00430904",="10130776",="10131395",="24.0691",="24.08387",="0",PacketEnd
="2025-09-30 오전 10:04:37",="14",="1.86071",="12.42532",="-0.00437506",="10130776",="10131395",="24.06912",="24.08393",="0",PacketEnd
="2025-09-30 오전 10:04:37",="17",="1.860674",="12.42532",="-0.004431141",="10130776",="10131395",="24.06916",="24.08396",="0",PacketEnd
="2025-09-30 오전 10:04:37",="20",="1.86064",="12.42532",="-0.004441732",="10130776",="10131395",="24.06918",="24.08404",="0",PacketEnd
="2025-09-30 오전 10:04:37",="23",="1.860604",="12.42532",="-0.004421624",="10130776",="10131395",="24.06922",="24.08408",="0",PacketEnd
="2025-09-30 오전 10:04:37",="26",="1.860565",="12.42532",="-0.004402132",="10130776",="10131395",="24.06924",="24.08416",="0",PacketEnd
="2025-09-30 오전 10:04:37",="29",="1.860523",="12.42532",="-0.004411189",="10130776",="10131395",="24.06928",="24.08421",="0",PacketEnd
="2025-09-30 오전 10:04:37",="32",="1.860478",="12.42532",="-0.004474703",="10130776",="10131395",="24.0693",="24.0843",="0",PacketEnd
="2025-09-30 오전 10:04:37",="35",="1.860432",="12.42532",="-0.004587331",="10130776",="10131395",="24.06937",="24.08434",="0",PacketEnd
="2025-09-30 오전 10:04:37",="38",="1.860384",="12.42532",="-0.004737307",="10130776",="10131395",="24.0694",="24.08443",="0",PacketEnd
="2025-09-30 오전 10:04:37",="41",="1.860339",="12.42532",="-0.0048875",="10130776",="10131395",="24.06946",="24.08446",="0",PacketEnd
="2025-09-30 오전 10:04:37",="50",="1.860229",="12.41102",="-0.004995651",="10130777",="10131395",="24.06958",="24.08459",="0",PacketEnd
="2025-09-30 오전 10:04:37",="53",="1.860201",="12.41102",="-0.004859333",="10130777",="10131395",="24.06965",="24.08462",="0",PacketEnd
="2025-09-30 오전 10:04:37",="56",="1.860177",="12.41817",="-0.004651398",="10130777",="10131396",="24.06968",="24.08467",="0",PacketEnd
="2025-09-30 오전 10:04:37",="59",="1.860152",="12.41817",="-0.004404696",="10130777",="10131396",="24.06974",="24.08469",="0",PacketEnd
="2025-09-30 오전 10:04:37",="62",="1.860125",="12.41817",="-0.004169725",="10130777",="10131396",="24.06976",="24.08475",="0",PacketEnd
="2025-09-30 오전 10:04:37",="65",="1.860097",="12.41817",="-0.003970036",="10130777",="10131396",="24.06984",="24.08478",="0",PacketEnd
="2025-09-30 오전 10:04:37",="68",="1.860069",="12.41817",="-0.003824193",="10130777",="10131396",="24.06988",="24.08482",="0",PacketEnd
="2025-09-30 오전 10:04:37",="71",="1.860044",="12.41102",="-0.003715223",="10130778",="10131396",="24.06995",="24.08483",="0",PacketEnd
="2025-09-30 오전 10:04:37",="74",="1.860023",="12.41102",="-0.00360313",="10130778",="10131396",="24.06997",="24.08486",="0",PacketEnd
="2025-09-30 오전 10:04:37",="77",="1.860005",="12.41102",="-0.003463664",="10130778",="10131396",="24.07003",="24.08487",="0",PacketEnd
="2025-09-30 오전 10:04:37",="80",="1.859991",="12.41102",="-0.003272989",="10130778",="10131396",="24.07006",="24.0849",="0",PacketEnd
="2025-09-30 오전 10:04:37",="83",="1.859977",="12.41102",="-0.003048679",="10130778",="10131396",="24.07012",="24.08492",="0",PacketEnd
="2025-09-30 오전 10:04:37",="86",="1.859962",="12.41102",="-0.002820662",="10130778",="10131396",="24.07015",="24.08495",="0",PacketEnd
="2025-09-30 오전 10:04:37",="89",="1.859946",="12.41102",="-0.0026187",="10130778",="10131396",="24.07019",="24.08497",="0",PacketEnd
="2025-09-30 오전 10:04:37",="92",="1.859707",="12.42532",="-0.002926767",="10130778",="10131398",="24.07022",="24.08501",="0",PacketEnd
="2025-09-30 오전 10:04:37",="101",="1.85634",="12.41102",="-0.03119535",="10130782",="10131400",="24.0704",="24.08509",="0",PacketEnd
="2025-09-30 오전 10:04:37",="104",="1.855218",="12.41102",="-0.05018049",="10130782",="10131400",="24.07043",="24.08513",="0",PacketEnd
="2025-09-30 오전 10:04:37",="107",="1.854538",="12.41102",="-0.06632448",="10130782",="10131400",="24.07048",="24.08514",="0",PacketEnd
="2025-09-30 오전 10:04:37",="110",="1.854518",="12.41102",="-0.07420267",="10130782",="10131400",="24.07051",="24.08519",="0",PacketEnd
="2025-09-30 오전 10:04:37",="113",="1.854498",="12.41102",="-0.07299209",="10130782",="10131400",="24.07057",="24.08521",="0",PacketEnd
="2025-09-30 오전 10:04:38",="116",="1.854477",="12.41102",="-0.06488816",="10130782",="10131400",="24.07059",="24.08525",="0",PacketEnd
="2025-09-30 오전 10:04:38",="119",="1.854453",="12.41102",="-0.05416576",="10130782",="10131400",="24.07065",="24.08528",="0",PacketEnd
="2025-09-30 오전 10:04:38",="122",="1.854427",="12.41102",="-0.04432271",="10130782",="10131400",="24.07067",="24.08534",="0",PacketEnd
="2025-09-30 오전 10:04:38",="125",="1.854399",="12.41102",="-0.03640259",="10130782",="10131400",="24.07076",="24.08537",="0",PacketEnd
="2025-09-30 오전 10:04:38",="128",="1.854369",="12.41102",="-0.03004739",="10130782",="10131400",="24.0708",="24.08543",="0",PacketEnd
="2025-09-30 오전 10:04:38",="131",="1.854339",="12.41102",="-0.02494895",="10130782",="10131400",="24.07087",="24.08545",="0",PacketEnd
="2025-09-30 오전 10:04:38",="134",="1.854311",="12.41102",="-0.02084531",="10130782",="10131400",="24.07091",="24.0855",="0",PacketEnd
="2025-09-30 오전 10:04:38",="137",="1.854285",="12.41102",="-0.01752086",="10130782",="10131400",="24.07098",="24.08552",="0",PacketEnd
="2025-09-30 오전 10:04:38",="140",="1.854262",="12.41102",="-0.01479955",="10130782",="10131400",="24.07102",="24.08556",="0",PacketEnd
="2025-09-30 오전 10:04:38",="143",="1.854238",="12.41102",="-0.01256353",="10130782",="10131400",="24.07108",="24.08559",="0",PacketEnd
="2025-09-30 오전 10:04:38",="146",="1.854215",="12.41102",="-0.01072345",="10130782",="10131400",="24.0711",="24.08563",="0",PacketEnd
="2025-09-30 오전 10:04:38",="155",="1.85414",="12.41102",="-0.007028177",="10130782",="10131400",="24.07124",="24.08573",="0",PacketEnd
="2025-09-30 오전 10:04:38",="158",="1.854114",="12.41102",="-0.006256913",="10130782",="10131400",="24.07128",="24.08578",="0",PacketEnd
="2025-09-30 오전 10:04:38",="161",="1.854089",="12.41102",="-0.005645771",="10130782",="10131400",="24.07134",="24.0858",="0",PacketEnd
="2025-09-30 오전 10:04:38",="164",="1.854067",="12.41102",="-0.005141791",="10130782",="10131400",="24.07137",="24.08583",="0",PacketEnd
="2025-09-30 오전 10:04:38",="167",="1.854046",="12.41102",="-0.004709799",="10130782",="10131400",="24.07143",="24.08585",="0",PacketEnd
="2025-09-30 오전 10:04:38",="170",="1.854027",="12.41102",="-0.004322826",="10130782",="10131400",="24.07146",="24.08589",="0",PacketEnd
="2025-09-30 오전 10:04:38",="173",="1.854006",="12.40386",="-0.003978184",="10130783",="10131400",="24.07152",="24.08591",="0",PacketEnd
="2025-09-30 오전 10:04:38",="176",="1.853985",="12.40386",="-0.003684646",="10130783",="10131400",="24.07154",="24.08595",="0",PacketEnd
="2025-09-30 오전 10:04:38",="179",="1.853962",="12.40386",="-0.003454455",="10130783",="10131400",="24.07159",="24.08599",="0",PacketEnd
="2025-09-30 오전 10:04:38",="182",="1.853934",="12.40386",="-0.003307647",="10130783",="10131400",="24.07161",="24.08605",="0",PacketEnd
="2025-09-30 오전 10:04:38",="185",="1.853905",="12.40386",="-0.0032402",="10130783",="10131400",="24.07168",="24.08608",="0",PacketEnd
="2025-09-30 오전 10:04:38",="188",="1.853872",="12.38953",="-0.003249918",="10130784",="10131400",="24.07172",="24.08615",="0",PacketEnd
="2025-09-30 오전 10:04:38",="191",="1.85384",="12.38953",="-0.003317943",="10130784",="10131400",="24.07178",="24.08617",="0",PacketEnd
="2025-09-30 오전 10:04:38",="194",="1.853808",="12.38953",="-0.003401319",="10130784",="10131400",="24.07181",="24.08623",="0",PacketEnd
="2025-09-30 오전 10:04:38",="197",="1.853777",="12.38953",="-0.003481782",="10130784",="10131400",="24.07187",="24.08626",="0",PacketEnd
="2025-09-30 오전 10:04:38",="206",="1.853682",="12.38953",="-0.00360701",="10130784",="10131400",="24.07199",="24.08643",="0",PacketEnd
="2025-09-30 오전 10:04:38",="209",="1.853646",="12.38953",="-0.003659354",="10130784",="10131400",="24.07205",="24.08647",="0",PacketEnd
="2025-09-30 오전 10:04:38",="212",="1.853604",="12.38953",="-0.003757538",="10130784",="10131400",="24.07207",="24.08657",="0",PacketEnd
="2025-09-30 오전 10:04:39",="215",="1.85356",="12.38953",="-0.003909304",="10130784",="10131400",="24.07215",="24.08662",="0",PacketEnd
="2025-09-30 오전 10:04:39",="218",="1.853511",="12.38953",="-0.004113281",="10130784",="10131400",="24.07218",="24.0867",="0",PacketEnd
="2025-09-30 오전 10:04:39",="221",="1.853463",="12.38953",="-0.004354699",="10130784",="10131400",="24.07225",="24.08674",="0",PacketEnd
="2025-09-30 오전 10:04:39",="224",="1.85342",="12.38953",="-0.004579016",="10130784",="10131400",="24.07228",="24.08681",="0",PacketEnd
="2025-09-30 오전 10:04:39",="227",="1.853378",="12.38953",="-0.004753022",="10130784",="10131400",="24.07234",="24.08685",="0",PacketEnd
="2025-09-30 오전 10:04:39",="230",="1.853341",="12.38953",="-0.004841674",="10130784",="10131400",="24.07236",="24.08691",="0",PacketEnd
="2025-09-30 오전 10:04:39",="233",="1.853306",="12.38236",="-0.00484203",="10130785",="10131400",="24.07243",="24.08694",="0",PacketEnd
="2025-09-30 오전 10:04:39",="236",="1.853273",="12.38236",="-0.00477983",="10130785",="10131400",="24.07246",="24.087",="0",PacketEnd
="2025-09-30 오전 10:04:39",="239",="1.85324",="12.37519",="-0.004672104",="10130786",="10131400",="24.07251",="24.08704",="0",PacketEnd
="2025-09-30 오전 10:04:39",="242",="1.853206",="12.36801",="-0.004558388",="10130787",="10131400",="24.07254",="24.08711",="0",PacketEnd
="2025-09-30 오전 10:04:39",="245",="1.853171",="12.35363",="-0.004458849",="10130788",="10131400",="24.07261",="24.08714",="0",PacketEnd
="2025-09-30 오전 10:04:39",="248",="1.853135",="12.36082",="-0.004387719",="10130788",="10131401",="24.07265",="24.0872",="0",PacketEnd
="2025-09-30 오전 10:04:39",="251",="1.853102",="12.35363",="-0.004342991",="10130789",="10131401",="24.07272",="24.08723",="0",PacketEnd
="2025-09-30 오전 10:04:39",="4",="1.853015",="12.35363",="-0.004138013",="10130789",="10131401",="24.07283",="24.08734",="0",PacketEnd
="2025-09-30 오전 10:04:39",="7",="1.852991",="12.35363",="-0.004001951",="10130789",="10131401",="24.0729",="24.08736",="0",PacketEnd
="2025-09-30 오전 10:04:39",="10",="1.85297",="12.35363",="-0.003832122",="10130789",="10131401",="24.07293",="24.08739",="0",PacketEnd
="2025-09-30 오전 10:04:39",="13",="1.85295",="12.35363",="-0.003633629",="10130789",="10131401",="24.07298",="24.08743",="0",PacketEnd
="2025-09-30 오전 10:04:39",="16",="1.852927",="12.35363",="-0.003445707",="10130789",="10131401",="24.07301",="24.08749",="0",PacketEnd
="2025-09-30 오전 10:04:39",="19",="1.852901",="12.35363",="-0.00329675",="10130789",="10131401",="24.07308",="24.08751",="0",PacketEnd
="2025-09-30 오전 10:04:39",="22",="1.85287",="12.35363",="-0.003221493",="10130789",="10131401",="24.07311",="24.08757",="0",PacketEnd
="2025-09-30 오전 10:04:39",="25",="1.85284",="12.35363",="-0.00322151",="10130789",="10131401",="24.07318",="24.08759",="0",PacketEnd
="2025-09-30 오전 10:04:39",="28",="1.852812",="12.37519",="-0.003256368",="10130789",="10131403",="24.07321",="24.08764",="0",PacketEnd
="2025-09-30 오전 10:04:39",="31",="1.852346",="12.38236",="-0.004614304",="10130789",="10131404",="24.07327",="24.08766",="0",PacketEnd
="2025-09-30 오전 10:04:39",="34",="1.851662",="12.38236",="-0.009469398",="10130789",="10131404",="24.0733",="24.08771",="0",PacketEnd
="2025-09-30 오전 10:04:39",="37",="1.850977",="12.38236",="-0.01714806",="10130789",="10131404",="24.07337",="24.08773",="0",PacketEnd
="2025-09-30 오전 10:04:39",="40",="1.850292",="12.38236",="-0.02712323",="10130789",="10131404",="24.0734",="24.08778",="0",PacketEnd
="2025-09-30 오전 10:04:39",="43",="1.850047",="12.38236",="-0.03632416",="10130789",="10131404",="24.07345",="24.08781",="0",PacketEnd
="2025-09-30 오전 10:04:39",="46",="1.850679",="12.36801",="-0.03741107",="10130789",="10131402",="24.07348",="24.08787",="0",PacketEnd
="2025-09-30 오전 10:04:39",="49",="1.85131",="12.35363",="-0.03074418",="10130789",="10131401",="24.07354",="24.0879",="0",PacketEnd
="2025-09-30 오전 10:04:40",="58",="1.852539",="12.34644",="0.0109467",="10130789",="10131400",="24.07364",="24.08804",="0",PacketEnd
="2025-09-30 오전 10:04:40",="61",="1.85251",="12.34644",="0.01693506",="10130789",="10131400",="24.07368",="24.08807",="0",PacketEnd
="2025-09-30 오전 10:04:40",="64",="1.852484",="12.34644",="0.01801199",="10130789",="10131400",="24.0737",="24.0881",="0",PacketEnd
="2025-09-30 오전 10:04:40",="67",="1.852461",="12.34644",="0.01513705",="10130789",="10131400",="24.07375",="24.08812",="0",PacketEnd
="2025-09-30 오전 10:04:40",="70",="1.852439",="12.34644",="0.01165244",="10130789",="10131400",="24.07378",="24.08815",="0",PacketEnd
="2025-09-30 오전 10:04:40",="73",="1.852418",="12.34644",="0.008879925",="10130789",="10131400",="24.07382",="24.08819",="0",PacketEnd
="2025-09-30 오전 10:04:40",="76",="1.852393",="12.34644",="0.006661032",="10130789",="10131400",="24.07384",="24.08825",="0",PacketEnd
="2025-09-30 오전 10:04:40",="79",="1.852365",="12.34644",="0.004850197",="10130789",="10131400",="24.0739",="24.08828",="0",PacketEnd
="2025-09-30 오전 10:04:40",="82",="1.852334",="12.34644",="0.003343524",="10130789",="10131400",="24.07393",="24.08834",="0",PacketEnd
="2025-09-30 오전 10:04:40",="85",="1.852303",="12.34644",="0.00206632",="10130789",="10131400",="24.07398",="24.08836",="0",PacketEnd
="2025-09-30 오전 10:04:40",="88",="1.852274",="12.34644",="0.000994222",="10130789",="10131400",="24.07401",="24.08842",="0",PacketEnd
="2025-09-30 오전 10:04:40",="91",="1.852246",="12.34644",="0.0001194831",="10130789",="10131400",="24.07406",="24.08844",="0",PacketEnd
="2025-09-30 오전 10:04:40",="94",="1.85222",="12.34644",="-0.0005696864",="10130789",="10131400",="24.07409",="24.08848",="0",PacketEnd
="2025-09-30 오전 10:04:40",="97",="1.852195",="12.34644",="-0.001093647",="10130789",="10131400",="24.07415",="24.08851",="0",PacketEnd
="2025-09-30 오전 10:04:40",="100",="1.852171",="12.34644",="-0.001486004",="10130789",="10131400",="24.07418",="24.08855",="0",PacketEnd
